2026-07-01 17:57:00,912 | INFO     | app.storage.db | Database engine initialized: sqlite:////Users/pentagon/Downloads/PENTAGON5_ANGEL_NIFTY_TRIPLE_ENGINE_8056/data/pentagon5.db
2026-07-01 17:57:00,913 | INFO     | app.storage.db | Database tables initialized
2026-07-01 17:57:00,913 | INFO     | app.main | PENTAGON5 ANGEL NIFTY TRIPLE ENGINE v0.1.0 starting on port 8056
2026-07-01 18:57:25,125 | INFO     | app.storage.db | Database engine initialized: sqlite:////Users/pentagon/Downloads/PENTAGON5_ANGEL_NIFTY_TRIPLE_ENGINE_8056/data/pentagon5.db
2026-07-01 18:57:25,126 | INFO     | app.storage.db | Database tables initialized
2026-07-01 18:57:25,126 | WARNING  | app.core.startup_validator | Startup validation failed
2026-07-01 18:57:25,126 | WARNING  | app.main | Startup check failed: env_file — .env missing — copy from .env.example
2026-07-01 18:57:25,127 | WARNING  | app.main | Startup check failed: angel_credentials — Angel credentials incomplete
2026-07-01 18:57:25,127 | INFO     | app.main | PENTAGON5 ANGEL NIFTY TRIPLE ENGINE v0.1.0 starting on port 8056
2026-07-01 18:57:26,128 | INFO     | app.scheduler.session_scheduler | Scheduler reset for new trading day 2026-07-01
2026-07-01 18:57:26,129 | INFO     | app.scheduler.session_scheduler | Session phase: OFFLINE -> SHUTDOWN
2026-07-01 18:57:26,129 | INFO     | app.scheduler.session_scheduler | Scheduler event fired: startup_prep (OFFLINE)
2026-07-01 18:57:26,129 | INFO     | app.scheduler.session_scheduler | Scheduler event fired: pre_market_analysis (PRE_MARKET)
2026-07-01 18:57:26,129 | INFO     | app.scheduler.session_scheduler | Scheduler event fired: bias_lock (BIAS_LOCKED)
2026-07-01 18:57:26,129 | INFO     | app.scheduler.session_scheduler | Scheduler event fired: trading_start (TRADING)
2026-07-01 18:57:26,130 | INFO     | app.scheduler.session_scheduler | Scheduler event fired: stop_new_entries (NO_NEW_ENTRIES)
2026-07-01 18:57:26,130 | INFO     | app.scheduler.session_scheduler | Scheduler event fired: force_exit_all (FORCE_EXIT)
2026-07-01 18:57:26,130 | INFO     | app.scheduler.session_scheduler | Scheduler event fired: next_day_prewatch (PREWATCH)
2026-07-01 18:57:26,130 | INFO     | app.scheduler.session_scheduler | Scheduler event fired: graceful_shutdown_prep (SHUTDOWN)
2026-07-01 18:57:26,130 | INFO     | app.core.shutdown_manager | Graceful shutdown initiated
2026-07-01 18:57:26,155 | INFO     | app.reports.excel_report | Excel report saved: /Users/pentagon/Downloads/PENTAGON5_ANGEL_NIFTY_TRIPLE_ENGINE_8056/reports/daily_report_20260701.xlsx
2026-07-01 18:57:26,155 | INFO     | app.broker.websocket_manager | WebSocket disconnected
2026-07-01 18:57:26,155 | INFO     | app.broker.angel_manager | Angel session disconnected
2026-07-01 18:57:26,155 | INFO     | app.broker.session_service | Broker session disconnected
2026-07-01 18:57:26,155 | INFO     | app.core.shutdown_manager | Shutdown preparation complete
2026-07-01 18:57:27,128 | INFO     | app.engines.decisions | 18:57:27 | Normal Engine | BLOCKED | Phase IDLE
  - Broker not connected
  Confidence 0.0% | Opportunity 0.0 | Entry Quality 0.0 | Momentum 0.0 | Liquidity 0.0 | Health 0.0
2026-07-01 18:57:27,129 | INFO     | app.engines.decisions | 18:57:27 | Wick Engine | WAIT | Phase IDLE
  - Broker not connected
  Confidence 0.0% | Opportunity 0.0 | Entry Quality 0.0 | Momentum 0.0 | Liquidity 50.0 | Health 50.0
2026-07-01 18:57:27,129 | INFO     | app.engines.decisions | 18:57:27 | Ultra Engine | WAIT | Phase IDLE
  - Broker not connected
  Confidence 0.0% | Opportunity 0.0 | Entry Quality 0.0 | Momentum 0.0 | Liquidity 0.0 | Health 0.0
2026-07-01 18:57:29,131 | INFO     | app.engines.decisions | 18:57:29 | Normal Engine | BLOCKED | Phase IDLE
  - Broker not connected
  Confidence 0.0% | Opportunity 0.0 | Entry Quality 0.0 | Momentum 0.0 | Liquidity 0.0 | Health 0.0
2026-07-01 18:57:29,132 | INFO     | app.engines.decisions | 18:57:29 | Wick Engine | WAIT | Phase IDLE
  - Broker not connected
  Confidence 0.0% | Opportunity 0.0 | Entry Quality 0.0 | Momentum 0.0 | Liquidity 50.0 | Health 50.0
2026-07-01 18:57:29,132 | INFO     | app.engines.decisions | 18:57:29 | Ultra Engine | WAIT | Phase IDLE
  - Broker not connected
  Confidence 0.0% | Opportunity 0.0 | Entry Quality 0.0 | Momentum 0.0 | Liquidity 0.0 | Health 0.0
2026-07-01 18:57:31,133 | INFO     | app.engines.decisions | 18:57:31 | Normal Engine | BLOCKED | Phase IDLE
  - Broker not connected
  Confidence 0.0% | Opportunity 0.0 | Entry Quality 0.0 | Momentum 0.0 | Liquidity 0.0 | Health 0.0
2026-07-01 18:57:31,133 | INFO     | app.engines.decisions | 18:57:31 | Wick Engine | WAIT | Phase IDLE
  - Broker not connected
  Confidence 0.0% | Opportunity 0.0 | Entry Quality 0.0 | Momentum 0.0 | Liquidity 50.0 | Health 50.0
2026-07-01 18:57:31,134 | INFO     | app.engines.decisions | 18:57:31 | Ultra Engine | WAIT | Phase IDLE
  - Broker not connected
  Confidence 0.0% | Opportunity 0.0 | Entry Quality 0.0 | Momentum 0.0 | Liquidity 0.0 | Health 0.0
2026-07-01 18:57:33,136 | INFO     | app.engines.decisions | 18:57:33 | Normal Engine | BLOCKED | Phase IDLE
  - Broker not connected
  Confidence 0.0% | Opportunity 0.0 | Entry Quality 0.0 | Momentum 0.0 | Liquidity 0.0 | Health 0.0
2026-07-01 18:57:33,138 | INFO     | app.engines.decisions | 18:57:33 | Wick Engine | WAIT | Phase IDLE
  - Broker not connected
  Confidence 0.0% | Opportunity 0.0 | Entry Quality 0.0 | Momentum 0.0 | Liquidity 50.0 | Health 50.0
2026-07-01 18:57:33,138 | INFO     | app.engines.decisions | 18:57:33 | Ultra Engine | WAIT | Phase IDLE
  - Broker not connected
  Confidence 0.0% | Opportunity 0.0 | Entry Quality 0.0 | Momentum 0.0 | Liquidity 0.0 | Health 0.0
2026-07-01 18:57:35,150 | INFO     | app.engines.decisions | 18:57:35 | Normal Engine | BLOCKED | Phase IDLE
  - Broker not connected
  Confidence 0.0% | Opportunity 0.0 | Entry Quality 0.0 | Momentum 0.0 | Liquidity 0.0 | Health 0.0
2026-07-01 18:57:35,155 | INFO     | app.engines.decisions | 18:57:35 | Wick Engine | WAIT | Phase IDLE
  - Broker not connected
  Confidence 0.0% | Opportunity 0.0 | Entry Quality 0.0 | Momentum 0.0 | Liquidity 50.0 | Health 50.0
2026-07-01 18:57:35,155 | INFO     | app.engines.decisions | 18:57:35 | Ultra Engine | WAIT | Phase IDLE
  - Broker not connected
  Confidence 0.0% | Opportunity 0.0 | Entry Quality 0.0 | Momentum 0.0 | Liquidity 0.0 | Health 0.0
2026-07-01 18:57:37,157 | INFO     | app.engines.decisions | 18:57:37 | Normal Engine | BLOCKED | Phase IDLE
  - Broker not connected
  Confidence 0.0% | Opportunity 0.0 | Entry Quality 0.0 | Momentum 0.0 | Liquidity 0.0 | Health 0.0
2026-07-01 18:57:37,158 | INFO     | app.engines.decisions | 18:57:37 | Wick Engine | WAIT | Phase IDLE
  - Broker not connected
  Confidence 0.0% | Opportunity 0.0 | Entry Quality 0.0 | Momentum 0.0 | Liquidity 50.0 | Health 50.0
2026-07-01 18:57:37,159 | INFO     | app.engines.decisions | 18:57:37 | Ultra Engine | WAIT | Phase IDLE
  - Broker not connected
  Confidence 0.0% | Opportunity 0.0 | Entry Quality 0.0 | Momentum 0.0 | Liquidity 0.0 | Health 0.0
2026-07-01 18:57:39,161 | INFO     | app.engines.decisions | 18:57:39 | Normal Engine | BLOCKED | Phase IDLE
  - Broker not connected
  Confidence 0.0% | Opportunity 0.0 | Entry Quality 0.0 | Momentum 0.0 | Liquidity 0.0 | Health 0.0
2026-07-01 18:57:39,162 | INFO     | app.engines.decisions | 18:57:39 | Wick Engine | WAIT | Phase IDLE
  - Broker not connected
  Confidence 0.0% | Opportunity 0.0 | Entry Quality 0.0 | Momentum 0.0 | Liquidity 50.0 | Health 50.0
2026-07-01 18:57:39,162 | INFO     | app.engines.decisions | 18:57:39 | Ultra Engine | WAIT | Phase IDLE
  - Broker not connected
  Confidence 0.0% | Opportunity 0.0 | Entry Quality 0.0 | Momentum 0.0 | Liquidity 0.0 | Health 0.0
2026-07-01 18:57:41,165 | INFO     | app.engines.decisions | 18:57:41 | Normal Engine | BLOCKED | Phase IDLE
  - Broker not connected
  Confidence 0.0% | Opportunity 0.0 | Entry Quality 0.0 | Momentum 0.0 | Liquidity 0.0 | Health 0.0
2026-07-01 18:57:41,165 | INFO     | app.engines.decisions | 18:57:41 | Wick Engine | WAIT | Phase IDLE
  - Broker not connected
  Confidence 0.0% | Opportunity 0.0 | Entry Quality 0.0 | Momentum 0.0 | Liquidity 50.0 | Health 50.0
2026-07-01 18:57:41,166 | INFO     | app.engines.decisions | 18:57:41 | Ultra Engine | WAIT | Phase IDLE
  - Broker not connected
  Confidence 0.0% | Opportunity 0.0 | Entry Quality 0.0 | Momentum 0.0 | Liquidity 0.0 | Health 0.0
2026-07-01 18:57:43,168 | INFO     | app.engines.decisions | 18:57:43 | Normal Engine | BLOCKED | Phase IDLE
  - Broker not connected
  Confidence 0.0% | Opportunity 0.0 | Entry Quality 0.0 | Momentum 0.0 | Liquidity 0.0 | Health 0.0
2026-07-01 18:57:43,168 | INFO     | app.engines.decisions | 18:57:43 | Wick Engine | WAIT | Phase IDLE
  - Broker not connected
  Confidence 0.0% | Opportunity 0.0 | Entry Quality 0.0 | Momentum 0.0 | Liquidity 50.0 | Health 50.0
2026-07-01 18:57:43,168 | INFO     | app.engines.decisions | 18:57:43 | Ultra Engine | WAIT | Phase IDLE
  - Broker not connected
  Confidence 0.0% | Opportunity 0.0 | Entry Quality 0.0 | Momentum 0.0 | Liquidity 0.0 | Health 0.0
2026-07-01 18:57:45,172 | INFO     | app.engines.decisions | 18:57:45 | Normal Engine | BLOCKED | Phase IDLE
  - Broker not connected
  Confidence 0.0% | Opportunity 0.0 | Entry Quality 0.0 | Momentum 0.0 | Liquidity 0.0 | Health 0.0
2026-07-01 18:57:45,181 | INFO     | app.engines.decisions | 18:57:45 | Wick Engine | WAIT | Phase IDLE
  - Broker not connected
  Confidence 0.0% | Opportunity 0.0 | Entry Quality 0.0 | Momentum 0.0 | Liquidity 50.0 | Health 50.0
2026-07-01 18:57:45,182 | INFO     | app.engines.decisions | 18:57:45 | Ultra Engine | WAIT | Phase IDLE
  - Broker not connected
  Confidence 0.0% | Opportunity 0.0 | Entry Quality 0.0 | Momentum 0.0 | Liquidity 0.0 | Health 0.0
2026-07-01 18:57:47,184 | INFO     | app.engines.decisions | 18:57:47 | Normal Engine | BLOCKED | Phase IDLE
  - Broker not connected
  Confidence 0.0% | Opportunity 0.0 | Entry Quality 0.0 | Momentum 0.0 | Liquidity 0.0 | Health 0.0
2026-07-01 18:57:47,184 | INFO     | app.engines.decisions | 18:57:47 | Wick Engine | WAIT | Phase IDLE
  - Broker not connected
  Confidence 0.0% | Opportunity 0.0 | Entry Quality 0.0 | Momentum 0.0 | Liquidity 50.0 | Health 50.0
2026-07-01 18:57:47,185 | INFO     | app.engines.decisions | 18:57:47 | Ultra Engine | WAIT | Phase IDLE
  - Broker not connected
  Confidence 0.0% | Opportunity 0.0 | Entry Quality 0.0 | Momentum 0.0 | Liquidity 0.0 | Health 0.0
2026-07-01 18:57:49,187 | INFO     | app.engines.decisions | 18:57:49 | Normal Engine | BLOCKED | Phase IDLE
  - Broker not connected
  Confidence 0.0% | Opportunity 0.0 | Entry Quality 0.0 | Momentum 0.0 | Liquidity 0.0 | Health 0.0
2026-07-01 18:57:49,187 | INFO     | app.engines.decisions | 18:57:49 | Wick Engine | WAIT | Phase IDLE
  - Broker not connected
  Confidence 0.0% | Opportunity 0.0 | Entry Quality 0.0 | Momentum 0.0 | Liquidity 50.0 | Health 50.0
2026-07-01 18:57:49,187 | INFO     | app.engines.decisions | 18:57:49 | Ultra Engine | WAIT | Phase IDLE
  - Broker not connected
  Confidence 0.0% | Opportunity 0.0 | Entry Quality 0.0 | Momentum 0.0 | Liquidity 0.0 | Health 0.0
2026-07-01 18:57:51,189 | INFO     | app.engines.decisions | 18:57:51 | Normal Engine | BLOCKED | Phase IDLE
  - Broker not connected
  Confidence 0.0% | Opportunity 0.0 | Entry Quality 0.0 | Momentum 0.0 | Liquidity 0.0 | Health 0.0
2026-07-01 18:57:51,189 | INFO     | app.engines.decisions | 18:57:51 | Wick Engine | WAIT | Phase IDLE
  - Broker not connected
  Confidence 0.0% | Opportunity 0.0 | Entry Quality 0.0 | Momentum 0.0 | Liquidity 50.0 | Health 50.0
2026-07-01 18:57:51,189 | INFO     | app.engines.decisions | 18:57:51 | Ultra Engine | WAIT | Phase IDLE
  - Broker not connected
  Confidence 0.0% | Opportunity 0.0 | Entry Quality 0.0 | Momentum 0.0 | Liquidity 0.0 | Health 0.0
2026-07-01 18:57:53,190 | INFO     | app.engines.decisions | 18:57:53 | Normal Engine | BLOCKED | Phase IDLE
  - Broker not connected
  Confidence 0.0% | Opportunity 0.0 | Entry Quality 0.0 | Momentum 0.0 | Liquidity 0.0 | Health 0.0
2026-07-01 18:57:53,190 | INFO     | app.engines.decisions | 18:57:53 | Wick Engine | WAIT | Phase IDLE
  - Broker not connected
  Confidence 0.0% | Opportunity 0.0 | Entry Quality 0.0 | Momentum 0.0 | Liquidity 50.0 | Health 50.0
2026-07-01 18:57:53,190 | INFO     | app.engines.decisions | 18:57:53 | Ultra Engine | WAIT | Phase IDLE
  - Broker not connected
  Confidence 0.0% | Opportunity 0.0 | Entry Quality 0.0 | Momentum 0.0 | Liquidity 0.0 | Health 0.0
2026-07-01 18:57:55,192 | INFO     | app.engines.decisions | 18:57:55 | Normal Engine | BLOCKED | Phase IDLE
  - Broker not connected
  Confidence 0.0% | Opportunity 0.0 | Entry Quality 0.0 | Momentum 0.0 | Liquidity 0.0 | Health 0.0
2026-07-01 18:57:55,192 | INFO     | app.engines.decisions | 18:57:55 | Wick Engine | WAIT | Phase IDLE
  - Broker not connected
  Confidence 0.0% | Opportunity 0.0 | Entry Quality 0.0 | Momentum 0.0 | Liquidity 50.0 | Health 50.0
2026-07-01 18:57:55,193 | INFO     | app.engines.decisions | 18:57:55 | Ultra Engine | WAIT | Phase IDLE
  - Broker not connected
  Confidence 0.0% | Opportunity 0.0 | Entry Quality 0.0 | Momentum 0.0 | Liquidity 0.0 | Health 0.0
2026-07-01 18:57:57,194 | INFO     | app.engines.decisions | 18:57:57 | Normal Engine | BLOCKED | Phase IDLE
  - Broker not connected
  Confidence 0.0% | Opportunity 0.0 | Entry Quality 0.0 | Momentum 0.0 | Liquidity 0.0 | Health 0.0
2026-07-01 18:57:57,195 | INFO     | app.engines.decisions | 18:57:57 | Wick Engine | WAIT | Phase IDLE
  - Broker not connected
  Confidence 0.0% | Opportunity 0.0 | Entry Quality 0.0 | Momentum 0.0 | Liquidity 50.0 | Health 50.0
2026-07-01 18:57:57,195 | INFO     | app.engines.decisions | 18:57:57 | Ultra Engine | WAIT | Phase IDLE
  - Broker not connected
  Confidence 0.0% | Opportunity 0.0 | Entry Quality 0.0 | Momentum 0.0 | Liquidity 0.0 | Health 0.0
2026-07-01 18:57:59,196 | INFO     | app.engines.decisions | 18:57:59 | Normal Engine | BLOCKED | Phase IDLE
  - Broker not connected
  Confidence 0.0% | Opportunity 0.0 | Entry Quality 0.0 | Momentum 0.0 | Liquidity 0.0 | Health 0.0
2026-07-01 18:57:59,196 | INFO     | app.engines.decisions | 18:57:59 | Wick Engine | WAIT | Phase IDLE
  - Broker not connected
  Confidence 0.0% | Opportunity 0.0 | Entry Quality 0.0 | Momentum 0.0 | Liquidity 50.0 | Health 50.0
2026-07-01 18:57:59,197 | INFO     | app.engines.decisions | 18:57:59 | Ultra Engine | WAIT | Phase IDLE
  - Broker not connected
  Confidence 0.0% | Opportunity 0.0 | Entry Quality 0.0 | Momentum 0.0 | Liquidity 0.0 | Health 0.0
2026-07-01 18:58:01,198 | INFO     | app.engines.decisions | 18:58:01 | Normal Engine | BLOCKED | Phase IDLE
  - Broker not connected
  Confidence 0.0% | Opportunity 0.0 | Entry Quality 0.0 | Momentum 0.0 | Liquidity 0.0 | Health 0.0
2026-07-01 18:58:01,199 | INFO     | app.engines.decisions | 18:58:01 | Wick Engine | WAIT | Phase IDLE
  - Broker not connected
  Confidence 0.0% | Opportunity 0.0 | Entry Quality 0.0 | Momentum 0.0 | Liquidity 50.0 | Health 50.0
2026-07-01 18:58:01,199 | INFO     | app.engines.decisions | 18:58:01 | Ultra Engine | WAIT | Phase IDLE
  - Broker not connected
  Confidence 0.0% | Opportunity 0.0 | Entry Quality 0.0 | Momentum 0.0 | Liquidity 0.0 | Health 0.0
2026-07-01 18:58:03,200 | INFO     | app.engines.decisions | 18:58:03 | Normal Engine | BLOCKED | Phase IDLE
  - Broker not connected
  Confidence 0.0% | Opportunity 0.0 | Entry Quality 0.0 | Momentum 0.0 | Liquidity 0.0 | Health 0.0
2026-07-01 18:58:03,201 | INFO     | app.engines.decisions | 18:58:03 | Wick Engine | WAIT | Phase IDLE
  - Broker not connected
  Confidence 0.0% | Opportunity 0.0 | Entry Quality 0.0 | Momentum 0.0 | Liquidity 50.0 | Health 50.0
2026-07-01 18:58:03,201 | INFO     | app.engines.decisions | 18:58:03 | Ultra Engine | WAIT | Phase IDLE
  - Broker not connected
  Confidence 0.0% | Opportunity 0.0 | Entry Quality 0.0 | Momentum 0.0 | Liquidity 0.0 | Health 0.0
2026-07-01 18:58:05,202 | INFO     | app.engines.decisions | 18:58:05 | Normal Engine | BLOCKED | Phase IDLE
  - Broker not connected
  Confidence 0.0% | Opportunity 0.0 | Entry Quality 0.0 | Momentum 0.0 | Liquidity 0.0 | Health 0.0
2026-07-01 18:58:05,203 | INFO     | app.engines.decisions | 18:58:05 | Wick Engine | WAIT | Phase IDLE
  - Broker not connected
  Confidence 0.0% | Opportunity 0.0 | Entry Quality 0.0 | Momentum 0.0 | Liquidity 50.0 | Health 50.0
2026-07-01 18:58:05,203 | INFO     | app.engines.decisions | 18:58:05 | Ultra Engine | WAIT | Phase IDLE
  - Broker not connected
  Confidence 0.0% | Opportunity 0.0 | Entry Quality 0.0 | Momentum 0.0 | Liquidity 0.0 | Health 0.0
2026-07-01 18:58:07,206 | INFO     | app.engines.decisions | 18:58:07 | Normal Engine | BLOCKED | Phase IDLE
  - Broker not connected
  Confidence 0.0% | Opportunity 0.0 | Entry Quality 0.0 | Momentum 0.0 | Liquidity 0.0 | Health 0.0
2026-07-01 18:58:07,206 | INFO     | app.engines.decisions | 18:58:07 | Wick Engine | WAIT | Phase IDLE
  - Broker not connected
  Confidence 0.0% | Opportunity 0.0 | Entry Quality 0.0 | Momentum 0.0 | Liquidity 50.0 | Health 50.0
2026-07-01 18:58:07,206 | INFO     | app.engines.decisions | 18:58:07 | Ultra Engine | WAIT | Phase IDLE
  - Broker not connected
  Confidence 0.0% | Opportunity 0.0 | Entry Quality 0.0 | Momentum 0.0 | Liquidity 0.0 | Health 0.0
2026-07-01 18:58:09,208 | INFO     | app.engines.decisions | 18:58:09 | Normal Engine | BLOCKED | Phase IDLE
  - Broker not connected
  Confidence 0.0% | Opportunity 0.0 | Entry Quality 0.0 | Momentum 0.0 | Liquidity 0.0 | Health 0.0
2026-07-01 18:58:09,209 | INFO     | app.engines.decisions | 18:58:09 | Wick Engine | WAIT | Phase IDLE
  - Broker not connected
  Confidence 0.0% | Opportunity 0.0 | Entry Quality 0.0 | Momentum 0.0 | Liquidity 50.0 | Health 50.0
2026-07-01 18:58:09,209 | INFO     | app.engines.decisions | 18:58:09 | Ultra Engine | WAIT | Phase IDLE
  - Broker not connected
  Confidence 0.0% | Opportunity 0.0 | Entry Quality 0.0 | Momentum 0.0 | Liquidity 0.0 | Health 0.0
2026-07-01 18:58:11,214 | INFO     | app.engines.decisions | 18:58:11 | Normal Engine | BLOCKED | Phase IDLE
  - Broker not connected
  Confidence 0.0% | Opportunity 0.0 | Entry Quality 0.0 | Momentum 0.0 | Liquidity 0.0 | Health 0.0
2026-07-01 18:58:11,216 | INFO     | app.engines.decisions | 18:58:11 | Wick Engine | WAIT | Phase IDLE
  - Broker not connected
  Confidence 0.0% | Opportunity 0.0 | Entry Quality 0.0 | Momentum 0.0 | Liquidity 50.0 | Health 50.0
2026-07-01 18:58:11,216 | INFO     | app.engines.decisions | 18:58:11 | Ultra Engine | WAIT | Phase IDLE
  - Broker not connected
  Confidence 0.0% | Opportunity 0.0 | Entry Quality 0.0 | Momentum 0.0 | Liquidity 0.0 | Health 0.0
2026-07-01 18:58:13,218 | INFO     | app.engines.decisions | 18:58:13 | Normal Engine | BLOCKED | Phase IDLE
  - Broker not connected
  Confidence 0.0% | Opportunity 0.0 | Entry Quality 0.0 | Momentum 0.0 | Liquidity 0.0 | Health 0.0
2026-07-01 18:58:13,219 | INFO     | app.engines.decisions | 18:58:13 | Wick Engine | WAIT | Phase IDLE
  - Broker not connected
  Confidence 0.0% | Opportunity 0.0 | Entry Quality 0.0 | Momentum 0.0 | Liquidity 50.0 | Health 50.0
2026-07-01 18:58:13,219 | INFO     | app.engines.decisions | 18:58:13 | Ultra Engine | WAIT | Phase IDLE
  - Broker not connected
  Confidence 0.0% | Opportunity 0.0 | Entry Quality 0.0 | Momentum 0.0 | Liquidity 0.0 | Health 0.0
2026-07-01 18:58:15,220 | INFO     | app.engines.decisions | 18:58:15 | Normal Engine | BLOCKED | Phase IDLE
  - Broker not connected
  Confidence 0.0% | Opportunity 0.0 | Entry Quality 0.0 | Momentum 0.0 | Liquidity 0.0 | Health 0.0
2026-07-01 18:58:15,221 | INFO     | app.engines.decisions | 18:58:15 | Wick Engine | WAIT | Phase IDLE
  - Broker not connected
  Confidence 0.0% | Opportunity 0.0 | Entry Quality 0.0 | Momentum 0.0 | Liquidity 50.0 | Health 50.0
2026-07-01 18:58:15,221 | INFO     | app.engines.decisions | 18:58:15 | Ultra Engine | WAIT | Phase IDLE
  - Broker not connected
  Confidence 0.0% | Opportunity 0.0 | Entry Quality 0.0 | Momentum 0.0 | Liquidity 0.0 | Health 0.0
2026-07-01 18:58:17,223 | INFO     | app.engines.decisions | 18:58:17 | Normal Engine | BLOCKED | Phase IDLE
  - Broker not connected
  Confidence 0.0% | Opportunity 0.0 | Entry Quality 0.0 | Momentum 0.0 | Liquidity 0.0 | Health 0.0
2026-07-01 18:58:17,224 | INFO     | app.engines.decisions | 18:58:17 | Wick Engine | WAIT | Phase IDLE
  - Broker not connected
  Confidence 0.0% | Opportunity 0.0 | Entry Quality 0.0 | Momentum 0.0 | Liquidity 50.0 | Health 50.0
2026-07-01 18:58:17,224 | INFO     | app.engines.decisions | 18:58:17 | Ultra Engine | WAIT | Phase IDLE
  - Broker not connected
  Confidence 0.0% | Opportunity 0.0 | Entry Quality 0.0 | Momentum 0.0 | Liquidity 0.0 | Health 0.0
2026-07-01 18:58:19,225 | INFO     | app.engines.decisions | 18:58:19 | Normal Engine | BLOCKED | Phase IDLE
  - Broker not connected
  Confidence 0.0% | Opportunity 0.0 | Entry Quality 0.0 | Momentum 0.0 | Liquidity 0.0 | Health 0.0
2026-07-01 18:58:19,226 | INFO     | app.engines.decisions | 18:58:19 | Wick Engine | WAIT | Phase IDLE
  - Broker not connected
  Confidence 0.0% | Opportunity 0.0 | Entry Quality 0.0 | Momentum 0.0 | Liquidity 50.0 | Health 50.0
2026-07-01 18:58:19,226 | INFO     | app.engines.decisions | 18:58:19 | Ultra Engine | WAIT | Phase IDLE
  - Broker not connected
  Confidence 0.0% | Opportunity 0.0 | Entry Quality 0.0 | Momentum 0.0 | Liquidity 0.0 | Health 0.0
2026-07-01 18:58:21,227 | INFO     | app.engines.decisions | 18:58:21 | Normal Engine | BLOCKED | Phase IDLE
  - Broker not connected
  Confidence 0.0% | Opportunity 0.0 | Entry Quality 0.0 | Momentum 0.0 | Liquidity 0.0 | Health 0.0
2026-07-01 18:58:21,228 | INFO     | app.engines.decisions | 18:58:21 | Wick Engine | WAIT | Phase IDLE
  - Broker not connected
  Confidence 0.0% | Opportunity 0.0 | Entry Quality 0.0 | Momentum 0.0 | Liquidity 50.0 | Health 50.0
2026-07-01 18:58:21,229 | INFO     | app.engines.decisions | 18:58:21 | Ultra Engine | WAIT | Phase IDLE
  - Broker not connected
  Confidence 0.0% | Opportunity 0.0 | Entry Quality 0.0 | Momentum 0.0 | Liquidity 0.0 | Health 0.0
2026-07-01 18:58:23,230 | INFO     | app.engines.decisions | 18:58:23 | Normal Engine | BLOCKED | Phase IDLE
  - Broker not connected
  Confidence 0.0% | Opportunity 0.0 | Entry Quality 0.0 | Momentum 0.0 | Liquidity 0.0 | Health 0.0
2026-07-01 18:58:23,231 | INFO     | app.engines.decisions | 18:58:23 | Wick Engine | WAIT | Phase IDLE
  - Broker not connected
  Confidence 0.0% | Opportunity 0.0 | Entry Quality 0.0 | Momentum 0.0 | Liquidity 50.0 | Health 50.0
2026-07-01 18:58:23,231 | INFO     | app.engines.decisions | 18:58:23 | Ultra Engine | WAIT | Phase IDLE
  - Broker not connected
  Confidence 0.0% | Opportunity 0.0 | Entry Quality 0.0 | Momentum 0.0 | Liquidity 0.0 | Health 0.0
2026-07-01 18:58:25,233 | INFO     | app.engines.decisions | 18:58:25 | Normal Engine | BLOCKED | Phase IDLE
  - Broker not connected
  Confidence 0.0% | Opportunity 0.0 | Entry Quality 0.0 | Momentum 0.0 | Liquidity 0.0 | Health 0.0
2026-07-01 18:58:25,233 | INFO     | app.engines.decisions | 18:58:25 | Wick Engine | WAIT | Phase IDLE
  - Broker not connected
  Confidence 0.0% | Opportunity 0.0 | Entry Quality 0.0 | Momentum 0.0 | Liquidity 50.0 | Health 50.0
2026-07-01 18:58:25,233 | INFO     | app.engines.decisions | 18:58:25 | Ultra Engine | WAIT | Phase IDLE
  - Broker not connected
  Confidence 0.0% | Opportunity 0.0 | Entry Quality 0.0 | Momentum 0.0 | Liquidity 0.0 | Health 0.0
2026-07-01 18:58:27,236 | INFO     | app.engines.decisions | 18:58:27 | Normal Engine | BLOCKED | Phase IDLE
  - Broker not connected
  Confidence 0.0% | Opportunity 0.0 | Entry Quality 0.0 | Momentum 0.0 | Liquidity 0.0 | Health 0.0
2026-07-01 18:58:27,236 | INFO     | app.engines.decisions | 18:58:27 | Wick Engine | WAIT | Phase IDLE
  - Broker not connected
  Confidence 0.0% | Opportunity 0.0 | Entry Quality 0.0 | Momentum 0.0 | Liquidity 50.0 | Health 50.0
2026-07-01 18:58:27,236 | INFO     | app.engines.decisions | 18:58:27 | Ultra Engine | WAIT | Phase IDLE
  - Broker not connected
  Confidence 0.0% | Opportunity 0.0 | Entry Quality 0.0 | Momentum 0.0 | Liquidity 0.0 | Health 0.0
2026-07-01 18:58:29,238 | INFO     | app.engines.decisions | 18:58:29 | Normal Engine | BLOCKED | Phase IDLE
  - Broker not connected
  Confidence 0.0% | Opportunity 0.0 | Entry Quality 0.0 | Momentum 0.0 | Liquidity 0.0 | Health 0.0
2026-07-01 18:58:29,239 | INFO     | app.engines.decisions | 18:58:29 | Wick Engine | WAIT | Phase IDLE
  - Broker not connected
  Confidence 0.0% | Opportunity 0.0 | Entry Quality 0.0 | Momentum 0.0 | Liquidity 50.0 | Health 50.0
2026-07-01 18:58:29,239 | INFO     | app.engines.decisions | 18:58:29 | Ultra Engine | WAIT | Phase IDLE
  - Broker not connected
  Confidence 0.0% | Opportunity 0.0 | Entry Quality 0.0 | Momentum 0.0 | Liquidity 0.0 | Health 0.0
2026-07-01 18:58:31,241 | INFO     | app.engines.decisions | 18:58:31 | Normal Engine | BLOCKED | Phase IDLE
  - Broker not connected
  Confidence 0.0% | Opportunity 0.0 | Entry Quality 0.0 | Momentum 0.0 | Liquidity 0.0 | Health 0.0
2026-07-01 18:58:31,241 | INFO     | app.engines.decisions | 18:58:31 | Wick Engine | WAIT | Phase IDLE
  - Broker not connected
  Confidence 0.0% | Opportunity 0.0 | Entry Quality 0.0 | Momentum 0.0 | Liquidity 50.0 | Health 50.0
2026-07-01 18:58:31,241 | INFO     | app.engines.decisions | 18:58:31 | Ultra Engine | WAIT | Phase IDLE
  - Broker not connected
  Confidence 0.0% | Opportunity 0.0 | Entry Quality 0.0 | Momentum 0.0 | Liquidity 0.0 | Health 0.0
2026-07-01 18:58:33,242 | INFO     | app.engines.decisions | 18:58:33 | Normal Engine | BLOCKED | Phase IDLE
  - Broker not connected
  Confidence 0.0% | Opportunity 0.0 | Entry Quality 0.0 | Momentum 0.0 | Liquidity 0.0 | Health 0.0
2026-07-01 18:58:33,243 | INFO     | app.engines.decisions | 18:58:33 | Wick Engine | WAIT | Phase IDLE
  - Broker not connected
  Confidence 0.0% | Opportunity 0.0 | Entry Quality 0.0 | Momentum 0.0 | Liquidity 50.0 | Health 50.0
2026-07-01 18:58:33,243 | INFO     | app.engines.decisions | 18:58:33 | Ultra Engine | WAIT | Phase IDLE
  - Broker not connected
  Confidence 0.0% | Opportunity 0.0 | Entry Quality 0.0 | Momentum 0.0 | Liquidity 0.0 | Health 0.0
2026-07-01 18:58:35,244 | INFO     | app.engines.decisions | 18:58:35 | Normal Engine | BLOCKED | Phase IDLE
  - Broker not connected
  Confidence 0.0% | Opportunity 0.0 | Entry Quality 0.0 | Momentum 0.0 | Liquidity 0.0 | Health 0.0
2026-07-01 18:58:35,245 | INFO     | app.engines.decisions | 18:58:35 | Wick Engine | WAIT | Phase IDLE
  - Broker not connected
  Confidence 0.0% | Opportunity 0.0 | Entry Quality 0.0 | Momentum 0.0 | Liquidity 50.0 | Health 50.0
2026-07-01 18:58:35,245 | INFO     | app.engines.decisions | 18:58:35 | Ultra Engine | WAIT | Phase IDLE
  - Broker not connected
  Confidence 0.0% | Opportunity 0.0 | Entry Quality 0.0 | Momentum 0.0 | Liquidity 0.0 | Health 0.0
2026-07-01 18:58:37,247 | INFO     | app.engines.decisions | 18:58:37 | Normal Engine | BLOCKED | Phase IDLE
  - Broker not connected
  Confidence 0.0% | Opportunity 0.0 | Entry Quality 0.0 | Momentum 0.0 | Liquidity 0.0 | Health 0.0
2026-07-01 18:58:37,247 | INFO     | app.engines.decisions | 18:58:37 | Wick Engine | WAIT | Phase IDLE
  - Broker not connected
  Confidence 0.0% | Opportunity 0.0 | Entry Quality 0.0 | Momentum 0.0 | Liquidity 50.0 | Health 50.0
2026-07-01 18:58:37,248 | INFO     | app.engines.decisions | 18:58:37 | Ultra Engine | WAIT | Phase IDLE
  - Broker not connected
  Confidence 0.0% | Opportunity 0.0 | Entry Quality 0.0 | Momentum 0.0 | Liquidity 0.0 | Health 0.0
2026-07-01 18:58:39,250 | INFO     | app.engines.decisions | 18:58:39 | Normal Engine | BLOCKED | Phase IDLE
  - Broker not connected
  Confidence 0.0% | Opportunity 0.0 | Entry Quality 0.0 | Momentum 0.0 | Liquidity 0.0 | Health 0.0
2026-07-01 18:58:39,250 | INFO     | app.engines.decisions | 18:58:39 | Wick Engine | WAIT | Phase IDLE
  - Broker not connected
  Confidence 0.0% | Opportunity 0.0 | Entry Quality 0.0 | Momentum 0.0 | Liquidity 50.0 | Health 50.0
2026-07-01 18:58:39,250 | INFO     | app.engines.decisions | 18:58:39 | Ultra Engine | WAIT | Phase IDLE
  - Broker not connected
  Confidence 0.0% | Opportunity 0.0 | Entry Quality 0.0 | Momentum 0.0 | Liquidity 0.0 | Health 0.0
2026-07-01 18:58:41,252 | INFO     | app.engines.decisions | 18:58:41 | Normal Engine | BLOCKED | Phase IDLE
  - Broker not connected
  Confidence 0.0% | Opportunity 0.0 | Entry Quality 0.0 | Momentum 0.0 | Liquidity 0.0 | Health 0.0
2026-07-01 18:58:41,253 | INFO     | app.engines.decisions | 18:58:41 | Wick Engine | WAIT | Phase IDLE
  - Broker not connected
  Confidence 0.0% | Opportunity 0.0 | Entry Quality 0.0 | Momentum 0.0 | Liquidity 50.0 | Health 50.0
2026-07-01 18:58:41,253 | INFO     | app.engines.decisions | 18:58:41 | Ultra Engine | WAIT | Phase IDLE
  - Broker not connected
  Confidence 0.0% | Opportunity 0.0 | Entry Quality 0.0 | Momentum 0.0 | Liquidity 0.0 | Health 0.0
2026-07-01 18:58:43,254 | INFO     | app.engines.decisions | 18:58:43 | Normal Engine | BLOCKED | Phase IDLE
  - Broker not connected
  Confidence 0.0% | Opportunity 0.0 | Entry Quality 0.0 | Momentum 0.0 | Liquidity 0.0 | Health 0.0
2026-07-01 18:58:43,255 | INFO     | app.engines.decisions | 18:58:43 | Wick Engine | WAIT | Phase IDLE
  - Broker not connected
  Confidence 0.0% | Opportunity 0.0 | Entry Quality 0.0 | Momentum 0.0 | Liquidity 50.0 | Health 50.0
2026-07-01 18:58:43,255 | INFO     | app.engines.decisions | 18:58:43 | Ultra Engine | WAIT | Phase IDLE
  - Broker not connected
  Confidence 0.0% | Opportunity 0.0 | Entry Quality 0.0 | Momentum 0.0 | Liquidity 0.0 | Health 0.0
2026-07-01 18:58:45,256 | INFO     | app.engines.decisions | 18:58:45 | Normal Engine | BLOCKED | Phase IDLE
  - Broker not connected
  Confidence 0.0% | Opportunity 0.0 | Entry Quality 0.0 | Momentum 0.0 | Liquidity 0.0 | Health 0.0
2026-07-01 18:58:45,257 | INFO     | app.engines.decisions | 18:58:45 | Wick Engine | WAIT | Phase IDLE
  - Broker not connected
  Confidence 0.0% | Opportunity 0.0 | Entry Quality 0.0 | Momentum 0.0 | Liquidity 50.0 | Health 50.0
2026-07-01 18:58:45,257 | INFO     | app.engines.decisions | 18:58:45 | Ultra Engine | WAIT | Phase IDLE
  - Broker not connected
  Confidence 0.0% | Opportunity 0.0 | Entry Quality 0.0 | Momentum 0.0 | Liquidity 0.0 | Health 0.0
2026-07-01 18:58:47,258 | INFO     | app.engines.decisions | 18:58:47 | Normal Engine | BLOCKED | Phase IDLE
  - Broker not connected
  Confidence 0.0% | Opportunity 0.0 | Entry Quality 0.0 | Momentum 0.0 | Liquidity 0.0 | Health 0.0
2026-07-01 18:58:47,259 | INFO     | app.engines.decisions | 18:58:47 | Wick Engine | WAIT | Phase IDLE
  - Broker not connected
  Confidence 0.0% | Opportunity 0.0 | Entry Quality 0.0 | Momentum 0.0 | Liquidity 50.0 | Health 50.0
2026-07-01 18:58:47,259 | INFO     | app.engines.decisions | 18:58:47 | Ultra Engine | WAIT | Phase IDLE
  - Broker not connected
  Confidence 0.0% | Opportunity 0.0 | Entry Quality 0.0 | Momentum 0.0 | Liquidity 0.0 | Health 0.0
2026-07-01 18:58:49,260 | INFO     | app.engines.decisions | 18:58:49 | Normal Engine | BLOCKED | Phase IDLE
  - Broker not connected
  Confidence 0.0% | Opportunity 0.0 | Entry Quality 0.0 | Momentum 0.0 | Liquidity 0.0 | Health 0.0
2026-07-01 18:58:49,260 | INFO     | app.engines.decisions | 18:58:49 | Wick Engine | WAIT | Phase IDLE
  - Broker not connected
  Confidence 0.0% | Opportunity 0.0 | Entry Quality 0.0 | Momentum 0.0 | Liquidity 50.0 | Health 50.0
2026-07-01 18:58:49,260 | INFO     | app.engines.decisions | 18:58:49 | Ultra Engine | WAIT | Phase IDLE
  - Broker not connected
  Confidence 0.0% | Opportunity 0.0 | Entry Quality 0.0 | Momentum 0.0 | Liquidity 0.0 | Health 0.0
2026-07-01 18:58:51,260 | INFO     | app.engines.decisions | 18:58:51 | Normal Engine | BLOCKED | Phase IDLE
  - Broker not connected
  Confidence 0.0% | Opportunity 0.0 | Entry Quality 0.0 | Momentum 0.0 | Liquidity 0.0 | Health 0.0
2026-07-01 18:58:51,261 | INFO     | app.engines.decisions | 18:58:51 | Wick Engine | WAIT | Phase IDLE
  - Broker not connected
  Confidence 0.0% | Opportunity 0.0 | Entry Quality 0.0 | Momentum 0.0 | Liquidity 50.0 | Health 50.0
2026-07-01 18:58:51,261 | INFO     | app.engines.decisions | 18:58:51 | Ultra Engine | WAIT | Phase IDLE
  - Broker not connected
  Confidence 0.0% | Opportunity 0.0 | Entry Quality 0.0 | Momentum 0.0 | Liquidity 0.0 | Health 0.0
2026-07-01 18:58:53,262 | INFO     | app.engines.decisions | 18:58:53 | Normal Engine | BLOCKED | Phase IDLE
  - Broker not connected
  Confidence 0.0% | Opportunity 0.0 | Entry Quality 0.0 | Momentum 0.0 | Liquidity 0.0 | Health 0.0
2026-07-01 18:58:53,263 | INFO     | app.engines.decisions | 18:58:53 | Wick Engine | WAIT | Phase IDLE
  - Broker not connected
  Confidence 0.0% | Opportunity 0.0 | Entry Quality 0.0 | Momentum 0.0 | Liquidity 50.0 | Health 50.0
2026-07-01 18:58:53,263 | INFO     | app.engines.decisions | 18:58:53 | Ultra Engine | WAIT | Phase IDLE
  - Broker not connected
  Confidence 0.0% | Opportunity 0.0 | Entry Quality 0.0 | Momentum 0.0 | Liquidity 0.0 | Health 0.0
2026-07-01 18:58:55,265 | INFO     | app.engines.decisions | 18:58:55 | Normal Engine | BLOCKED | Phase IDLE
  - Broker not connected
  Confidence 0.0% | Opportunity 0.0 | Entry Quality 0.0 | Momentum 0.0 | Liquidity 0.0 | Health 0.0
2026-07-01 18:58:55,265 | INFO     | app.engines.decisions | 18:58:55 | Wick Engine | WAIT | Phase IDLE
  - Broker not connected
  Confidence 0.0% | Opportunity 0.0 | Entry Quality 0.0 | Momentum 0.0 | Liquidity 50.0 | Health 50.0
2026-07-01 18:58:55,265 | INFO     | app.engines.decisions | 18:58:55 | Ultra Engine | WAIT | Phase IDLE
  - Broker not connected
  Confidence 0.0% | Opportunity 0.0 | Entry Quality 0.0 | Momentum 0.0 | Liquidity 0.0 | Health 0.0
2026-07-01 18:58:57,267 | INFO     | app.engines.decisions | 18:58:57 | Normal Engine | BLOCKED | Phase IDLE
  - Broker not connected
  Confidence 0.0% | Opportunity 0.0 | Entry Quality 0.0 | Momentum 0.0 | Liquidity 0.0 | Health 0.0
2026-07-01 18:58:57,267 | INFO     | app.engines.decisions | 18:58:57 | Wick Engine | WAIT | Phase IDLE
  - Broker not connected
  Confidence 0.0% | Opportunity 0.0 | Entry Quality 0.0 | Momentum 0.0 | Liquidity 50.0 | Health 50.0
2026-07-01 18:58:57,267 | INFO     | app.engines.decisions | 18:58:57 | Ultra Engine | WAIT | Phase IDLE
  - Broker not connected
  Confidence 0.0% | Opportunity 0.0 | Entry Quality 0.0 | Momentum 0.0 | Liquidity 0.0 | Health 0.0
2026-07-01 18:58:59,268 | INFO     | app.engines.decisions | 18:58:59 | Normal Engine | BLOCKED | Phase IDLE
  - Broker not connected
  Confidence 0.0% | Opportunity 0.0 | Entry Quality 0.0 | Momentum 0.0 | Liquidity 0.0 | Health 0.0
2026-07-01 18:58:59,269 | INFO     | app.engines.decisions | 18:58:59 | Wick Engine | WAIT | Phase IDLE
  - Broker not connected
  Confidence 0.0% | Opportunity 0.0 | Entry Quality 0.0 | Momentum 0.0 | Liquidity 50.0 | Health 50.0
2026-07-01 18:58:59,269 | INFO     | app.engines.decisions | 18:58:59 | Ultra Engine | WAIT | Phase IDLE
  - Broker not connected
  Confidence 0.0% | Opportunity 0.0 | Entry Quality 0.0 | Momentum 0.0 | Liquidity 0.0 | Health 0.0
2026-07-01 18:59:01,270 | INFO     | app.engines.decisions | 18:59:01 | Normal Engine | BLOCKED | Phase IDLE
  - Broker not connected
  Confidence 0.0% | Opportunity 0.0 | Entry Quality 0.0 | Momentum 0.0 | Liquidity 0.0 | Health 0.0
2026-07-01 18:59:01,271 | INFO     | app.engines.decisions | 18:59:01 | Wick Engine | WAIT | Phase IDLE
  - Broker not connected
  Confidence 0.0% | Opportunity 0.0 | Entry Quality 0.0 | Momentum 0.0 | Liquidity 50.0 | Health 50.0
2026-07-01 18:59:01,271 | INFO     | app.engines.decisions | 18:59:01 | Ultra Engine | WAIT | Phase IDLE
  - Broker not connected
  Confidence 0.0% | Opportunity 0.0 | Entry Quality 0.0 | Momentum 0.0 | Liquidity 0.0 | Health 0.0
2026-07-01 18:59:03,274 | INFO     | app.engines.decisions | 18:59:03 | Normal Engine | BLOCKED | Phase IDLE
  - Broker not connected
  Confidence 0.0% | Opportunity 0.0 | Entry Quality 0.0 | Momentum 0.0 | Liquidity 0.0 | Health 0.0
2026-07-01 18:59:03,274 | INFO     | app.engines.decisions | 18:59:03 | Wick Engine | WAIT | Phase IDLE
  - Broker not connected
  Confidence 0.0% | Opportunity 0.0 | Entry Quality 0.0 | Momentum 0.0 | Liquidity 50.0 | Health 50.0
2026-07-01 18:59:03,274 | INFO     | app.engines.decisions | 18:59:03 | Ultra Engine | WAIT | Phase IDLE
  - Broker not connected
  Confidence 0.0% | Opportunity 0.0 | Entry Quality 0.0 | Momentum 0.0 | Liquidity 0.0 | Health 0.0
2026-07-01 18:59:05,277 | INFO     | app.engines.decisions | 18:59:05 | Normal Engine | BLOCKED | Phase IDLE
  - Broker not connected
  Confidence 0.0% | Opportunity 0.0 | Entry Quality 0.0 | Momentum 0.0 | Liquidity 0.0 | Health 0.0
2026-07-01 18:59:05,277 | INFO     | app.engines.decisions | 18:59:05 | Wick Engine | WAIT | Phase IDLE
  - Broker not connected
  Confidence 0.0% | Opportunity 0.0 | Entry Quality 0.0 | Momentum 0.0 | Liquidity 50.0 | Health 50.0
2026-07-01 18:59:05,278 | INFO     | app.engines.decisions | 18:59:05 | Ultra Engine | WAIT | Phase IDLE
  - Broker not connected
  Confidence 0.0% | Opportunity 0.0 | Entry Quality 0.0 | Momentum 0.0 | Liquidity 0.0 | Health 0.0
2026-07-01 18:59:07,279 | INFO     | app.engines.decisions | 18:59:07 | Normal Engine | BLOCKED | Phase IDLE
  - Broker not connected
  Confidence 0.0% | Opportunity 0.0 | Entry Quality 0.0 | Momentum 0.0 | Liquidity 0.0 | Health 0.0
2026-07-01 18:59:07,280 | INFO     | app.engines.decisions | 18:59:07 | Wick Engine | WAIT | Phase IDLE
  - Broker not connected
  Confidence 0.0% | Opportunity 0.0 | Entry Quality 0.0 | Momentum 0.0 | Liquidity 50.0 | Health 50.0
2026-07-01 18:59:07,280 | INFO     | app.engines.decisions | 18:59:07 | Ultra Engine | WAIT | Phase IDLE
  - Broker not connected
  Confidence 0.0% | Opportunity 0.0 | Entry Quality 0.0 | Momentum 0.0 | Liquidity 0.0 | Health 0.0
2026-07-01 18:59:09,282 | INFO     | app.engines.decisions | 18:59:09 | Normal Engine | BLOCKED | Phase IDLE
  - Broker not connected
  Confidence 0.0% | Opportunity 0.0 | Entry Quality 0.0 | Momentum 0.0 | Liquidity 0.0 | Health 0.0
2026-07-01 18:59:09,282 | INFO     | app.engines.decisions | 18:59:09 | Wick Engine | WAIT | Phase IDLE
  - Broker not connected
  Confidence 0.0% | Opportunity 0.0 | Entry Quality 0.0 | Momentum 0.0 | Liquidity 50.0 | Health 50.0
2026-07-01 18:59:09,282 | INFO     | app.engines.decisions | 18:59:09 | Ultra Engine | WAIT | Phase IDLE
  - Broker not connected
  Confidence 0.0% | Opportunity 0.0 | Entry Quality 0.0 | Momentum 0.0 | Liquidity 0.0 | Health 0.0
2026-07-01 18:59:11,283 | INFO     | app.engines.decisions | 18:59:11 | Normal Engine | BLOCKED | Phase IDLE
  - Broker not connected
  Confidence 0.0% | Opportunity 0.0 | Entry Quality 0.0 | Momentum 0.0 | Liquidity 0.0 | Health 0.0
2026-07-01 18:59:11,284 | INFO     | app.engines.decisions | 18:59:11 | Wick Engine | WAIT | Phase IDLE
  - Broker not connected
  Confidence 0.0% | Opportunity 0.0 | Entry Quality 0.0 | Momentum 0.0 | Liquidity 50.0 | Health 50.0
2026-07-01 18:59:11,284 | INFO     | app.engines.decisions | 18:59:11 | Ultra Engine | WAIT | Phase IDLE
  - Broker not connected
  Confidence 0.0% | Opportunity 0.0 | Entry Quality 0.0 | Momentum 0.0 | Liquidity 0.0 | Health 0.0
2026-07-01 18:59:13,285 | INFO     | app.engines.decisions | 18:59:13 | Normal Engine | BLOCKED | Phase IDLE
  - Broker not connected
  Confidence 0.0% | Opportunity 0.0 | Entry Quality 0.0 | Momentum 0.0 | Liquidity 0.0 | Health 0.0
2026-07-01 18:59:13,286 | INFO     | app.engines.decisions | 18:59:13 | Wick Engine | WAIT | Phase IDLE
  - Broker not connected
  Confidence 0.0% | Opportunity 0.0 | Entry Quality 0.0 | Momentum 0.0 | Liquidity 50.0 | Health 50.0
2026-07-01 18:59:13,286 | INFO     | app.engines.decisions | 18:59:13 | Ultra Engine | WAIT | Phase IDLE
  - Broker not connected
  Confidence 0.0% | Opportunity 0.0 | Entry Quality 0.0 | Momentum 0.0 | Liquidity 0.0 | Health 0.0
2026-07-01 18:59:15,289 | INFO     | app.engines.decisions | 18:59:15 | Normal Engine | BLOCKED | Phase IDLE
  - Broker not connected
  Confidence 0.0% | Opportunity 0.0 | Entry Quality 0.0 | Momentum 0.0 | Liquidity 0.0 | Health 0.0
2026-07-01 18:59:15,290 | INFO     | app.engines.decisions | 18:59:15 | Wick Engine | WAIT | Phase IDLE
  - Broker not connected
  Confidence 0.0% | Opportunity 0.0 | Entry Quality 0.0 | Momentum 0.0 | Liquidity 50.0 | Health 50.0
2026-07-01 18:59:15,290 | INFO     | app.engines.decisions | 18:59:15 | Ultra Engine | WAIT | Phase IDLE
  - Broker not connected
  Confidence 0.0% | Opportunity 0.0 | Entry Quality 0.0 | Momentum 0.0 | Liquidity 0.0 | Health 0.0
2026-07-01 18:59:17,291 | INFO     | app.engines.decisions | 18:59:17 | Normal Engine | BLOCKED | Phase IDLE
  - Broker not connected
  Confidence 0.0% | Opportunity 0.0 | Entry Quality 0.0 | Momentum 0.0 | Liquidity 0.0 | Health 0.0
2026-07-01 18:59:17,292 | INFO     | app.engines.decisions | 18:59:17 | Wick Engine | WAIT | Phase IDLE
  - Broker not connected
  Confidence 0.0% | Opportunity 0.0 | Entry Quality 0.0 | Momentum 0.0 | Liquidity 50.0 | Health 50.0
2026-07-01 18:59:17,292 | INFO     | app.engines.decisions | 18:59:17 | Ultra Engine | WAIT | Phase IDLE
  - Broker not connected
  Confidence 0.0% | Opportunity 0.0 | Entry Quality 0.0 | Momentum 0.0 | Liquidity 0.0 | Health 0.0
2026-07-01 18:59:19,293 | INFO     | app.engines.decisions | 18:59:19 | Normal Engine | BLOCKED | Phase IDLE
  - Broker not connected
  Confidence 0.0% | Opportunity 0.0 | Entry Quality 0.0 | Momentum 0.0 | Liquidity 0.0 | Health 0.0
2026-07-01 18:59:19,293 | INFO     | app.engines.decisions | 18:59:19 | Wick Engine | WAIT | Phase IDLE
  - Broker not connected
  Confidence 0.0% | Opportunity 0.0 | Entry Quality 0.0 | Momentum 0.0 | Liquidity 50.0 | Health 50.0
2026-07-01 18:59:19,293 | INFO     | app.engines.decisions | 18:59:19 | Ultra Engine | WAIT | Phase IDLE
  - Broker not connected
  Confidence 0.0% | Opportunity 0.0 | Entry Quality 0.0 | Momentum 0.0 | Liquidity 0.0 | Health 0.0
2026-07-01 18:59:21,295 | INFO     | app.engines.decisions | 18:59:21 | Normal Engine | BLOCKED | Phase IDLE
  - Broker not connected
  Confidence 0.0% | Opportunity 0.0 | Entry Quality 0.0 | Momentum 0.0 | Liquidity 0.0 | Health 0.0
2026-07-01 18:59:21,296 | INFO     | app.engines.decisions | 18:59:21 | Wick Engine | WAIT | Phase IDLE
  - Broker not connected
  Confidence 0.0% | Opportunity 0.0 | Entry Quality 0.0 | Momentum 0.0 | Liquidity 50.0 | Health 50.0
2026-07-01 18:59:21,296 | INFO     | app.engines.decisions | 18:59:21 | Ultra Engine | WAIT | Phase IDLE
  - Broker not connected
  Confidence 0.0% | Opportunity 0.0 | Entry Quality 0.0 | Momentum 0.0 | Liquidity 0.0 | Health 0.0
2026-07-01 18:59:23,297 | INFO     | app.engines.decisions | 18:59:23 | Normal Engine | BLOCKED | Phase IDLE
  - Broker not connected
  Confidence 0.0% | Opportunity 0.0 | Entry Quality 0.0 | Momentum 0.0 | Liquidity 0.0 | Health 0.0
2026-07-01 18:59:23,298 | INFO     | app.engines.decisions | 18:59:23 | Wick Engine | WAIT | Phase IDLE
  - Broker not connected
  Confidence 0.0% | Opportunity 0.0 | Entry Quality 0.0 | Momentum 0.0 | Liquidity 50.0 | Health 50.0
2026-07-01 18:59:23,298 | INFO     | app.engines.decisions | 18:59:23 | Ultra Engine | WAIT | Phase IDLE
  - Broker not connected
  Confidence 0.0% | Opportunity 0.0 | Entry Quality 0.0 | Momentum 0.0 | Liquidity 0.0 | Health 0.0
2026-07-01 18:59:25,300 | INFO     | app.engines.decisions | 18:59:25 | Normal Engine | BLOCKED | Phase IDLE
  - Broker not connected
  Confidence 0.0% | Opportunity 0.0 | Entry Quality 0.0 | Momentum 0.0 | Liquidity 0.0 | Health 0.0
2026-07-01 18:59:25,300 | INFO     | app.engines.decisions | 18:59:25 | Wick Engine | WAIT | Phase IDLE
  - Broker not connected
  Confidence 0.0% | Opportunity 0.0 | Entry Quality 0.0 | Momentum 0.0 | Liquidity 50.0 | Health 50.0
2026-07-01 18:59:25,301 | INFO     | app.engines.decisions | 18:59:25 | Ultra Engine | WAIT | Phase IDLE
  - Broker not connected
  Confidence 0.0% | Opportunity 0.0 | Entry Quality 0.0 | Momentum 0.0 | Liquidity 0.0 | Health 0.0
2026-07-01 18:59:27,303 | INFO     | app.engines.decisions | 18:59:27 | Normal Engine | BLOCKED | Phase IDLE
  - Broker not connected
  Confidence 0.0% | Opportunity 0.0 | Entry Quality 0.0 | Momentum 0.0 | Liquidity 0.0 | Health 0.0
2026-07-01 18:59:27,303 | INFO     | app.engines.decisions | 18:59:27 | Wick Engine | WAIT | Phase IDLE
  - Broker not connected
  Confidence 0.0% | Opportunity 0.0 | Entry Quality 0.0 | Momentum 0.0 | Liquidity 50.0 | Health 50.0
2026-07-01 18:59:27,303 | INFO     | app.engines.decisions | 18:59:27 | Ultra Engine | WAIT | Phase IDLE
  - Broker not connected
  Confidence 0.0% | Opportunity 0.0 | Entry Quality 0.0 | Momentum 0.0 | Liquidity 0.0 | Health 0.0
2026-07-01 18:59:29,306 | INFO     | app.engines.decisions | 18:59:29 | Normal Engine | BLOCKED | Phase IDLE
  - Broker not connected
  Confidence 0.0% | Opportunity 0.0 | Entry Quality 0.0 | Momentum 0.0 | Liquidity 0.0 | Health 0.0
2026-07-01 18:59:29,306 | INFO     | app.engines.decisions | 18:59:29 | Wick Engine | WAIT | Phase IDLE
  - Broker not connected
  Confidence 0.0% | Opportunity 0.0 | Entry Quality 0.0 | Momentum 0.0 | Liquidity 50.0 | Health 50.0
2026-07-01 18:59:29,306 | INFO     | app.engines.decisions | 18:59:29 | Ultra Engine | WAIT | Phase IDLE
  - Broker not connected
  Confidence 0.0% | Opportunity 0.0 | Entry Quality 0.0 | Momentum 0.0 | Liquidity 0.0 | Health 0.0
2026-07-01 18:59:31,307 | INFO     | app.engines.decisions | 18:59:31 | Normal Engine | BLOCKED | Phase IDLE
  - Broker not connected
  Confidence 0.0% | Opportunity 0.0 | Entry Quality 0.0 | Momentum 0.0 | Liquidity 0.0 | Health 0.0
2026-07-01 18:59:31,308 | INFO     | app.engines.decisions | 18:59:31 | Wick Engine | WAIT | Phase IDLE
  - Broker not connected
  Confidence 0.0% | Opportunity 0.0 | Entry Quality 0.0 | Momentum 0.0 | Liquidity 50.0 | Health 50.0
2026-07-01 18:59:31,308 | INFO     | app.engines.decisions | 18:59:31 | Ultra Engine | WAIT | Phase IDLE
  - Broker not connected
  Confidence 0.0% | Opportunity 0.0 | Entry Quality 0.0 | Momentum 0.0 | Liquidity 0.0 | Health 0.0
2026-07-01 18:59:33,310 | INFO     | app.engines.decisions | 18:59:33 | Normal Engine | BLOCKED | Phase IDLE
  - Broker not connected
  Confidence 0.0% | Opportunity 0.0 | Entry Quality 0.0 | Momentum 0.0 | Liquidity 0.0 | Health 0.0
2026-07-01 18:59:33,311 | INFO     | app.engines.decisions | 18:59:33 | Wick Engine | WAIT | Phase IDLE
  - Broker not connected
  Confidence 0.0% | Opportunity 0.0 | Entry Quality 0.0 | Momentum 0.0 | Liquidity 50.0 | Health 50.0
2026-07-01 18:59:33,311 | INFO     | app.engines.decisions | 18:59:33 | Ultra Engine | WAIT | Phase IDLE
  - Broker not connected
  Confidence 0.0% | Opportunity 0.0 | Entry Quality 0.0 | Momentum 0.0 | Liquidity 0.0 | Health 0.0
2026-07-01 18:59:35,313 | INFO     | app.engines.decisions | 18:59:35 | Normal Engine | BLOCKED | Phase IDLE
  - Broker not connected
  Confidence 0.0% | Opportunity 0.0 | Entry Quality 0.0 | Momentum 0.0 | Liquidity 0.0 | Health 0.0
2026-07-01 18:59:35,313 | INFO     | app.engines.decisions | 18:59:35 | Wick Engine | WAIT | Phase IDLE
  - Broker not connected
  Confidence 0.0% | Opportunity 0.0 | Entry Quality 0.0 | Momentum 0.0 | Liquidity 50.0 | Health 50.0
2026-07-01 18:59:35,314 | INFO     | app.engines.decisions | 18:59:35 | Ultra Engine | WAIT | Phase IDLE
  - Broker not connected
  Confidence 0.0% | Opportunity 0.0 | Entry Quality 0.0 | Momentum 0.0 | Liquidity 0.0 | Health 0.0
2026-07-01 18:59:37,316 | INFO     | app.engines.decisions | 18:59:37 | Normal Engine | BLOCKED | Phase IDLE
  - Broker not connected
  Confidence 0.0% | Opportunity 0.0 | Entry Quality 0.0 | Momentum 0.0 | Liquidity 0.0 | Health 0.0
2026-07-01 18:59:37,316 | INFO     | app.engines.decisions | 18:59:37 | Wick Engine | WAIT | Phase IDLE
  - Broker not connected
  Confidence 0.0% | Opportunity 0.0 | Entry Quality 0.0 | Momentum 0.0 | Liquidity 50.0 | Health 50.0
2026-07-01 18:59:37,316 | INFO     | app.engines.decisions | 18:59:37 | Ultra Engine | WAIT | Phase IDLE
  - Broker not connected
  Confidence 0.0% | Opportunity 0.0 | Entry Quality 0.0 | Momentum 0.0 | Liquidity 0.0 | Health 0.0
2026-07-01 18:59:39,317 | INFO     | app.engines.decisions | 18:59:39 | Normal Engine | BLOCKED | Phase IDLE
  - Broker not connected
  Confidence 0.0% | Opportunity 0.0 | Entry Quality 0.0 | Momentum 0.0 | Liquidity 0.0 | Health 0.0
2026-07-01 18:59:39,318 | INFO     | app.engines.decisions | 18:59:39 | Wick Engine | WAIT | Phase IDLE
  - Broker not connected
  Confidence 0.0% | Opportunity 0.0 | Entry Quality 0.0 | Momentum 0.0 | Liquidity 50.0 | Health 50.0
2026-07-01 18:59:39,318 | INFO     | app.engines.decisions | 18:59:39 | Ultra Engine | WAIT | Phase IDLE
  - Broker not connected
  Confidence 0.0% | Opportunity 0.0 | Entry Quality 0.0 | Momentum 0.0 | Liquidity 0.0 | Health 0.0
2026-07-01 18:59:41,319 | INFO     | app.engines.decisions | 18:59:41 | Normal Engine | BLOCKED | Phase IDLE
  - Broker not connected
  Confidence 0.0% | Opportunity 0.0 | Entry Quality 0.0 | Momentum 0.0 | Liquidity 0.0 | Health 0.0
2026-07-01 18:59:41,320 | INFO     | app.engines.decisions | 18:59:41 | Wick Engine | WAIT | Phase IDLE
  - Broker not connected
  Confidence 0.0% | Opportunity 0.0 | Entry Quality 0.0 | Momentum 0.0 | Liquidity 50.0 | Health 50.0
2026-07-01 18:59:41,320 | INFO     | app.engines.decisions | 18:59:41 | Ultra Engine | WAIT | Phase IDLE
  - Broker not connected
  Confidence 0.0% | Opportunity 0.0 | Entry Quality 0.0 | Momentum 0.0 | Liquidity 0.0 | Health 0.0
2026-07-01 18:59:43,321 | INFO     | app.engines.decisions | 18:59:43 | Normal Engine | BLOCKED | Phase IDLE
  - Broker not connected
  Confidence 0.0% | Opportunity 0.0 | Entry Quality 0.0 | Momentum 0.0 | Liquidity 0.0 | Health 0.0
2026-07-01 18:59:43,321 | INFO     | app.engines.decisions | 18:59:43 | Wick Engine | WAIT | Phase IDLE
  - Broker not connected
  Confidence 0.0% | Opportunity 0.0 | Entry Quality 0.0 | Momentum 0.0 | Liquidity 50.0 | Health 50.0
2026-07-01 18:59:43,321 | INFO     | app.engines.decisions | 18:59:43 | Ultra Engine | WAIT | Phase IDLE
  - Broker not connected
  Confidence 0.0% | Opportunity 0.0 | Entry Quality 0.0 | Momentum 0.0 | Liquidity 0.0 | Health 0.0
2026-07-01 18:59:45,322 | INFO     | app.engines.decisions | 18:59:45 | Normal Engine | BLOCKED | Phase IDLE
  - Broker not connected
  Confidence 0.0% | Opportunity 0.0 | Entry Quality 0.0 | Momentum 0.0 | Liquidity 0.0 | Health 0.0
2026-07-01 18:59:45,323 | INFO     | app.engines.decisions | 18:59:45 | Wick Engine | WAIT | Phase IDLE
  - Broker not connected
  Confidence 0.0% | Opportunity 0.0 | Entry Quality 0.0 | Momentum 0.0 | Liquidity 50.0 | Health 50.0
2026-07-01 18:59:45,323 | INFO     | app.engines.decisions | 18:59:45 | Ultra Engine | WAIT | Phase IDLE
  - Broker not connected
  Confidence 0.0% | Opportunity 0.0 | Entry Quality 0.0 | Momentum 0.0 | Liquidity 0.0 | Health 0.0
2026-07-01 18:59:47,325 | INFO     | app.engines.decisions | 18:59:47 | Normal Engine | BLOCKED | Phase IDLE
  - Broker not connected
  Confidence 0.0% | Opportunity 0.0 | Entry Quality 0.0 | Momentum 0.0 | Liquidity 0.0 | Health 0.0
2026-07-01 18:59:47,326 | INFO     | app.engines.decisions | 18:59:47 | Wick Engine | WAIT | Phase IDLE
  - Broker not connected
  Confidence 0.0% | Opportunity 0.0 | Entry Quality 0.0 | Momentum 0.0 | Liquidity 50.0 | Health 50.0
2026-07-01 18:59:47,326 | INFO     | app.engines.decisions | 18:59:47 | Ultra Engine | WAIT | Phase IDLE
  - Broker not connected
  Confidence 0.0% | Opportunity 0.0 | Entry Quality 0.0 | Momentum 0.0 | Liquidity 0.0 | Health 0.0
2026-07-01 18:59:49,328 | INFO     | app.engines.decisions | 18:59:49 | Normal Engine | BLOCKED | Phase IDLE
  - Broker not connected
  Confidence 0.0% | Opportunity 0.0 | Entry Quality 0.0 | Momentum 0.0 | Liquidity 0.0 | Health 0.0
2026-07-01 18:59:49,328 | INFO     | app.engines.decisions | 18:59:49 | Wick Engine | WAIT | Phase IDLE
  - Broker not connected
  Confidence 0.0% | Opportunity 0.0 | Entry Quality 0.0 | Momentum 0.0 | Liquidity 50.0 | Health 50.0
2026-07-01 18:59:49,328 | INFO     | app.engines.decisions | 18:59:49 | Ultra Engine | WAIT | Phase IDLE
  - Broker not connected
  Confidence 0.0% | Opportunity 0.0 | Entry Quality 0.0 | Momentum 0.0 | Liquidity 0.0 | Health 0.0
2026-07-01 18:59:51,330 | INFO     | app.engines.decisions | 18:59:51 | Normal Engine | BLOCKED | Phase IDLE
  - Broker not connected
  Confidence 0.0% | Opportunity 0.0 | Entry Quality 0.0 | Momentum 0.0 | Liquidity 0.0 | Health 0.0
2026-07-01 18:59:51,332 | INFO     | app.engines.decisions | 18:59:51 | Wick Engine | WAIT | Phase IDLE
  - Broker not connected
  Confidence 0.0% | Opportunity 0.0 | Entry Quality 0.0 | Momentum 0.0 | Liquidity 50.0 | Health 50.0
2026-07-01 18:59:51,333 | INFO     | app.engines.decisions | 18:59:51 | Ultra Engine | WAIT | Phase IDLE
  - Broker not connected
  Confidence 0.0% | Opportunity 0.0 | Entry Quality 0.0 | Momentum 0.0 | Liquidity 0.0 | Health 0.0
2026-07-01 18:59:53,335 | INFO     | app.engines.decisions | 18:59:53 | Normal Engine | BLOCKED | Phase IDLE
  - Broker not connected
  Confidence 0.0% | Opportunity 0.0 | Entry Quality 0.0 | Momentum 0.0 | Liquidity 0.0 | Health 0.0
2026-07-01 18:59:53,335 | INFO     | app.engines.decisions | 18:59:53 | Wick Engine | WAIT | Phase IDLE
  - Broker not connected
  Confidence 0.0% | Opportunity 0.0 | Entry Quality 0.0 | Momentum 0.0 | Liquidity 50.0 | Health 50.0
2026-07-01 18:59:53,335 | INFO     | app.engines.decisions | 18:59:53 | Ultra Engine | WAIT | Phase IDLE
  - Broker not connected
  Confidence 0.0% | Opportunity 0.0 | Entry Quality 0.0 | Momentum 0.0 | Liquidity 0.0 | Health 0.0
2026-07-01 18:59:55,337 | INFO     | app.engines.decisions | 18:59:55 | Normal Engine | BLOCKED | Phase IDLE
  - Broker not connected
  Confidence 0.0% | Opportunity 0.0 | Entry Quality 0.0 | Momentum 0.0 | Liquidity 0.0 | Health 0.0
2026-07-01 18:59:55,337 | INFO     | app.engines.decisions | 18:59:55 | Wick Engine | WAIT | Phase IDLE
  - Broker not connected
  Confidence 0.0% | Opportunity 0.0 | Entry Quality 0.0 | Momentum 0.0 | Liquidity 50.0 | Health 50.0
2026-07-01 18:59:55,337 | INFO     | app.engines.decisions | 18:59:55 | Ultra Engine | WAIT | Phase IDLE
  - Broker not connected
  Confidence 0.0% | Opportunity 0.0 | Entry Quality 0.0 | Momentum 0.0 | Liquidity 0.0 | Health 0.0
2026-07-01 18:59:57,339 | INFO     | app.engines.decisions | 18:59:57 | Normal Engine | BLOCKED | Phase IDLE
  - Broker not connected
  Confidence 0.0% | Opportunity 0.0 | Entry Quality 0.0 | Momentum 0.0 | Liquidity 0.0 | Health 0.0
2026-07-01 18:59:57,340 | INFO     | app.engines.decisions | 18:59:57 | Wick Engine | WAIT | Phase IDLE
  - Broker not connected
  Confidence 0.0% | Opportunity 0.0 | Entry Quality 0.0 | Momentum 0.0 | Liquidity 50.0 | Health 50.0
2026-07-01 18:59:57,340 | INFO     | app.engines.decisions | 18:59:57 | Ultra Engine | WAIT | Phase IDLE
  - Broker not connected
  Confidence 0.0% | Opportunity 0.0 | Entry Quality 0.0 | Momentum 0.0 | Liquidity 0.0 | Health 0.0
2026-07-01 18:59:59,341 | INFO     | app.engines.decisions | 18:59:59 | Normal Engine | BLOCKED | Phase IDLE
  - Broker not connected
  Confidence 0.0% | Opportunity 0.0 | Entry Quality 0.0 | Momentum 0.0 | Liquidity 0.0 | Health 0.0
2026-07-01 18:59:59,342 | INFO     | app.engines.decisions | 18:59:59 | Wick Engine | WAIT | Phase IDLE
  - Broker not connected
  Confidence 0.0% | Opportunity 0.0 | Entry Quality 0.0 | Momentum 0.0 | Liquidity 50.0 | Health 50.0
2026-07-01 18:59:59,343 | INFO     | app.engines.decisions | 18:59:59 | Ultra Engine | WAIT | Phase IDLE
  - Broker not connected
  Confidence 0.0% | Opportunity 0.0 | Entry Quality 0.0 | Momentum 0.0 | Liquidity 0.0 | Health 0.0
2026-07-01 19:00:01,343 | INFO     | app.engines.decisions | 19:00:01 | Normal Engine | BLOCKED | Phase IDLE
  - Broker not connected
  Confidence 0.0% | Opportunity 0.0 | Entry Quality 0.0 | Momentum 0.0 | Liquidity 0.0 | Health 0.0
2026-07-01 19:00:01,344 | INFO     | app.engines.decisions | 19:00:01 | Wick Engine | WAIT | Phase IDLE
  - Broker not connected
  Confidence 0.0% | Opportunity 0.0 | Entry Quality 0.0 | Momentum 0.0 | Liquidity 50.0 | Health 50.0
2026-07-01 19:00:01,344 | INFO     | app.engines.decisions | 19:00:01 | Ultra Engine | WAIT | Phase IDLE
  - Broker not connected
  Confidence 0.0% | Opportunity 0.0 | Entry Quality 0.0 | Momentum 0.0 | Liquidity 0.0 | Health 0.0
2026-07-01 19:00:03,345 | INFO     | app.engines.decisions | 19:00:03 | Normal Engine | BLOCKED | Phase IDLE
  - Broker not connected
  Confidence 0.0% | Opportunity 0.0 | Entry Quality 0.0 | Momentum 0.0 | Liquidity 0.0 | Health 0.0
2026-07-01 19:00:03,346 | INFO     | app.engines.decisions | 19:00:03 | Wick Engine | WAIT | Phase IDLE
  - Broker not connected
  Confidence 0.0% | Opportunity 0.0 | Entry Quality 0.0 | Momentum 0.0 | Liquidity 50.0 | Health 50.0
2026-07-01 19:00:03,346 | INFO     | app.engines.decisions | 19:00:03 | Ultra Engine | WAIT | Phase IDLE
  - Broker not connected
  Confidence 0.0% | Opportunity 0.0 | Entry Quality 0.0 | Momentum 0.0 | Liquidity 0.0 | Health 0.0
2026-07-01 19:00:05,347 | INFO     | app.engines.decisions | 19:00:05 | Normal Engine | BLOCKED | Phase IDLE
  - Broker not connected
  Confidence 0.0% | Opportunity 0.0 | Entry Quality 0.0 | Momentum 0.0 | Liquidity 0.0 | Health 0.0
2026-07-01 19:00:05,348 | INFO     | app.engines.decisions | 19:00:05 | Wick Engine | WAIT | Phase IDLE
  - Broker not connected
  Confidence 0.0% | Opportunity 0.0 | Entry Quality 0.0 | Momentum 0.0 | Liquidity 50.0 | Health 50.0
2026-07-01 19:00:05,348 | INFO     | app.engines.decisions | 19:00:05 | Ultra Engine | WAIT | Phase IDLE
  - Broker not connected
  Confidence 0.0% | Opportunity 0.0 | Entry Quality 0.0 | Momentum 0.0 | Liquidity 0.0 | Health 0.0
2026-07-01 19:00:07,350 | INFO     | app.engines.decisions | 19:00:07 | Normal Engine | BLOCKED | Phase IDLE
  - Broker not connected
  Confidence 0.0% | Opportunity 0.0 | Entry Quality 0.0 | Momentum 0.0 | Liquidity 0.0 | Health 0.0
2026-07-01 19:00:07,350 | INFO     | app.engines.decisions | 19:00:07 | Wick Engine | WAIT | Phase IDLE
  - Broker not connected
  Confidence 0.0% | Opportunity 0.0 | Entry Quality 0.0 | Momentum 0.0 | Liquidity 50.0 | Health 50.0
2026-07-01 19:00:07,350 | INFO     | app.engines.decisions | 19:00:07 | Ultra Engine | WAIT | Phase IDLE
  - Broker not connected
  Confidence 0.0% | Opportunity 0.0 | Entry Quality 0.0 | Momentum 0.0 | Liquidity 0.0 | Health 0.0
2026-07-01 19:00:09,352 | INFO     | app.engines.decisions | 19:00:09 | Normal Engine | BLOCKED | Phase IDLE
  - Broker not connected
  Confidence 0.0% | Opportunity 0.0 | Entry Quality 0.0 | Momentum 0.0 | Liquidity 0.0 | Health 0.0
2026-07-01 19:00:09,353 | INFO     | app.engines.decisions | 19:00:09 | Wick Engine | WAIT | Phase IDLE
  - Broker not connected
  Confidence 0.0% | Opportunity 0.0 | Entry Quality 0.0 | Momentum 0.0 | Liquidity 50.0 | Health 50.0
2026-07-01 19:00:09,353 | INFO     | app.engines.decisions | 19:00:09 | Ultra Engine | WAIT | Phase IDLE
  - Broker not connected
  Confidence 0.0% | Opportunity 0.0 | Entry Quality 0.0 | Momentum 0.0 | Liquidity 0.0 | Health 0.0
2026-07-01 19:00:11,355 | INFO     | app.engines.decisions | 19:00:11 | Normal Engine | BLOCKED | Phase IDLE
  - Broker not connected
  Confidence 0.0% | Opportunity 0.0 | Entry Quality 0.0 | Momentum 0.0 | Liquidity 0.0 | Health 0.0
2026-07-01 19:00:11,355 | INFO     | app.engines.decisions | 19:00:11 | Wick Engine | WAIT | Phase IDLE
  - Broker not connected
  Confidence 0.0% | Opportunity 0.0 | Entry Quality 0.0 | Momentum 0.0 | Liquidity 50.0 | Health 50.0
2026-07-01 19:00:11,355 | INFO     | app.engines.decisions | 19:00:11 | Ultra Engine | WAIT | Phase IDLE
  - Broker not connected
  Confidence 0.0% | Opportunity 0.0 | Entry Quality 0.0 | Momentum 0.0 | Liquidity 0.0 | Health 0.0
2026-07-01 19:00:13,357 | INFO     | app.engines.decisions | 19:00:13 | Normal Engine | BLOCKED | Phase IDLE
  - Broker not connected
  Confidence 0.0% | Opportunity 0.0 | Entry Quality 0.0 | Momentum 0.0 | Liquidity 0.0 | Health 0.0
2026-07-01 19:00:13,357 | INFO     | app.engines.decisions | 19:00:13 | Wick Engine | WAIT | Phase IDLE
  - Broker not connected
  Confidence 0.0% | Opportunity 0.0 | Entry Quality 0.0 | Momentum 0.0 | Liquidity 50.0 | Health 50.0
2026-07-01 19:00:13,357 | INFO     | app.engines.decisions | 19:00:13 | Ultra Engine | WAIT | Phase IDLE
  - Broker not connected
  Confidence 0.0% | Opportunity 0.0 | Entry Quality 0.0 | Momentum 0.0 | Liquidity 0.0 | Health 0.0
2026-07-01 19:00:15,359 | INFO     | app.engines.decisions | 19:00:15 | Normal Engine | BLOCKED | Phase IDLE
  - Broker not connected
  Confidence 0.0% | Opportunity 0.0 | Entry Quality 0.0 | Momentum 0.0 | Liquidity 0.0 | Health 0.0
2026-07-01 19:00:15,360 | INFO     | app.engines.decisions | 19:00:15 | Wick Engine | WAIT | Phase IDLE
  - Broker not connected
  Confidence 0.0% | Opportunity 0.0 | Entry Quality 0.0 | Momentum 0.0 | Liquidity 50.0 | Health 50.0
2026-07-01 19:00:15,360 | INFO     | app.engines.decisions | 19:00:15 | Ultra Engine | WAIT | Phase IDLE
  - Broker not connected
  Confidence 0.0% | Opportunity 0.0 | Entry Quality 0.0 | Momentum 0.0 | Liquidity 0.0 | Health 0.0
2026-07-01 19:00:17,361 | INFO     | app.engines.decisions | 19:00:17 | Normal Engine | BLOCKED | Phase IDLE
  - Broker not connected
  Confidence 0.0% | Opportunity 0.0 | Entry Quality 0.0 | Momentum 0.0 | Liquidity 0.0 | Health 0.0
2026-07-01 19:00:17,362 | INFO     | app.engines.decisions | 19:00:17 | Wick Engine | WAIT | Phase IDLE
  - Broker not connected
  Confidence 0.0% | Opportunity 0.0 | Entry Quality 0.0 | Momentum 0.0 | Liquidity 50.0 | Health 50.0
2026-07-01 19:00:17,362 | INFO     | app.engines.decisions | 19:00:17 | Ultra Engine | WAIT | Phase IDLE
  - Broker not connected
  Confidence 0.0% | Opportunity 0.0 | Entry Quality 0.0 | Momentum 0.0 | Liquidity 0.0 | Health 0.0
2026-07-01 19:00:19,363 | INFO     | app.engines.decisions | 19:00:19 | Normal Engine | BLOCKED | Phase IDLE
  - Broker not connected
  Confidence 0.0% | Opportunity 0.0 | Entry Quality 0.0 | Momentum 0.0 | Liquidity 0.0 | Health 0.0
2026-07-01 19:00:19,364 | INFO     | app.engines.decisions | 19:00:19 | Wick Engine | WAIT | Phase IDLE
  - Broker not connected
  Confidence 0.0% | Opportunity 0.0 | Entry Quality 0.0 | Momentum 0.0 | Liquidity 50.0 | Health 50.0
2026-07-01 19:00:19,364 | INFO     | app.engines.decisions | 19:00:19 | Ultra Engine | WAIT | Phase IDLE
  - Broker not connected
  Confidence 0.0% | Opportunity 0.0 | Entry Quality 0.0 | Momentum 0.0 | Liquidity 0.0 | Health 0.0
2026-07-01 19:00:21,366 | INFO     | app.engines.decisions | 19:00:21 | Normal Engine | BLOCKED | Phase IDLE
  - Broker not connected
  Confidence 0.0% | Opportunity 0.0 | Entry Quality 0.0 | Momentum 0.0 | Liquidity 0.0 | Health 0.0
2026-07-01 19:00:21,366 | INFO     | app.engines.decisions | 19:00:21 | Wick Engine | WAIT | Phase IDLE
  - Broker not connected
  Confidence 0.0% | Opportunity 0.0 | Entry Quality 0.0 | Momentum 0.0 | Liquidity 50.0 | Health 50.0
2026-07-01 19:00:21,367 | INFO     | app.engines.decisions | 19:00:21 | Ultra Engine | WAIT | Phase IDLE
  - Broker not connected
  Confidence 0.0% | Opportunity 0.0 | Entry Quality 0.0 | Momentum 0.0 | Liquidity 0.0 | Health 0.0
2026-07-01 19:00:23,368 | INFO     | app.engines.decisions | 19:00:23 | Normal Engine | BLOCKED | Phase IDLE
  - Broker not connected
  Confidence 0.0% | Opportunity 0.0 | Entry Quality 0.0 | Momentum 0.0 | Liquidity 0.0 | Health 0.0
2026-07-01 19:00:23,368 | INFO     | app.engines.decisions | 19:00:23 | Wick Engine | WAIT | Phase IDLE
  - Broker not connected
  Confidence 0.0% | Opportunity 0.0 | Entry Quality 0.0 | Momentum 0.0 | Liquidity 50.0 | Health 50.0
2026-07-01 19:00:23,368 | INFO     | app.engines.decisions | 19:00:23 | Ultra Engine | WAIT | Phase IDLE
  - Broker not connected
  Confidence 0.0% | Opportunity 0.0 | Entry Quality 0.0 | Momentum 0.0 | Liquidity 0.0 | Health 0.0
2026-07-01 19:00:25,370 | INFO     | app.engines.decisions | 19:00:25 | Normal Engine | BLOCKED | Phase IDLE
  - Broker not connected
  Confidence 0.0% | Opportunity 0.0 | Entry Quality 0.0 | Momentum 0.0 | Liquidity 0.0 | Health 0.0
2026-07-01 19:00:25,371 | INFO     | app.engines.decisions | 19:00:25 | Wick Engine | WAIT | Phase IDLE
  - Broker not connected
  Confidence 0.0% | Opportunity 0.0 | Entry Quality 0.0 | Momentum 0.0 | Liquidity 50.0 | Health 50.0
2026-07-01 19:00:25,371 | INFO     | app.engines.decisions | 19:00:25 | Ultra Engine | WAIT | Phase IDLE
  - Broker not connected
  Confidence 0.0% | Opportunity 0.0 | Entry Quality 0.0 | Momentum 0.0 | Liquidity 0.0 | Health 0.0
2026-07-01 19:00:27,372 | INFO     | app.engines.decisions | 19:00:27 | Normal Engine | BLOCKED | Phase IDLE
  - Broker not connected
  Confidence 0.0% | Opportunity 0.0 | Entry Quality 0.0 | Momentum 0.0 | Liquidity 0.0 | Health 0.0
2026-07-01 19:00:27,373 | INFO     | app.engines.decisions | 19:00:27 | Wick Engine | WAIT | Phase IDLE
  - Broker not connected
  Confidence 0.0% | Opportunity 0.0 | Entry Quality 0.0 | Momentum 0.0 | Liquidity 50.0 | Health 50.0
2026-07-01 19:00:27,373 | INFO     | app.engines.decisions | 19:00:27 | Ultra Engine | WAIT | Phase IDLE
  - Broker not connected
  Confidence 0.0% | Opportunity 0.0 | Entry Quality 0.0 | Momentum 0.0 | Liquidity 0.0 | Health 0.0
2026-07-01 19:00:29,375 | INFO     | app.engines.decisions | 19:00:29 | Normal Engine | BLOCKED | Phase IDLE
  - Broker not connected
  Confidence 0.0% | Opportunity 0.0 | Entry Quality 0.0 | Momentum 0.0 | Liquidity 0.0 | Health 0.0
2026-07-01 19:00:29,376 | INFO     | app.engines.decisions | 19:00:29 | Wick Engine | WAIT | Phase IDLE
  - Broker not connected
  Confidence 0.0% | Opportunity 0.0 | Entry Quality 0.0 | Momentum 0.0 | Liquidity 50.0 | Health 50.0
2026-07-01 19:00:29,376 | INFO     | app.engines.decisions | 19:00:29 | Ultra Engine | WAIT | Phase IDLE
  - Broker not connected
  Confidence 0.0% | Opportunity 0.0 | Entry Quality 0.0 | Momentum 0.0 | Liquidity 0.0 | Health 0.0
2026-07-01 19:00:31,378 | INFO     | app.engines.decisions | 19:00:31 | Normal Engine | BLOCKED | Phase IDLE
  - Broker not connected
  Confidence 0.0% | Opportunity 0.0 | Entry Quality 0.0 | Momentum 0.0 | Liquidity 0.0 | Health 0.0
2026-07-01 19:00:31,379 | INFO     | app.engines.decisions | 19:00:31 | Wick Engine | WAIT | Phase IDLE
  - Broker not connected
  Confidence 0.0% | Opportunity 0.0 | Entry Quality 0.0 | Momentum 0.0 | Liquidity 50.0 | Health 50.0
2026-07-01 19:00:31,379 | INFO     | app.engines.decisions | 19:00:31 | Ultra Engine | WAIT | Phase IDLE
  - Broker not connected
  Confidence 0.0% | Opportunity 0.0 | Entry Quality 0.0 | Momentum 0.0 | Liquidity 0.0 | Health 0.0
2026-07-01 19:00:33,379 | INFO     | app.engines.decisions | 19:00:33 | Normal Engine | BLOCKED | Phase IDLE
  - Broker not connected
  Confidence 0.0% | Opportunity 0.0 | Entry Quality 0.0 | Momentum 0.0 | Liquidity 0.0 | Health 0.0
2026-07-01 19:00:33,380 | INFO     | app.engines.decisions | 19:00:33 | Wick Engine | WAIT | Phase IDLE
  - Broker not connected
  Confidence 0.0% | Opportunity 0.0 | Entry Quality 0.0 | Momentum 0.0 | Liquidity 50.0 | Health 50.0
2026-07-01 19:00:33,380 | INFO     | app.engines.decisions | 19:00:33 | Ultra Engine | WAIT | Phase IDLE
  - Broker not connected
  Confidence 0.0% | Opportunity 0.0 | Entry Quality 0.0 | Momentum 0.0 | Liquidity 0.0 | Health 0.0
2026-07-01 19:00:35,382 | INFO     | app.engines.decisions | 19:00:35 | Normal Engine | BLOCKED | Phase IDLE
  - Broker not connected
  Confidence 0.0% | Opportunity 0.0 | Entry Quality 0.0 | Momentum 0.0 | Liquidity 0.0 | Health 0.0
2026-07-01 19:00:35,383 | INFO     | app.engines.decisions | 19:00:35 | Wick Engine | WAIT | Phase IDLE
  - Broker not connected
  Confidence 0.0% | Opportunity 0.0 | Entry Quality 0.0 | Momentum 0.0 | Liquidity 50.0 | Health 50.0
2026-07-01 19:00:35,384 | INFO     | app.engines.decisions | 19:00:35 | Ultra Engine | WAIT | Phase IDLE
  - Broker not connected
  Confidence 0.0% | Opportunity 0.0 | Entry Quality 0.0 | Momentum 0.0 | Liquidity 0.0 | Health 0.0
2026-07-01 19:00:37,384 | INFO     | app.engines.decisions | 19:00:37 | Normal Engine | BLOCKED | Phase IDLE
  - Broker not connected
  Confidence 0.0% | Opportunity 0.0 | Entry Quality 0.0 | Momentum 0.0 | Liquidity 0.0 | Health 0.0
2026-07-01 19:00:37,385 | INFO     | app.engines.decisions | 19:00:37 | Wick Engine | WAIT | Phase IDLE
  - Broker not connected
  Confidence 0.0% | Opportunity 0.0 | Entry Quality 0.0 | Momentum 0.0 | Liquidity 50.0 | Health 50.0
2026-07-01 19:00:37,385 | INFO     | app.engines.decisions | 19:00:37 | Ultra Engine | WAIT | Phase IDLE
  - Broker not connected
  Confidence 0.0% | Opportunity 0.0 | Entry Quality 0.0 | Momentum 0.0 | Liquidity 0.0 | Health 0.0
2026-07-01 19:00:39,387 | INFO     | app.engines.decisions | 19:00:39 | Normal Engine | BLOCKED | Phase IDLE
  - Broker not connected
  Confidence 0.0% | Opportunity 0.0 | Entry Quality 0.0 | Momentum 0.0 | Liquidity 0.0 | Health 0.0
2026-07-01 19:00:39,387 | INFO     | app.engines.decisions | 19:00:39 | Wick Engine | WAIT | Phase IDLE
  - Broker not connected
  Confidence 0.0% | Opportunity 0.0 | Entry Quality 0.0 | Momentum 0.0 | Liquidity 50.0 | Health 50.0
2026-07-01 19:00:39,387 | INFO     | app.engines.decisions | 19:00:39 | Ultra Engine | WAIT | Phase IDLE
  - Broker not connected
  Confidence 0.0% | Opportunity 0.0 | Entry Quality 0.0 | Momentum 0.0 | Liquidity 0.0 | Health 0.0
2026-07-01 19:00:41,388 | INFO     | app.engines.decisions | 19:00:41 | Normal Engine | BLOCKED | Phase IDLE
  - Broker not connected
  Confidence 0.0% | Opportunity 0.0 | Entry Quality 0.0 | Momentum 0.0 | Liquidity 0.0 | Health 0.0
2026-07-01 19:00:41,389 | INFO     | app.engines.decisions | 19:00:41 | Wick Engine | WAIT | Phase IDLE
  - Broker not connected
  Confidence 0.0% | Opportunity 0.0 | Entry Quality 0.0 | Momentum 0.0 | Liquidity 50.0 | Health 50.0
2026-07-01 19:00:41,389 | INFO     | app.engines.decisions | 19:00:41 | Ultra Engine | WAIT | Phase IDLE
  - Broker not connected
  Confidence 0.0% | Opportunity 0.0 | Entry Quality 0.0 | Momentum 0.0 | Liquidity 0.0 | Health 0.0
2026-07-01 19:00:43,390 | INFO     | app.engines.decisions | 19:00:43 | Normal Engine | BLOCKED | Phase IDLE
  - Broker not connected
  Confidence 0.0% | Opportunity 0.0 | Entry Quality 0.0 | Momentum 0.0 | Liquidity 0.0 | Health 0.0
2026-07-01 19:00:43,391 | INFO     | app.engines.decisions | 19:00:43 | Wick Engine | WAIT | Phase IDLE
  - Broker not connected
  Confidence 0.0% | Opportunity 0.0 | Entry Quality 0.0 | Momentum 0.0 | Liquidity 50.0 | Health 50.0
2026-07-01 19:00:43,391 | INFO     | app.engines.decisions | 19:00:43 | Ultra Engine | WAIT | Phase IDLE
  - Broker not connected
  Confidence 0.0% | Opportunity 0.0 | Entry Quality 0.0 | Momentum 0.0 | Liquidity 0.0 | Health 0.0
2026-07-01 19:00:45,393 | INFO     | app.engines.decisions | 19:00:45 | Normal Engine | BLOCKED | Phase IDLE
  - Broker not connected
  Confidence 0.0% | Opportunity 0.0 | Entry Quality 0.0 | Momentum 0.0 | Liquidity 0.0 | Health 0.0
2026-07-01 19:00:45,394 | INFO     | app.engines.decisions | 19:00:45 | Wick Engine | WAIT | Phase IDLE
  - Broker not connected
  Confidence 0.0% | Opportunity 0.0 | Entry Quality 0.0 | Momentum 0.0 | Liquidity 50.0 | Health 50.0
2026-07-01 19:00:45,394 | INFO     | app.engines.decisions | 19:00:45 | Ultra Engine | WAIT | Phase IDLE
  - Broker not connected
  Confidence 0.0% | Opportunity 0.0 | Entry Quality 0.0 | Momentum 0.0 | Liquidity 0.0 | Health 0.0
2026-07-01 19:00:47,395 | INFO     | app.engines.decisions | 19:00:47 | Normal Engine | BLOCKED | Phase IDLE
  - Broker not connected
  Confidence 0.0% | Opportunity 0.0 | Entry Quality 0.0 | Momentum 0.0 | Liquidity 0.0 | Health 0.0
2026-07-01 19:00:47,396 | INFO     | app.engines.decisions | 19:00:47 | Wick Engine | WAIT | Phase IDLE
  - Broker not connected
  Confidence 0.0% | Opportunity 0.0 | Entry Quality 0.0 | Momentum 0.0 | Liquidity 50.0 | Health 50.0
2026-07-01 19:00:47,396 | INFO     | app.engines.decisions | 19:00:47 | Ultra Engine | WAIT | Phase IDLE
  - Broker not connected
  Confidence 0.0% | Opportunity 0.0 | Entry Quality 0.0 | Momentum 0.0 | Liquidity 0.0 | Health 0.0
2026-07-01 19:00:49,398 | INFO     | app.engines.decisions | 19:00:49 | Normal Engine | BLOCKED | Phase IDLE
  - Broker not connected
  Confidence 0.0% | Opportunity 0.0 | Entry Quality 0.0 | Momentum 0.0 | Liquidity 0.0 | Health 0.0
2026-07-01 19:00:49,398 | INFO     | app.engines.decisions | 19:00:49 | Wick Engine | WAIT | Phase IDLE
  - Broker not connected
  Confidence 0.0% | Opportunity 0.0 | Entry Quality 0.0 | Momentum 0.0 | Liquidity 50.0 | Health 50.0
2026-07-01 19:00:49,399 | INFO     | app.engines.decisions | 19:00:49 | Ultra Engine | WAIT | Phase IDLE
  - Broker not connected
  Confidence 0.0% | Opportunity 0.0 | Entry Quality 0.0 | Momentum 0.0 | Liquidity 0.0 | Health 0.0
2026-07-01 19:00:51,400 | INFO     | app.engines.decisions | 19:00:51 | Normal Engine | BLOCKED | Phase IDLE
  - Broker not connected
  Confidence 0.0% | Opportunity 0.0 | Entry Quality 0.0 | Momentum 0.0 | Liquidity 0.0 | Health 0.0
2026-07-01 19:00:51,400 | INFO     | app.engines.decisions | 19:00:51 | Wick Engine | WAIT | Phase IDLE
  - Broker not connected
  Confidence 0.0% | Opportunity 0.0 | Entry Quality 0.0 | Momentum 0.0 | Liquidity 50.0 | Health 50.0
2026-07-01 19:00:51,400 | INFO     | app.engines.decisions | 19:00:51 | Ultra Engine | WAIT | Phase IDLE
  - Broker not connected
  Confidence 0.0% | Opportunity 0.0 | Entry Quality 0.0 | Momentum 0.0 | Liquidity 0.0 | Health 0.0
2026-07-01 19:00:53,401 | INFO     | app.engines.decisions | 19:00:53 | Normal Engine | BLOCKED | Phase IDLE
  - Broker not connected
  Confidence 0.0% | Opportunity 0.0 | Entry Quality 0.0 | Momentum 0.0 | Liquidity 0.0 | Health 0.0
2026-07-01 19:00:53,401 | INFO     | app.engines.decisions | 19:00:53 | Wick Engine | WAIT | Phase IDLE
  - Broker not connected
  Confidence 0.0% | Opportunity 0.0 | Entry Quality 0.0 | Momentum 0.0 | Liquidity 50.0 | Health 50.0
2026-07-01 19:00:53,402 | INFO     | app.engines.decisions | 19:00:53 | Ultra Engine | WAIT | Phase IDLE
  - Broker not connected
  Confidence 0.0% | Opportunity 0.0 | Entry Quality 0.0 | Momentum 0.0 | Liquidity 0.0 | Health 0.0
2026-07-01 19:00:55,402 | INFO     | app.engines.decisions | 19:00:55 | Normal Engine | BLOCKED | Phase IDLE
  - Broker not connected
  Confidence 0.0% | Opportunity 0.0 | Entry Quality 0.0 | Momentum 0.0 | Liquidity 0.0 | Health 0.0
2026-07-01 19:00:55,402 | INFO     | app.engines.decisions | 19:00:55 | Wick Engine | WAIT | Phase IDLE
  - Broker not connected
  Confidence 0.0% | Opportunity 0.0 | Entry Quality 0.0 | Momentum 0.0 | Liquidity 50.0 | Health 50.0
2026-07-01 19:00:55,403 | INFO     | app.engines.decisions | 19:00:55 | Ultra Engine | WAIT | Phase IDLE
  - Broker not connected
  Confidence 0.0% | Opportunity 0.0 | Entry Quality 0.0 | Momentum 0.0 | Liquidity 0.0 | Health 0.0
2026-07-01 19:00:57,405 | INFO     | app.engines.decisions | 19:00:57 | Normal Engine | BLOCKED | Phase IDLE
  - Broker not connected
  Confidence 0.0% | Opportunity 0.0 | Entry Quality 0.0 | Momentum 0.0 | Liquidity 0.0 | Health 0.0
2026-07-01 19:00:57,405 | INFO     | app.engines.decisions | 19:00:57 | Wick Engine | WAIT | Phase IDLE
  - Broker not connected
  Confidence 0.0% | Opportunity 0.0 | Entry Quality 0.0 | Momentum 0.0 | Liquidity 50.0 | Health 50.0
2026-07-01 19:00:57,405 | INFO     | app.engines.decisions | 19:00:57 | Ultra Engine | WAIT | Phase IDLE
  - Broker not connected
  Confidence 0.0% | Opportunity 0.0 | Entry Quality 0.0 | Momentum 0.0 | Liquidity 0.0 | Health 0.0
2026-07-01 19:00:59,406 | INFO     | app.engines.decisions | 19:00:59 | Normal Engine | BLOCKED | Phase IDLE
  - Broker not connected
  Confidence 0.0% | Opportunity 0.0 | Entry Quality 0.0 | Momentum 0.0 | Liquidity 0.0 | Health 0.0
2026-07-01 19:00:59,407 | INFO     | app.engines.decisions | 19:00:59 | Wick Engine | WAIT | Phase IDLE
  - Broker not connected
  Confidence 0.0% | Opportunity 0.0 | Entry Quality 0.0 | Momentum 0.0 | Liquidity 50.0 | Health 50.0
2026-07-01 19:00:59,407 | INFO     | app.engines.decisions | 19:00:59 | Ultra Engine | WAIT | Phase IDLE
  - Broker not connected
  Confidence 0.0% | Opportunity 0.0 | Entry Quality 0.0 | Momentum 0.0 | Liquidity 0.0 | Health 0.0
2026-07-01 19:01:01,409 | INFO     | app.engines.decisions | 19:01:01 | Normal Engine | BLOCKED | Phase IDLE
  - Broker not connected
  Confidence 0.0% | Opportunity 0.0 | Entry Quality 0.0 | Momentum 0.0 | Liquidity 0.0 | Health 0.0
2026-07-01 19:01:01,409 | INFO     | app.engines.decisions | 19:01:01 | Wick Engine | WAIT | Phase IDLE
  - Broker not connected
  Confidence 0.0% | Opportunity 0.0 | Entry Quality 0.0 | Momentum 0.0 | Liquidity 50.0 | Health 50.0
2026-07-01 19:01:01,409 | INFO     | app.engines.decisions | 19:01:01 | Ultra Engine | WAIT | Phase IDLE
  - Broker not connected
  Confidence 0.0% | Opportunity 0.0 | Entry Quality 0.0 | Momentum 0.0 | Liquidity 0.0 | Health 0.0
2026-07-01 19:01:03,411 | INFO     | app.engines.decisions | 19:01:03 | Normal Engine | BLOCKED | Phase IDLE
  - Broker not connected
  Confidence 0.0% | Opportunity 0.0 | Entry Quality 0.0 | Momentum 0.0 | Liquidity 0.0 | Health 0.0
2026-07-01 19:01:03,412 | INFO     | app.engines.decisions | 19:01:03 | Wick Engine | WAIT | Phase IDLE
  - Broker not connected
  Confidence 0.0% | Opportunity 0.0 | Entry Quality 0.0 | Momentum 0.0 | Liquidity 50.0 | Health 50.0
2026-07-01 19:01:03,412 | INFO     | app.engines.decisions | 19:01:03 | Ultra Engine | WAIT | Phase IDLE
  - Broker not connected
  Confidence 0.0% | Opportunity 0.0 | Entry Quality 0.0 | Momentum 0.0 | Liquidity 0.0 | Health 0.0
2026-07-01 19:01:05,414 | INFO     | app.engines.decisions | 19:01:05 | Normal Engine | BLOCKED | Phase IDLE
  - Broker not connected
  Confidence 0.0% | Opportunity 0.0 | Entry Quality 0.0 | Momentum 0.0 | Liquidity 0.0 | Health 0.0
2026-07-01 19:01:05,416 | INFO     | app.engines.decisions | 19:01:05 | Wick Engine | WAIT | Phase IDLE
  - Broker not connected
  Confidence 0.0% | Opportunity 0.0 | Entry Quality 0.0 | Momentum 0.0 | Liquidity 50.0 | Health 50.0
2026-07-01 19:01:05,417 | INFO     | app.engines.decisions | 19:01:05 | Ultra Engine | WAIT | Phase IDLE
  - Broker not connected
  Confidence 0.0% | Opportunity 0.0 | Entry Quality 0.0 | Momentum 0.0 | Liquidity 0.0 | Health 0.0
2026-07-01 19:01:07,418 | INFO     | app.engines.decisions | 19:01:07 | Normal Engine | BLOCKED | Phase IDLE
  - Broker not connected
  Confidence 0.0% | Opportunity 0.0 | Entry Quality 0.0 | Momentum 0.0 | Liquidity 0.0 | Health 0.0
2026-07-01 19:01:07,419 | INFO     | app.engines.decisions | 19:01:07 | Wick Engine | WAIT | Phase IDLE
  - Broker not connected
  Confidence 0.0% | Opportunity 0.0 | Entry Quality 0.0 | Momentum 0.0 | Liquidity 50.0 | Health 50.0
2026-07-01 19:01:07,419 | INFO     | app.engines.decisions | 19:01:07 | Ultra Engine | WAIT | Phase IDLE
  - Broker not connected
  Confidence 0.0% | Opportunity 0.0 | Entry Quality 0.0 | Momentum 0.0 | Liquidity 0.0 | Health 0.0
2026-07-01 19:01:09,421 | INFO     | app.engines.decisions | 19:01:09 | Normal Engine | BLOCKED | Phase IDLE
  - Broker not connected
  Confidence 0.0% | Opportunity 0.0 | Entry Quality 0.0 | Momentum 0.0 | Liquidity 0.0 | Health 0.0
2026-07-01 19:01:09,421 | INFO     | app.engines.decisions | 19:01:09 | Wick Engine | WAIT | Phase IDLE
  - Broker not connected
  Confidence 0.0% | Opportunity 0.0 | Entry Quality 0.0 | Momentum 0.0 | Liquidity 50.0 | Health 50.0
2026-07-01 19:01:09,421 | INFO     | app.engines.decisions | 19:01:09 | Ultra Engine | WAIT | Phase IDLE
  - Broker not connected
  Confidence 0.0% | Opportunity 0.0 | Entry Quality 0.0 | Momentum 0.0 | Liquidity 0.0 | Health 0.0
2026-07-01 19:01:11,423 | INFO     | app.engines.decisions | 19:01:11 | Normal Engine | BLOCKED | Phase IDLE
  - Broker not connected
  Confidence 0.0% | Opportunity 0.0 | Entry Quality 0.0 | Momentum 0.0 | Liquidity 0.0 | Health 0.0
2026-07-01 19:01:11,424 | INFO     | app.engines.decisions | 19:01:11 | Wick Engine | WAIT | Phase IDLE
  - Broker not connected
  Confidence 0.0% | Opportunity 0.0 | Entry Quality 0.0 | Momentum 0.0 | Liquidity 50.0 | Health 50.0
2026-07-01 19:01:11,424 | INFO     | app.engines.decisions | 19:01:11 | Ultra Engine | WAIT | Phase IDLE
  - Broker not connected
  Confidence 0.0% | Opportunity 0.0 | Entry Quality 0.0 | Momentum 0.0 | Liquidity 0.0 | Health 0.0
2026-07-01 19:01:13,426 | INFO     | app.engines.decisions | 19:01:13 | Normal Engine | BLOCKED | Phase IDLE
  - Broker not connected
  Confidence 0.0% | Opportunity 0.0 | Entry Quality 0.0 | Momentum 0.0 | Liquidity 0.0 | Health 0.0
2026-07-01 19:01:13,427 | INFO     | app.engines.decisions | 19:01:13 | Wick Engine | WAIT | Phase IDLE
  - Broker not connected
  Confidence 0.0% | Opportunity 0.0 | Entry Quality 0.0 | Momentum 0.0 | Liquidity 50.0 | Health 50.0
2026-07-01 19:01:13,427 | INFO     | app.engines.decisions | 19:01:13 | Ultra Engine | WAIT | Phase IDLE
  - Broker not connected
  Confidence 0.0% | Opportunity 0.0 | Entry Quality 0.0 | Momentum 0.0 | Liquidity 0.0 | Health 0.0
2026-07-01 19:01:15,429 | INFO     | app.engines.decisions | 19:01:15 | Normal Engine | BLOCKED | Phase IDLE
  - Broker not connected
  Confidence 0.0% | Opportunity 0.0 | Entry Quality 0.0 | Momentum 0.0 | Liquidity 0.0 | Health 0.0
2026-07-01 19:01:15,429 | INFO     | app.engines.decisions | 19:01:15 | Wick Engine | WAIT | Phase IDLE
  - Broker not connected
  Confidence 0.0% | Opportunity 0.0 | Entry Quality 0.0 | Momentum 0.0 | Liquidity 50.0 | Health 50.0
2026-07-01 19:01:15,429 | INFO     | app.engines.decisions | 19:01:15 | Ultra Engine | WAIT | Phase IDLE
  - Broker not connected
  Confidence 0.0% | Opportunity 0.0 | Entry Quality 0.0 | Momentum 0.0 | Liquidity 0.0 | Health 0.0
2026-07-01 19:01:17,431 | INFO     | app.engines.decisions | 19:01:17 | Normal Engine | BLOCKED | Phase IDLE
  - Broker not connected
  Confidence 0.0% | Opportunity 0.0 | Entry Quality 0.0 | Momentum 0.0 | Liquidity 0.0 | Health 0.0
2026-07-01 19:01:17,431 | INFO     | app.engines.decisions | 19:01:17 | Wick Engine | WAIT | Phase IDLE
  - Broker not connected
  Confidence 0.0% | Opportunity 0.0 | Entry Quality 0.0 | Momentum 0.0 | Liquidity 50.0 | Health 50.0
2026-07-01 19:01:17,431 | INFO     | app.engines.decisions | 19:01:17 | Ultra Engine | WAIT | Phase IDLE
  - Broker not connected
  Confidence 0.0% | Opportunity 0.0 | Entry Quality 0.0 | Momentum 0.0 | Liquidity 0.0 | Health 0.0
2026-07-01 19:01:19,432 | INFO     | app.engines.decisions | 19:01:19 | Normal Engine | BLOCKED | Phase IDLE
  - Broker not connected
  Confidence 0.0% | Opportunity 0.0 | Entry Quality 0.0 | Momentum 0.0 | Liquidity 0.0 | Health 0.0
2026-07-01 19:01:19,433 | INFO     | app.engines.decisions | 19:01:19 | Wick Engine | WAIT | Phase IDLE
  - Broker not connected
  Confidence 0.0% | Opportunity 0.0 | Entry Quality 0.0 | Momentum 0.0 | Liquidity 50.0 | Health 50.0
2026-07-01 19:01:19,433 | INFO     | app.engines.decisions | 19:01:19 | Ultra Engine | WAIT | Phase IDLE
  - Broker not connected
  Confidence 0.0% | Opportunity 0.0 | Entry Quality 0.0 | Momentum 0.0 | Liquidity 0.0 | Health 0.0
2026-07-01 19:01:21,435 | INFO     | app.engines.decisions | 19:01:21 | Normal Engine | BLOCKED | Phase IDLE
  - Broker not connected
  Confidence 0.0% | Opportunity 0.0 | Entry Quality 0.0 | Momentum 0.0 | Liquidity 0.0 | Health 0.0
2026-07-01 19:01:21,435 | INFO     | app.engines.decisions | 19:01:21 | Wick Engine | WAIT | Phase IDLE
  - Broker not connected
  Confidence 0.0% | Opportunity 0.0 | Entry Quality 0.0 | Momentum 0.0 | Liquidity 50.0 | Health 50.0
2026-07-01 19:01:21,435 | INFO     | app.engines.decisions | 19:01:21 | Ultra Engine | WAIT | Phase IDLE
  - Broker not connected
  Confidence 0.0% | Opportunity 0.0 | Entry Quality 0.0 | Momentum 0.0 | Liquidity 0.0 | Health 0.0
2026-07-01 19:01:23,437 | INFO     | app.engines.decisions | 19:01:23 | Normal Engine | BLOCKED | Phase IDLE
  - Broker not connected
  Confidence 0.0% | Opportunity 0.0 | Entry Quality 0.0 | Momentum 0.0 | Liquidity 0.0 | Health 0.0
2026-07-01 19:01:23,438 | INFO     | app.engines.decisions | 19:01:23 | Wick Engine | WAIT | Phase IDLE
  - Broker not connected
  Confidence 0.0% | Opportunity 0.0 | Entry Quality 0.0 | Momentum 0.0 | Liquidity 50.0 | Health 50.0
2026-07-01 19:01:23,439 | INFO     | app.engines.decisions | 19:01:23 | Ultra Engine | WAIT | Phase IDLE
  - Broker not connected
  Confidence 0.0% | Opportunity 0.0 | Entry Quality 0.0 | Momentum 0.0 | Liquidity 0.0 | Health 0.0
2026-07-01 19:01:25,441 | INFO     | app.engines.decisions | 19:01:25 | Normal Engine | BLOCKED | Phase IDLE
  - Broker not connected
  Confidence 0.0% | Opportunity 0.0 | Entry Quality 0.0 | Momentum 0.0 | Liquidity 0.0 | Health 0.0
2026-07-01 19:01:25,442 | INFO     | app.engines.decisions | 19:01:25 | Wick Engine | WAIT | Phase IDLE
  - Broker not connected
  Confidence 0.0% | Opportunity 0.0 | Entry Quality 0.0 | Momentum 0.0 | Liquidity 50.0 | Health 50.0
2026-07-01 19:01:25,442 | INFO     | app.engines.decisions | 19:01:25 | Ultra Engine | WAIT | Phase IDLE
  - Broker not connected
  Confidence 0.0% | Opportunity 0.0 | Entry Quality 0.0 | Momentum 0.0 | Liquidity 0.0 | Health 0.0
2026-07-01 19:01:27,443 | INFO     | app.engines.decisions | 19:01:27 | Normal Engine | BLOCKED | Phase IDLE
  - Broker not connected
  Confidence 0.0% | Opportunity 0.0 | Entry Quality 0.0 | Momentum 0.0 | Liquidity 0.0 | Health 0.0
2026-07-01 19:01:27,444 | INFO     | app.engines.decisions | 19:01:27 | Wick Engine | WAIT | Phase IDLE
  - Broker not connected
  Confidence 0.0% | Opportunity 0.0 | Entry Quality 0.0 | Momentum 0.0 | Liquidity 50.0 | Health 50.0
2026-07-01 19:01:27,444 | INFO     | app.engines.decisions | 19:01:27 | Ultra Engine | WAIT | Phase IDLE
  - Broker not connected
  Confidence 0.0% | Opportunity 0.0 | Entry Quality 0.0 | Momentum 0.0 | Liquidity 0.0 | Health 0.0
2026-07-01 19:01:29,446 | INFO     | app.engines.decisions | 19:01:29 | Normal Engine | BLOCKED | Phase IDLE
  - Broker not connected
  Confidence 0.0% | Opportunity 0.0 | Entry Quality 0.0 | Momentum 0.0 | Liquidity 0.0 | Health 0.0
2026-07-01 19:01:29,447 | INFO     | app.engines.decisions | 19:01:29 | Wick Engine | WAIT | Phase IDLE
  - Broker not connected
  Confidence 0.0% | Opportunity 0.0 | Entry Quality 0.0 | Momentum 0.0 | Liquidity 50.0 | Health 50.0
2026-07-01 19:01:29,447 | INFO     | app.engines.decisions | 19:01:29 | Ultra Engine | WAIT | Phase IDLE
  - Broker not connected
  Confidence 0.0% | Opportunity 0.0 | Entry Quality 0.0 | Momentum 0.0 | Liquidity 0.0 | Health 0.0
2026-07-01 19:01:31,449 | INFO     | app.engines.decisions | 19:01:31 | Normal Engine | BLOCKED | Phase IDLE
  - Broker not connected
  Confidence 0.0% | Opportunity 0.0 | Entry Quality 0.0 | Momentum 0.0 | Liquidity 0.0 | Health 0.0
2026-07-01 19:01:31,450 | INFO     | app.engines.decisions | 19:01:31 | Wick Engine | WAIT | Phase IDLE
  - Broker not connected
  Confidence 0.0% | Opportunity 0.0 | Entry Quality 0.0 | Momentum 0.0 | Liquidity 50.0 | Health 50.0
2026-07-01 19:01:31,450 | INFO     | app.engines.decisions | 19:01:31 | Ultra Engine | WAIT | Phase IDLE
  - Broker not connected
  Confidence 0.0% | Opportunity 0.0 | Entry Quality 0.0 | Momentum 0.0 | Liquidity 0.0 | Health 0.0
2026-07-01 19:01:33,453 | INFO     | app.engines.decisions | 19:01:33 | Normal Engine | BLOCKED | Phase IDLE
  - Broker not connected
  Confidence 0.0% | Opportunity 0.0 | Entry Quality 0.0 | Momentum 0.0 | Liquidity 0.0 | Health 0.0
2026-07-01 19:01:33,453 | INFO     | app.engines.decisions | 19:01:33 | Wick Engine | WAIT | Phase IDLE
  - Broker not connected
  Confidence 0.0% | Opportunity 0.0 | Entry Quality 0.0 | Momentum 0.0 | Liquidity 50.0 | Health 50.0
2026-07-01 19:01:33,453 | INFO     | app.engines.decisions | 19:01:33 | Ultra Engine | WAIT | Phase IDLE
  - Broker not connected
  Confidence 0.0% | Opportunity 0.0 | Entry Quality 0.0 | Momentum 0.0 | Liquidity 0.0 | Health 0.0
2026-07-01 19:01:35,455 | INFO     | app.engines.decisions | 19:01:35 | Normal Engine | BLOCKED | Phase IDLE
  - Broker not connected
  Confidence 0.0% | Opportunity 0.0 | Entry Quality 0.0 | Momentum 0.0 | Liquidity 0.0 | Health 0.0
2026-07-01 19:01:35,457 | INFO     | app.engines.decisions | 19:01:35 | Wick Engine | WAIT | Phase IDLE
  - Broker not connected
  Confidence 0.0% | Opportunity 0.0 | Entry Quality 0.0 | Momentum 0.0 | Liquidity 50.0 | Health 50.0
2026-07-01 19:01:35,457 | INFO     | app.engines.decisions | 19:01:35 | Ultra Engine | WAIT | Phase IDLE
  - Broker not connected
  Confidence 0.0% | Opportunity 0.0 | Entry Quality 0.0 | Momentum 0.0 | Liquidity 0.0 | Health 0.0
2026-07-01 19:01:37,459 | INFO     | app.engines.decisions | 19:01:37 | Normal Engine | BLOCKED | Phase IDLE
  - Broker not connected
  Confidence 0.0% | Opportunity 0.0 | Entry Quality 0.0 | Momentum 0.0 | Liquidity 0.0 | Health 0.0
2026-07-01 19:01:37,459 | INFO     | app.engines.decisions | 19:01:37 | Wick Engine | WAIT | Phase IDLE
  - Broker not connected
  Confidence 0.0% | Opportunity 0.0 | Entry Quality 0.0 | Momentum 0.0 | Liquidity 50.0 | Health 50.0
2026-07-01 19:01:37,459 | INFO     | app.engines.decisions | 19:01:37 | Ultra Engine | WAIT | Phase IDLE
  - Broker not connected
  Confidence 0.0% | Opportunity 0.0 | Entry Quality 0.0 | Momentum 0.0 | Liquidity 0.0 | Health 0.0
2026-07-01 19:01:39,463 | INFO     | app.engines.decisions | 19:01:39 | Normal Engine | BLOCKED | Phase IDLE
  - Broker not connected
  Confidence 0.0% | Opportunity 0.0 | Entry Quality 0.0 | Momentum 0.0 | Liquidity 0.0 | Health 0.0
2026-07-01 19:01:39,463 | INFO     | app.engines.decisions | 19:01:39 | Wick Engine | WAIT | Phase IDLE
  - Broker not connected
  Confidence 0.0% | Opportunity 0.0 | Entry Quality 0.0 | Momentum 0.0 | Liquidity 50.0 | Health 50.0
2026-07-01 19:01:39,463 | INFO     | app.engines.decisions | 19:01:39 | Ultra Engine | WAIT | Phase IDLE
  - Broker not connected
  Confidence 0.0% | Opportunity 0.0 | Entry Quality 0.0 | Momentum 0.0 | Liquidity 0.0 | Health 0.0
2026-07-01 19:01:41,465 | INFO     | app.engines.decisions | 19:01:41 | Normal Engine | BLOCKED | Phase IDLE
  - Broker not connected
  Confidence 0.0% | Opportunity 0.0 | Entry Quality 0.0 | Momentum 0.0 | Liquidity 0.0 | Health 0.0
2026-07-01 19:01:41,466 | INFO     | app.engines.decisions | 19:01:41 | Wick Engine | WAIT | Phase IDLE
  - Broker not connected
  Confidence 0.0% | Opportunity 0.0 | Entry Quality 0.0 | Momentum 0.0 | Liquidity 50.0 | Health 50.0
2026-07-01 19:01:41,466 | INFO     | app.engines.decisions | 19:01:41 | Ultra Engine | WAIT | Phase IDLE
  - Broker not connected
  Confidence 0.0% | Opportunity 0.0 | Entry Quality 0.0 | Momentum 0.0 | Liquidity 0.0 | Health 0.0
2026-07-01 19:01:43,468 | INFO     | app.engines.decisions | 19:01:43 | Normal Engine | BLOCKED | Phase IDLE
  - Broker not connected
  Confidence 0.0% | Opportunity 0.0 | Entry Quality 0.0 | Momentum 0.0 | Liquidity 0.0 | Health 0.0
2026-07-01 19:01:43,469 | INFO     | app.engines.decisions | 19:01:43 | Wick Engine | WAIT | Phase IDLE
  - Broker not connected
  Confidence 0.0% | Opportunity 0.0 | Entry Quality 0.0 | Momentum 0.0 | Liquidity 50.0 | Health 50.0
2026-07-01 19:01:43,469 | INFO     | app.engines.decisions | 19:01:43 | Ultra Engine | WAIT | Phase IDLE
  - Broker not connected
  Confidence 0.0% | Opportunity 0.0 | Entry Quality 0.0 | Momentum 0.0 | Liquidity 0.0 | Health 0.0
2026-07-01 19:01:45,472 | INFO     | app.engines.decisions | 19:01:45 | Normal Engine | BLOCKED | Phase IDLE
  - Broker not connected
  Confidence 0.0% | Opportunity 0.0 | Entry Quality 0.0 | Momentum 0.0 | Liquidity 0.0 | Health 0.0
2026-07-01 19:01:45,472 | INFO     | app.engines.decisions | 19:01:45 | Wick Engine | WAIT | Phase IDLE
  - Broker not connected
  Confidence 0.0% | Opportunity 0.0 | Entry Quality 0.0 | Momentum 0.0 | Liquidity 50.0 | Health 50.0
2026-07-01 19:01:45,472 | INFO     | app.engines.decisions | 19:01:45 | Ultra Engine | WAIT | Phase IDLE
  - Broker not connected
  Confidence 0.0% | Opportunity 0.0 | Entry Quality 0.0 | Momentum 0.0 | Liquidity 0.0 | Health 0.0
2026-07-01 19:01:47,474 | INFO     | app.engines.decisions | 19:01:47 | Normal Engine | BLOCKED | Phase IDLE
  - Broker not connected
  Confidence 0.0% | Opportunity 0.0 | Entry Quality 0.0 | Momentum 0.0 | Liquidity 0.0 | Health 0.0
2026-07-01 19:01:47,474 | INFO     | app.engines.decisions | 19:01:47 | Wick Engine | WAIT | Phase IDLE
  - Broker not connected
  Confidence 0.0% | Opportunity 0.0 | Entry Quality 0.0 | Momentum 0.0 | Liquidity 50.0 | Health 50.0
2026-07-01 19:01:47,474 | INFO     | app.engines.decisions | 19:01:47 | Ultra Engine | WAIT | Phase IDLE
  - Broker not connected
  Confidence 0.0% | Opportunity 0.0 | Entry Quality 0.0 | Momentum 0.0 | Liquidity 0.0 | Health 0.0
2026-07-01 19:01:49,475 | INFO     | app.engines.decisions | 19:01:49 | Normal Engine | BLOCKED | Phase IDLE
  - Broker not connected
  Confidence 0.0% | Opportunity 0.0 | Entry Quality 0.0 | Momentum 0.0 | Liquidity 0.0 | Health 0.0
2026-07-01 19:01:49,476 | INFO     | app.engines.decisions | 19:01:49 | Wick Engine | WAIT | Phase IDLE
  - Broker not connected
  Confidence 0.0% | Opportunity 0.0 | Entry Quality 0.0 | Momentum 0.0 | Liquidity 50.0 | Health 50.0
2026-07-01 19:01:49,477 | INFO     | app.engines.decisions | 19:01:49 | Ultra Engine | WAIT | Phase IDLE
  - Broker not connected
  Confidence 0.0% | Opportunity 0.0 | Entry Quality 0.0 | Momentum 0.0 | Liquidity 0.0 | Health 0.0
2026-07-01 19:01:51,478 | INFO     | app.engines.decisions | 19:01:51 | Normal Engine | BLOCKED | Phase IDLE
  - Broker not connected
  Confidence 0.0% | Opportunity 0.0 | Entry Quality 0.0 | Momentum 0.0 | Liquidity 0.0 | Health 0.0
2026-07-01 19:01:51,479 | INFO     | app.engines.decisions | 19:01:51 | Wick Engine | WAIT | Phase IDLE
  - Broker not connected
  Confidence 0.0% | Opportunity 0.0 | Entry Quality 0.0 | Momentum 0.0 | Liquidity 50.0 | Health 50.0
2026-07-01 19:01:51,480 | INFO     | app.engines.decisions | 19:01:51 | Ultra Engine | WAIT | Phase IDLE
  - Broker not connected
  Confidence 0.0% | Opportunity 0.0 | Entry Quality 0.0 | Momentum 0.0 | Liquidity 0.0 | Health 0.0
2026-07-01 19:01:53,483 | INFO     | app.engines.decisions | 19:01:53 | Normal Engine | BLOCKED | Phase IDLE
  - Broker not connected
  Confidence 0.0% | Opportunity 0.0 | Entry Quality 0.0 | Momentum 0.0 | Liquidity 0.0 | Health 0.0
2026-07-01 19:01:53,484 | INFO     | app.engines.decisions | 19:01:53 | Wick Engine | WAIT | Phase IDLE
  - Broker not connected
  Confidence 0.0% | Opportunity 0.0 | Entry Quality 0.0 | Momentum 0.0 | Liquidity 50.0 | Health 50.0
2026-07-01 19:01:53,484 | INFO     | app.engines.decisions | 19:01:53 | Ultra Engine | WAIT | Phase IDLE
  - Broker not connected
  Confidence 0.0% | Opportunity 0.0 | Entry Quality 0.0 | Momentum 0.0 | Liquidity 0.0 | Health 0.0
2026-07-01 19:01:55,487 | INFO     | app.engines.decisions | 19:01:55 | Normal Engine | BLOCKED | Phase IDLE
  - Broker not connected
  Confidence 0.0% | Opportunity 0.0 | Entry Quality 0.0 | Momentum 0.0 | Liquidity 0.0 | Health 0.0
2026-07-01 19:01:55,488 | INFO     | app.engines.decisions | 19:01:55 | Wick Engine | WAIT | Phase IDLE
  - Broker not connected
  Confidence 0.0% | Opportunity 0.0 | Entry Quality 0.0 | Momentum 0.0 | Liquidity 50.0 | Health 50.0
2026-07-01 19:01:55,488 | INFO     | app.engines.decisions | 19:01:55 | Ultra Engine | WAIT | Phase IDLE
  - Broker not connected
  Confidence 0.0% | Opportunity 0.0 | Entry Quality 0.0 | Momentum 0.0 | Liquidity 0.0 | Health 0.0
2026-07-01 19:01:57,492 | INFO     | app.engines.decisions | 19:01:57 | Normal Engine | BLOCKED | Phase IDLE
  - Broker not connected
  Confidence 0.0% | Opportunity 0.0 | Entry Quality 0.0 | Momentum 0.0 | Liquidity 0.0 | Health 0.0
2026-07-01 19:01:57,493 | INFO     | app.engines.decisions | 19:01:57 | Wick Engine | WAIT | Phase IDLE
  - Broker not connected
  Confidence 0.0% | Opportunity 0.0 | Entry Quality 0.0 | Momentum 0.0 | Liquidity 50.0 | Health 50.0
2026-07-01 19:01:57,494 | INFO     | app.engines.decisions | 19:01:57 | Ultra Engine | WAIT | Phase IDLE
  - Broker not connected
  Confidence 0.0% | Opportunity 0.0 | Entry Quality 0.0 | Momentum 0.0 | Liquidity 0.0 | Health 0.0
2026-07-01 19:01:59,498 | INFO     | app.engines.decisions | 19:01:59 | Normal Engine | BLOCKED | Phase IDLE
  - Broker not connected
  Confidence 0.0% | Opportunity 0.0 | Entry Quality 0.0 | Momentum 0.0 | Liquidity 0.0 | Health 0.0
2026-07-01 19:01:59,498 | INFO     | app.engines.decisions | 19:01:59 | Wick Engine | WAIT | Phase IDLE
  - Broker not connected
  Confidence 0.0% | Opportunity 0.0 | Entry Quality 0.0 | Momentum 0.0 | Liquidity 50.0 | Health 50.0
2026-07-01 19:01:59,498 | INFO     | app.engines.decisions | 19:01:59 | Ultra Engine | WAIT | Phase IDLE
  - Broker not connected
  Confidence 0.0% | Opportunity 0.0 | Entry Quality 0.0 | Momentum 0.0 | Liquidity 0.0 | Health 0.0
2026-07-01 19:02:01,501 | INFO     | app.engines.decisions | 19:02:01 | Normal Engine | BLOCKED | Phase IDLE
  - Broker not connected
  Confidence 0.0% | Opportunity 0.0 | Entry Quality 0.0 | Momentum 0.0 | Liquidity 0.0 | Health 0.0
2026-07-01 19:02:01,502 | INFO     | app.engines.decisions | 19:02:01 | Wick Engine | WAIT | Phase IDLE
  - Broker not connected
  Confidence 0.0% | Opportunity 0.0 | Entry Quality 0.0 | Momentum 0.0 | Liquidity 50.0 | Health 50.0
2026-07-01 19:02:01,502 | INFO     | app.engines.decisions | 19:02:01 | Ultra Engine | WAIT | Phase IDLE
  - Broker not connected
  Confidence 0.0% | Opportunity 0.0 | Entry Quality 0.0 | Momentum 0.0 | Liquidity 0.0 | Health 0.0
2026-07-01 19:02:03,507 | INFO     | app.engines.decisions | 19:02:03 | Normal Engine | BLOCKED | Phase IDLE
  - Broker not connected
  Confidence 0.0% | Opportunity 0.0 | Entry Quality 0.0 | Momentum 0.0 | Liquidity 0.0 | Health 0.0
2026-07-01 19:02:03,508 | INFO     | app.engines.decisions | 19:02:03 | Wick Engine | WAIT | Phase IDLE
  - Broker not connected
  Confidence 0.0% | Opportunity 0.0 | Entry Quality 0.0 | Momentum 0.0 | Liquidity 50.0 | Health 50.0
2026-07-01 19:02:03,508 | INFO     | app.engines.decisions | 19:02:03 | Ultra Engine | WAIT | Phase IDLE
  - Broker not connected
  Confidence 0.0% | Opportunity 0.0 | Entry Quality 0.0 | Momentum 0.0 | Liquidity 0.0 | Health 0.0
2026-07-01 19:02:05,511 | INFO     | app.engines.decisions | 19:02:05 | Normal Engine | BLOCKED | Phase IDLE
  - Broker not connected
  Confidence 0.0% | Opportunity 0.0 | Entry Quality 0.0 | Momentum 0.0 | Liquidity 0.0 | Health 0.0
2026-07-01 19:02:05,512 | INFO     | app.engines.decisions | 19:02:05 | Wick Engine | WAIT | Phase IDLE
  - Broker not connected
  Confidence 0.0% | Opportunity 0.0 | Entry Quality 0.0 | Momentum 0.0 | Liquidity 50.0 | Health 50.0
2026-07-01 19:02:05,512 | INFO     | app.engines.decisions | 19:02:05 | Ultra Engine | WAIT | Phase IDLE
  - Broker not connected
  Confidence 0.0% | Opportunity 0.0 | Entry Quality 0.0 | Momentum 0.0 | Liquidity 0.0 | Health 0.0
2026-07-01 19:02:07,515 | INFO     | app.engines.decisions | 19:02:07 | Normal Engine | BLOCKED | Phase IDLE
  - Broker not connected
  Confidence 0.0% | Opportunity 0.0 | Entry Quality 0.0 | Momentum 0.0 | Liquidity 0.0 | Health 0.0
2026-07-01 19:02:07,516 | INFO     | app.engines.decisions | 19:02:07 | Wick Engine | WAIT | Phase IDLE
  - Broker not connected
  Confidence 0.0% | Opportunity 0.0 | Entry Quality 0.0 | Momentum 0.0 | Liquidity 50.0 | Health 50.0
2026-07-01 19:02:07,516 | INFO     | app.engines.decisions | 19:02:07 | Ultra Engine | WAIT | Phase IDLE
  - Broker not connected
  Confidence 0.0% | Opportunity 0.0 | Entry Quality 0.0 | Momentum 0.0 | Liquidity 0.0 | Health 0.0
2026-07-01 19:02:09,519 | INFO     | app.engines.decisions | 19:02:09 | Normal Engine | BLOCKED | Phase IDLE
  - Broker not connected
  Confidence 0.0% | Opportunity 0.0 | Entry Quality 0.0 | Momentum 0.0 | Liquidity 0.0 | Health 0.0
2026-07-01 19:02:09,520 | INFO     | app.engines.decisions | 19:02:09 | Wick Engine | WAIT | Phase IDLE
  - Broker not connected
  Confidence 0.0% | Opportunity 0.0 | Entry Quality 0.0 | Momentum 0.0 | Liquidity 50.0 | Health 50.0
2026-07-01 19:02:09,520 | INFO     | app.engines.decisions | 19:02:09 | Ultra Engine | WAIT | Phase IDLE
  - Broker not connected
  Confidence 0.0% | Opportunity 0.0 | Entry Quality 0.0 | Momentum 0.0 | Liquidity 0.0 | Health 0.0
2026-07-01 19:02:11,521 | INFO     | app.engines.decisions | 19:02:11 | Normal Engine | BLOCKED | Phase IDLE
  - Broker not connected
  Confidence 0.0% | Opportunity 0.0 | Entry Quality 0.0 | Momentum 0.0 | Liquidity 0.0 | Health 0.0
2026-07-01 19:02:11,522 | INFO     | app.engines.decisions | 19:02:11 | Wick Engine | WAIT | Phase IDLE
  - Broker not connected
  Confidence 0.0% | Opportunity 0.0 | Entry Quality 0.0 | Momentum 0.0 | Liquidity 50.0 | Health 50.0
2026-07-01 19:02:11,522 | INFO     | app.engines.decisions | 19:02:11 | Ultra Engine | WAIT | Phase IDLE
  - Broker not connected
  Confidence 0.0% | Opportunity 0.0 | Entry Quality 0.0 | Momentum 0.0 | Liquidity 0.0 | Health 0.0
2026-07-01 19:02:13,524 | INFO     | app.engines.decisions | 19:02:13 | Normal Engine | BLOCKED | Phase IDLE
  - Broker not connected
  Confidence 0.0% | Opportunity 0.0 | Entry Quality 0.0 | Momentum 0.0 | Liquidity 0.0 | Health 0.0
2026-07-01 19:02:13,524 | INFO     | app.engines.decisions | 19:02:13 | Wick Engine | WAIT | Phase IDLE
  - Broker not connected
  Confidence 0.0% | Opportunity 0.0 | Entry Quality 0.0 | Momentum 0.0 | Liquidity 50.0 | Health 50.0
2026-07-01 19:02:13,524 | INFO     | app.engines.decisions | 19:02:13 | Ultra Engine | WAIT | Phase IDLE
  - Broker not connected
  Confidence 0.0% | Opportunity 0.0 | Entry Quality 0.0 | Momentum 0.0 | Liquidity 0.0 | Health 0.0
2026-07-01 19:02:15,528 | INFO     | app.engines.decisions | 19:02:15 | Normal Engine | BLOCKED | Phase IDLE
  - Broker not connected
  Confidence 0.0% | Opportunity 0.0 | Entry Quality 0.0 | Momentum 0.0 | Liquidity 0.0 | Health 0.0
2026-07-01 19:02:15,531 | INFO     | app.engines.decisions | 19:02:15 | Wick Engine | WAIT | Phase IDLE
  - Broker not connected
  Confidence 0.0% | Opportunity 0.0 | Entry Quality 0.0 | Momentum 0.0 | Liquidity 50.0 | Health 50.0
2026-07-01 19:02:15,532 | INFO     | app.engines.decisions | 19:02:15 | Ultra Engine | WAIT | Phase IDLE
  - Broker not connected
  Confidence 0.0% | Opportunity 0.0 | Entry Quality 0.0 | Momentum 0.0 | Liquidity 0.0 | Health 0.0
2026-07-01 19:02:17,534 | INFO     | app.engines.decisions | 19:02:17 | Normal Engine | BLOCKED | Phase IDLE
  - Broker not connected
  Confidence 0.0% | Opportunity 0.0 | Entry Quality 0.0 | Momentum 0.0 | Liquidity 0.0 | Health 0.0
2026-07-01 19:02:17,535 | INFO     | app.engines.decisions | 19:02:17 | Wick Engine | WAIT | Phase IDLE
  - Broker not connected
  Confidence 0.0% | Opportunity 0.0 | Entry Quality 0.0 | Momentum 0.0 | Liquidity 50.0 | Health 50.0
2026-07-01 19:02:17,535 | INFO     | app.engines.decisions | 19:02:17 | Ultra Engine | WAIT | Phase IDLE
  - Broker not connected
  Confidence 0.0% | Opportunity 0.0 | Entry Quality 0.0 | Momentum 0.0 | Liquidity 0.0 | Health 0.0
2026-07-01 19:02:19,537 | INFO     | app.engines.decisions | 19:02:19 | Normal Engine | BLOCKED | Phase IDLE
  - Broker not connected
  Confidence 0.0% | Opportunity 0.0 | Entry Quality 0.0 | Momentum 0.0 | Liquidity 0.0 | Health 0.0
2026-07-01 19:02:19,538 | INFO     | app.engines.decisions | 19:02:19 | Wick Engine | WAIT | Phase IDLE
  - Broker not connected
  Confidence 0.0% | Opportunity 0.0 | Entry Quality 0.0 | Momentum 0.0 | Liquidity 50.0 | Health 50.0
2026-07-01 19:02:19,538 | INFO     | app.engines.decisions | 19:02:19 | Ultra Engine | WAIT | Phase IDLE
  - Broker not connected
  Confidence 0.0% | Opportunity 0.0 | Entry Quality 0.0 | Momentum 0.0 | Liquidity 0.0 | Health 0.0
2026-07-01 19:02:21,541 | INFO     | app.engines.decisions | 19:02:21 | Normal Engine | BLOCKED | Phase IDLE
  - Broker not connected
  Confidence 0.0% | Opportunity 0.0 | Entry Quality 0.0 | Momentum 0.0 | Liquidity 0.0 | Health 0.0
2026-07-01 19:02:21,541 | INFO     | app.engines.decisions | 19:02:21 | Wick Engine | WAIT | Phase IDLE
  - Broker not connected
  Confidence 0.0% | Opportunity 0.0 | Entry Quality 0.0 | Momentum 0.0 | Liquidity 50.0 | Health 50.0
2026-07-01 19:02:21,541 | INFO     | app.engines.decisions | 19:02:21 | Ultra Engine | WAIT | Phase IDLE
  - Broker not connected
  Confidence 0.0% | Opportunity 0.0 | Entry Quality 0.0 | Momentum 0.0 | Liquidity 0.0 | Health 0.0
2026-07-01 19:02:23,543 | INFO     | app.engines.decisions | 19:02:23 | Normal Engine | BLOCKED | Phase IDLE
  - Broker not connected
  Confidence 0.0% | Opportunity 0.0 | Entry Quality 0.0 | Momentum 0.0 | Liquidity 0.0 | Health 0.0
2026-07-01 19:02:23,543 | INFO     | app.engines.decisions | 19:02:23 | Wick Engine | WAIT | Phase IDLE
  - Broker not connected
  Confidence 0.0% | Opportunity 0.0 | Entry Quality 0.0 | Momentum 0.0 | Liquidity 50.0 | Health 50.0
2026-07-01 19:02:23,544 | INFO     | app.engines.decisions | 19:02:23 | Ultra Engine | WAIT | Phase IDLE
  - Broker not connected
  Confidence 0.0% | Opportunity 0.0 | Entry Quality 0.0 | Momentum 0.0 | Liquidity 0.0 | Health 0.0
2026-07-01 19:02:25,546 | INFO     | app.engines.decisions | 19:02:25 | Normal Engine | BLOCKED | Phase IDLE
  - Broker not connected
  Confidence 0.0% | Opportunity 0.0 | Entry Quality 0.0 | Momentum 0.0 | Liquidity 0.0 | Health 0.0
2026-07-01 19:02:25,547 | INFO     | app.engines.decisions | 19:02:25 | Wick Engine | WAIT | Phase IDLE
  - Broker not connected
  Confidence 0.0% | Opportunity 0.0 | Entry Quality 0.0 | Momentum 0.0 | Liquidity 50.0 | Health 50.0
2026-07-01 19:02:25,547 | INFO     | app.engines.decisions | 19:02:25 | Ultra Engine | WAIT | Phase IDLE
  - Broker not connected
  Confidence 0.0% | Opportunity 0.0 | Entry Quality 0.0 | Momentum 0.0 | Liquidity 0.0 | Health 0.0
2026-07-01 19:02:27,549 | INFO     | app.engines.decisions | 19:02:27 | Normal Engine | BLOCKED | Phase IDLE
  - Broker not connected
  Confidence 0.0% | Opportunity 0.0 | Entry Quality 0.0 | Momentum 0.0 | Liquidity 0.0 | Health 0.0
2026-07-01 19:02:27,549 | INFO     | app.engines.decisions | 19:02:27 | Wick Engine | WAIT | Phase IDLE
  - Broker not connected
  Confidence 0.0% | Opportunity 0.0 | Entry Quality 0.0 | Momentum 0.0 | Liquidity 50.0 | Health 50.0
2026-07-01 19:02:27,550 | INFO     | app.engines.decisions | 19:02:27 | Ultra Engine | WAIT | Phase IDLE
  - Broker not connected
  Confidence 0.0% | Opportunity 0.0 | Entry Quality 0.0 | Momentum 0.0 | Liquidity 0.0 | Health 0.0
2026-07-01 19:02:29,552 | INFO     | app.engines.decisions | 19:02:29 | Normal Engine | BLOCKED | Phase IDLE
  - Broker not connected
  Confidence 0.0% | Opportunity 0.0 | Entry Quality 0.0 | Momentum 0.0 | Liquidity 0.0 | Health 0.0
2026-07-01 19:02:29,553 | INFO     | app.engines.decisions | 19:02:29 | Wick Engine | WAIT | Phase IDLE
  - Broker not connected
  Confidence 0.0% | Opportunity 0.0 | Entry Quality 0.0 | Momentum 0.0 | Liquidity 50.0 | Health 50.0
2026-07-01 19:02:29,553 | INFO     | app.engines.decisions | 19:02:29 | Ultra Engine | WAIT | Phase IDLE
  - Broker not connected
  Confidence 0.0% | Opportunity 0.0 | Entry Quality 0.0 | Momentum 0.0 | Liquidity 0.0 | Health 0.0
2026-07-01 19:02:31,556 | INFO     | app.engines.decisions | 19:02:31 | Normal Engine | BLOCKED | Phase IDLE
  - Broker not connected
  Confidence 0.0% | Opportunity 0.0 | Entry Quality 0.0 | Momentum 0.0 | Liquidity 0.0 | Health 0.0
2026-07-01 19:02:31,556 | INFO     | app.engines.decisions | 19:02:31 | Wick Engine | WAIT | Phase IDLE
  - Broker not connected
  Confidence 0.0% | Opportunity 0.0 | Entry Quality 0.0 | Momentum 0.0 | Liquidity 50.0 | Health 50.0
2026-07-01 19:02:31,556 | INFO     | app.engines.decisions | 19:02:31 | Ultra Engine | WAIT | Phase IDLE
  - Broker not connected
  Confidence 0.0% | Opportunity 0.0 | Entry Quality 0.0 | Momentum 0.0 | Liquidity 0.0 | Health 0.0
2026-07-01 19:02:33,557 | INFO     | app.engines.decisions | 19:02:33 | Normal Engine | BLOCKED | Phase IDLE
  - Broker not connected
  Confidence 0.0% | Opportunity 0.0 | Entry Quality 0.0 | Momentum 0.0 | Liquidity 0.0 | Health 0.0
2026-07-01 19:02:33,558 | INFO     | app.engines.decisions | 19:02:33 | Wick Engine | WAIT | Phase IDLE
  - Broker not connected
  Confidence 0.0% | Opportunity 0.0 | Entry Quality 0.0 | Momentum 0.0 | Liquidity 50.0 | Health 50.0
2026-07-01 19:02:33,558 | INFO     | app.engines.decisions | 19:02:33 | Ultra Engine | WAIT | Phase IDLE
  - Broker not connected
  Confidence 0.0% | Opportunity 0.0 | Entry Quality 0.0 | Momentum 0.0 | Liquidity 0.0 | Health 0.0
2026-07-01 19:02:35,559 | INFO     | app.engines.decisions | 19:02:35 | Normal Engine | BLOCKED | Phase IDLE
  - Broker not connected
  Confidence 0.0% | Opportunity 0.0 | Entry Quality 0.0 | Momentum 0.0 | Liquidity 0.0 | Health 0.0
2026-07-01 19:02:35,560 | INFO     | app.engines.decisions | 19:02:35 | Wick Engine | WAIT | Phase IDLE
  - Broker not connected
  Confidence 0.0% | Opportunity 0.0 | Entry Quality 0.0 | Momentum 0.0 | Liquidity 50.0 | Health 50.0
2026-07-01 19:02:35,560 | INFO     | app.engines.decisions | 19:02:35 | Ultra Engine | WAIT | Phase IDLE
  - Broker not connected
  Confidence 0.0% | Opportunity 0.0 | Entry Quality 0.0 | Momentum 0.0 | Liquidity 0.0 | Health 0.0
2026-07-01 19:02:37,563 | INFO     | app.engines.decisions | 19:02:37 | Normal Engine | BLOCKED | Phase IDLE
  - Broker not connected
  Confidence 0.0% | Opportunity 0.0 | Entry Quality 0.0 | Momentum 0.0 | Liquidity 0.0 | Health 0.0
2026-07-01 19:02:37,564 | INFO     | app.engines.decisions | 19:02:37 | Wick Engine | WAIT | Phase IDLE
  - Broker not connected
  Confidence 0.0% | Opportunity 0.0 | Entry Quality 0.0 | Momentum 0.0 | Liquidity 50.0 | Health 50.0
2026-07-01 19:02:37,564 | INFO     | app.engines.decisions | 19:02:37 | Ultra Engine | WAIT | Phase IDLE
  - Broker not connected
  Confidence 0.0% | Opportunity 0.0 | Entry Quality 0.0 | Momentum 0.0 | Liquidity 0.0 | Health 0.0
2026-07-01 19:02:39,566 | INFO     | app.engines.decisions | 19:02:39 | Normal Engine | BLOCKED | Phase IDLE
  - Broker not connected
  Confidence 0.0% | Opportunity 0.0 | Entry Quality 0.0 | Momentum 0.0 | Liquidity 0.0 | Health 0.0
2026-07-01 19:02:39,566 | INFO     | app.engines.decisions | 19:02:39 | Wick Engine | WAIT | Phase IDLE
  - Broker not connected
  Confidence 0.0% | Opportunity 0.0 | Entry Quality 0.0 | Momentum 0.0 | Liquidity 50.0 | Health 50.0
2026-07-01 19:02:39,566 | INFO     | app.engines.decisions | 19:02:39 | Ultra Engine | WAIT | Phase IDLE
  - Broker not connected
  Confidence 0.0% | Opportunity 0.0 | Entry Quality 0.0 | Momentum 0.0 | Liquidity 0.0 | Health 0.0
2026-07-01 19:02:41,568 | INFO     | app.engines.decisions | 19:02:41 | Normal Engine | BLOCKED | Phase IDLE
  - Broker not connected
  Confidence 0.0% | Opportunity 0.0 | Entry Quality 0.0 | Momentum 0.0 | Liquidity 0.0 | Health 0.0
2026-07-01 19:02:41,569 | INFO     | app.engines.decisions | 19:02:41 | Wick Engine | WAIT | Phase IDLE
  - Broker not connected
  Confidence 0.0% | Opportunity 0.0 | Entry Quality 0.0 | Momentum 0.0 | Liquidity 50.0 | Health 50.0
2026-07-01 19:02:41,569 | INFO     | app.engines.decisions | 19:02:41 | Ultra Engine | WAIT | Phase IDLE
  - Broker not connected
  Confidence 0.0% | Opportunity 0.0 | Entry Quality 0.0 | Momentum 0.0 | Liquidity 0.0 | Health 0.0
2026-07-01 19:02:43,570 | INFO     | app.engines.decisions | 19:02:43 | Normal Engine | BLOCKED | Phase IDLE
  - Broker not connected
  Confidence 0.0% | Opportunity 0.0 | Entry Quality 0.0 | Momentum 0.0 | Liquidity 0.0 | Health 0.0
2026-07-01 19:02:43,571 | INFO     | app.engines.decisions | 19:02:43 | Wick Engine | WAIT | Phase IDLE
  - Broker not connected
  Confidence 0.0% | Opportunity 0.0 | Entry Quality 0.0 | Momentum 0.0 | Liquidity 50.0 | Health 50.0
2026-07-01 19:02:43,571 | INFO     | app.engines.decisions | 19:02:43 | Ultra Engine | WAIT | Phase IDLE
  - Broker not connected
  Confidence 0.0% | Opportunity 0.0 | Entry Quality 0.0 | Momentum 0.0 | Liquidity 0.0 | Health 0.0
2026-07-01 19:02:45,573 | INFO     | app.engines.decisions | 19:02:45 | Normal Engine | BLOCKED | Phase IDLE
  - Broker not connected
  Confidence 0.0% | Opportunity 0.0 | Entry Quality 0.0 | Momentum 0.0 | Liquidity 0.0 | Health 0.0
2026-07-01 19:02:45,574 | INFO     | app.engines.decisions | 19:02:45 | Wick Engine | WAIT | Phase IDLE
  - Broker not connected
  Confidence 0.0% | Opportunity 0.0 | Entry Quality 0.0 | Momentum 0.0 | Liquidity 50.0 | Health 50.0
2026-07-01 19:02:45,574 | INFO     | app.engines.decisions | 19:02:45 | Ultra Engine | WAIT | Phase IDLE
  - Broker not connected
  Confidence 0.0% | Opportunity 0.0 | Entry Quality 0.0 | Momentum 0.0 | Liquidity 0.0 | Health 0.0
2026-07-01 19:02:47,577 | INFO     | app.engines.decisions | 19:02:47 | Normal Engine | BLOCKED | Phase IDLE
  - Broker not connected
  Confidence 0.0% | Opportunity 0.0 | Entry Quality 0.0 | Momentum 0.0 | Liquidity 0.0 | Health 0.0
2026-07-01 19:02:47,577 | INFO     | app.engines.decisions | 19:02:47 | Wick Engine | WAIT | Phase IDLE
  - Broker not connected
  Confidence 0.0% | Opportunity 0.0 | Entry Quality 0.0 | Momentum 0.0 | Liquidity 50.0 | Health 50.0
2026-07-01 19:02:47,578 | INFO     | app.engines.decisions | 19:02:47 | Ultra Engine | WAIT | Phase IDLE
  - Broker not connected
  Confidence 0.0% | Opportunity 0.0 | Entry Quality 0.0 | Momentum 0.0 | Liquidity 0.0 | Health 0.0
2026-07-01 19:02:49,579 | INFO     | app.engines.decisions | 19:02:49 | Normal Engine | BLOCKED | Phase IDLE
  - Broker not connected
  Confidence 0.0% | Opportunity 0.0 | Entry Quality 0.0 | Momentum 0.0 | Liquidity 0.0 | Health 0.0
2026-07-01 19:02:49,580 | INFO     | app.engines.decisions | 19:02:49 | Wick Engine | WAIT | Phase IDLE
  - Broker not connected
  Confidence 0.0% | Opportunity 0.0 | Entry Quality 0.0 | Momentum 0.0 | Liquidity 50.0 | Health 50.0
2026-07-01 19:02:49,580 | INFO     | app.engines.decisions | 19:02:49 | Ultra Engine | WAIT | Phase IDLE
  - Broker not connected
  Confidence 0.0% | Opportunity 0.0 | Entry Quality 0.0 | Momentum 0.0 | Liquidity 0.0 | Health 0.0
2026-07-01 19:02:51,582 | INFO     | app.engines.decisions | 19:02:51 | Normal Engine | BLOCKED | Phase IDLE
  - Broker not connected
  Confidence 0.0% | Opportunity 0.0 | Entry Quality 0.0 | Momentum 0.0 | Liquidity 0.0 | Health 0.0
2026-07-01 19:02:51,582 | INFO     | app.engines.decisions | 19:02:51 | Wick Engine | WAIT | Phase IDLE
  - Broker not connected
  Confidence 0.0% | Opportunity 0.0 | Entry Quality 0.0 | Momentum 0.0 | Liquidity 50.0 | Health 50.0
2026-07-01 19:02:51,582 | INFO     | app.engines.decisions | 19:02:51 | Ultra Engine | WAIT | Phase IDLE
  - Broker not connected
  Confidence 0.0% | Opportunity 0.0 | Entry Quality 0.0 | Momentum 0.0 | Liquidity 0.0 | Health 0.0
2026-07-01 19:02:53,585 | INFO     | app.engines.decisions | 19:02:53 | Normal Engine | BLOCKED | Phase IDLE
  - Broker not connected
  Confidence 0.0% | Opportunity 0.0 | Entry Quality 0.0 | Momentum 0.0 | Liquidity 0.0 | Health 0.0
2026-07-01 19:02:53,586 | INFO     | app.engines.decisions | 19:02:53 | Wick Engine | WAIT | Phase IDLE
  - Broker not connected
  Confidence 0.0% | Opportunity 0.0 | Entry Quality 0.0 | Momentum 0.0 | Liquidity 50.0 | Health 50.0
2026-07-01 19:02:53,586 | INFO     | app.engines.decisions | 19:02:53 | Ultra Engine | WAIT | Phase IDLE
  - Broker not connected
  Confidence 0.0% | Opportunity 0.0 | Entry Quality 0.0 | Momentum 0.0 | Liquidity 0.0 | Health 0.0
2026-07-01 19:02:55,588 | INFO     | app.engines.decisions | 19:02:55 | Normal Engine | BLOCKED | Phase IDLE
  - Broker not connected
  Confidence 0.0% | Opportunity 0.0 | Entry Quality 0.0 | Momentum 0.0 | Liquidity 0.0 | Health 0.0
2026-07-01 19:02:55,589 | INFO     | app.engines.decisions | 19:02:55 | Wick Engine | WAIT | Phase IDLE
  - Broker not connected
  Confidence 0.0% | Opportunity 0.0 | Entry Quality 0.0 | Momentum 0.0 | Liquidity 50.0 | Health 50.0
2026-07-01 19:02:55,589 | INFO     | app.engines.decisions | 19:02:55 | Ultra Engine | WAIT | Phase IDLE
  - Broker not connected
  Confidence 0.0% | Opportunity 0.0 | Entry Quality 0.0 | Momentum 0.0 | Liquidity 0.0 | Health 0.0
2026-07-01 19:02:57,594 | INFO     | app.engines.decisions | 19:02:57 | Normal Engine | BLOCKED | Phase IDLE
  - Broker not connected
  Confidence 0.0% | Opportunity 0.0 | Entry Quality 0.0 | Momentum 0.0 | Liquidity 0.0 | Health 0.0
2026-07-01 19:02:57,596 | INFO     | app.engines.decisions | 19:02:57 | Wick Engine | WAIT | Phase IDLE
  - Broker not connected
  Confidence 0.0% | Opportunity 0.0 | Entry Quality 0.0 | Momentum 0.0 | Liquidity 50.0 | Health 50.0
2026-07-01 19:02:57,596 | INFO     | app.engines.decisions | 19:02:57 | Ultra Engine | WAIT | Phase IDLE
  - Broker not connected
  Confidence 0.0% | Opportunity 0.0 | Entry Quality 0.0 | Momentum 0.0 | Liquidity 0.0 | Health 0.0
2026-07-01 19:02:59,598 | INFO     | app.engines.decisions | 19:02:59 | Normal Engine | BLOCKED | Phase IDLE
  - Broker not connected
  Confidence 0.0% | Opportunity 0.0 | Entry Quality 0.0 | Momentum 0.0 | Liquidity 0.0 | Health 0.0
2026-07-01 19:02:59,599 | INFO     | app.engines.decisions | 19:02:59 | Wick Engine | WAIT | Phase IDLE
  - Broker not connected
  Confidence 0.0% | Opportunity 0.0 | Entry Quality 0.0 | Momentum 0.0 | Liquidity 50.0 | Health 50.0
2026-07-01 19:02:59,599 | INFO     | app.engines.decisions | 19:02:59 | Ultra Engine | WAIT | Phase IDLE
  - Broker not connected
  Confidence 0.0% | Opportunity 0.0 | Entry Quality 0.0 | Momentum 0.0 | Liquidity 0.0 | Health 0.0
2026-07-01 19:03:01,600 | INFO     | app.engines.decisions | 19:03:01 | Normal Engine | BLOCKED | Phase IDLE
  - Broker not connected
  Confidence 0.0% | Opportunity 0.0 | Entry Quality 0.0 | Momentum 0.0 | Liquidity 0.0 | Health 0.0
2026-07-01 19:03:01,600 | INFO     | app.engines.decisions | 19:03:01 | Wick Engine | WAIT | Phase IDLE
  - Broker not connected
  Confidence 0.0% | Opportunity 0.0 | Entry Quality 0.0 | Momentum 0.0 | Liquidity 50.0 | Health 50.0
2026-07-01 19:03:01,602 | INFO     | app.engines.decisions | 19:03:01 | Ultra Engine | WAIT | Phase IDLE
  - Broker not connected
  Confidence 0.0% | Opportunity 0.0 | Entry Quality 0.0 | Momentum 0.0 | Liquidity 0.0 | Health 0.0
2026-07-01 19:03:03,605 | INFO     | app.engines.decisions | 19:03:03 | Normal Engine | BLOCKED | Phase IDLE
  - Broker not connected
  Confidence 0.0% | Opportunity 0.0 | Entry Quality 0.0 | Momentum 0.0 | Liquidity 0.0 | Health 0.0
2026-07-01 19:03:03,606 | INFO     | app.engines.decisions | 19:03:03 | Wick Engine | WAIT | Phase IDLE
  - Broker not connected
  Confidence 0.0% | Opportunity 0.0 | Entry Quality 0.0 | Momentum 0.0 | Liquidity 50.0 | Health 50.0
2026-07-01 19:03:03,606 | INFO     | app.engines.decisions | 19:03:03 | Ultra Engine | WAIT | Phase IDLE
  - Broker not connected
  Confidence 0.0% | Opportunity 0.0 | Entry Quality 0.0 | Momentum 0.0 | Liquidity 0.0 | Health 0.0
2026-07-01 19:03:05,607 | INFO     | app.engines.decisions | 19:03:05 | Normal Engine | BLOCKED | Phase IDLE
  - Broker not connected
  Confidence 0.0% | Opportunity 0.0 | Entry Quality 0.0 | Momentum 0.0 | Liquidity 0.0 | Health 0.0
2026-07-01 19:03:05,608 | INFO     | app.engines.decisions | 19:03:05 | Wick Engine | WAIT | Phase IDLE
  - Broker not connected
  Confidence 0.0% | Opportunity 0.0 | Entry Quality 0.0 | Momentum 0.0 | Liquidity 50.0 | Health 50.0
2026-07-01 19:03:05,608 | INFO     | app.engines.decisions | 19:03:05 | Ultra Engine | WAIT | Phase IDLE
  - Broker not connected
  Confidence 0.0% | Opportunity 0.0 | Entry Quality 0.0 | Momentum 0.0 | Liquidity 0.0 | Health 0.0
2026-07-01 19:03:07,613 | INFO     | app.engines.decisions | 19:03:07 | Normal Engine | BLOCKED | Phase IDLE
  - Broker not connected
  Confidence 0.0% | Opportunity 0.0 | Entry Quality 0.0 | Momentum 0.0 | Liquidity 0.0 | Health 0.0
2026-07-01 19:03:07,618 | INFO     | app.engines.decisions | 19:03:07 | Wick Engine | WAIT | Phase IDLE
  - Broker not connected
  Confidence 0.0% | Opportunity 0.0 | Entry Quality 0.0 | Momentum 0.0 | Liquidity 50.0 | Health 50.0
2026-07-01 19:03:07,619 | INFO     | app.engines.decisions | 19:03:07 | Ultra Engine | WAIT | Phase IDLE
  - Broker not connected
  Confidence 0.0% | Opportunity 0.0 | Entry Quality 0.0 | Momentum 0.0 | Liquidity 0.0 | Health 0.0
2026-07-01 19:03:09,622 | INFO     | app.engines.decisions | 19:03:09 | Normal Engine | BLOCKED | Phase IDLE
  - Broker not connected
  Confidence 0.0% | Opportunity 0.0 | Entry Quality 0.0 | Momentum 0.0 | Liquidity 0.0 | Health 0.0
2026-07-01 19:03:09,622 | INFO     | app.engines.decisions | 19:03:09 | Wick Engine | WAIT | Phase IDLE
  - Broker not connected
  Confidence 0.0% | Opportunity 0.0 | Entry Quality 0.0 | Momentum 0.0 | Liquidity 50.0 | Health 50.0
2026-07-01 19:03:09,622 | INFO     | app.engines.decisions | 19:03:09 | Ultra Engine | WAIT | Phase IDLE
  - Broker not connected
  Confidence 0.0% | Opportunity 0.0 | Entry Quality 0.0 | Momentum 0.0 | Liquidity 0.0 | Health 0.0
2026-07-01 19:03:11,624 | INFO     | app.engines.decisions | 19:03:11 | Normal Engine | BLOCKED | Phase IDLE
  - Broker not connected
  Confidence 0.0% | Opportunity 0.0 | Entry Quality 0.0 | Momentum 0.0 | Liquidity 0.0 | Health 0.0
2026-07-01 19:03:11,625 | INFO     | app.engines.decisions | 19:03:11 | Wick Engine | WAIT | Phase IDLE
  - Broker not connected
  Confidence 0.0% | Opportunity 0.0 | Entry Quality 0.0 | Momentum 0.0 | Liquidity 50.0 | Health 50.0
2026-07-01 19:03:11,625 | INFO     | app.engines.decisions | 19:03:11 | Ultra Engine | WAIT | Phase IDLE
  - Broker not connected
  Confidence 0.0% | Opportunity 0.0 | Entry Quality 0.0 | Momentum 0.0 | Liquidity 0.0 | Health 0.0
2026-07-01 19:03:13,626 | INFO     | app.engines.decisions | 19:03:13 | Normal Engine | BLOCKED | Phase IDLE
  - Broker not connected
  Confidence 0.0% | Opportunity 0.0 | Entry Quality 0.0 | Momentum 0.0 | Liquidity 0.0 | Health 0.0
2026-07-01 19:03:13,627 | INFO     | app.engines.decisions | 19:03:13 | Wick Engine | WAIT | Phase IDLE
  - Broker not connected
  Confidence 0.0% | Opportunity 0.0 | Entry Quality 0.0 | Momentum 0.0 | Liquidity 50.0 | Health 50.0
2026-07-01 19:03:13,627 | INFO     | app.engines.decisions | 19:03:13 | Ultra Engine | WAIT | Phase IDLE
  - Broker not connected
  Confidence 0.0% | Opportunity 0.0 | Entry Quality 0.0 | Momentum 0.0 | Liquidity 0.0 | Health 0.0
2026-07-01 19:03:15,627 | INFO     | app.engines.decisions | 19:03:15 | Normal Engine | BLOCKED | Phase IDLE
  - Broker not connected
  Confidence 0.0% | Opportunity 0.0 | Entry Quality 0.0 | Momentum 0.0 | Liquidity 0.0 | Health 0.0
2026-07-01 19:03:15,628 | INFO     | app.engines.decisions | 19:03:15 | Wick Engine | WAIT | Phase IDLE
  - Broker not connected
  Confidence 0.0% | Opportunity 0.0 | Entry Quality 0.0 | Momentum 0.0 | Liquidity 50.0 | Health 50.0
2026-07-01 19:03:15,629 | INFO     | app.engines.decisions | 19:03:15 | Ultra Engine | WAIT | Phase IDLE
  - Broker not connected
  Confidence 0.0% | Opportunity 0.0 | Entry Quality 0.0 | Momentum 0.0 | Liquidity 0.0 | Health 0.0
2026-07-01 19:03:17,630 | INFO     | app.engines.decisions | 19:03:17 | Normal Engine | BLOCKED | Phase IDLE
  - Broker not connected
  Confidence 0.0% | Opportunity 0.0 | Entry Quality 0.0 | Momentum 0.0 | Liquidity 0.0 | Health 0.0
2026-07-01 19:03:17,630 | INFO     | app.engines.decisions | 19:03:17 | Wick Engine | WAIT | Phase IDLE
  - Broker not connected
  Confidence 0.0% | Opportunity 0.0 | Entry Quality 0.0 | Momentum 0.0 | Liquidity 50.0 | Health 50.0
2026-07-01 19:03:17,631 | INFO     | app.engines.decisions | 19:03:17 | Ultra Engine | WAIT | Phase IDLE
  - Broker not connected
  Confidence 0.0% | Opportunity 0.0 | Entry Quality 0.0 | Momentum 0.0 | Liquidity 0.0 | Health 0.0
2026-07-01 19:03:19,633 | INFO     | app.engines.decisions | 19:03:19 | Normal Engine | BLOCKED | Phase IDLE
  - Broker not connected
  Confidence 0.0% | Opportunity 0.0 | Entry Quality 0.0 | Momentum 0.0 | Liquidity 0.0 | Health 0.0
2026-07-01 19:03:19,633 | INFO     | app.engines.decisions | 19:03:19 | Wick Engine | WAIT | Phase IDLE
  - Broker not connected
  Confidence 0.0% | Opportunity 0.0 | Entry Quality 0.0 | Momentum 0.0 | Liquidity 50.0 | Health 50.0
2026-07-01 19:03:19,633 | INFO     | app.engines.decisions | 19:03:19 | Ultra Engine | WAIT | Phase IDLE
  - Broker not connected
  Confidence 0.0% | Opportunity 0.0 | Entry Quality 0.0 | Momentum 0.0 | Liquidity 0.0 | Health 0.0
2026-07-01 19:03:21,635 | INFO     | app.engines.decisions | 19:03:21 | Normal Engine | BLOCKED | Phase IDLE
  - Broker not connected
  Confidence 0.0% | Opportunity 0.0 | Entry Quality 0.0 | Momentum 0.0 | Liquidity 0.0 | Health 0.0
2026-07-01 19:03:21,635 | INFO     | app.engines.decisions | 19:03:21 | Wick Engine | WAIT | Phase IDLE
  - Broker not connected
  Confidence 0.0% | Opportunity 0.0 | Entry Quality 0.0 | Momentum 0.0 | Liquidity 50.0 | Health 50.0
2026-07-01 19:03:21,635 | INFO     | app.engines.decisions | 19:03:21 | Ultra Engine | WAIT | Phase IDLE
  - Broker not connected
  Confidence 0.0% | Opportunity 0.0 | Entry Quality 0.0 | Momentum 0.0 | Liquidity 0.0 | Health 0.0
2026-07-01 19:03:23,637 | INFO     | app.engines.decisions | 19:03:23 | Normal Engine | BLOCKED | Phase IDLE
  - Broker not connected
  Confidence 0.0% | Opportunity 0.0 | Entry Quality 0.0 | Momentum 0.0 | Liquidity 0.0 | Health 0.0
2026-07-01 19:03:23,637 | INFO     | app.engines.decisions | 19:03:23 | Wick Engine | WAIT | Phase IDLE
  - Broker not connected
  Confidence 0.0% | Opportunity 0.0 | Entry Quality 0.0 | Momentum 0.0 | Liquidity 50.0 | Health 50.0
2026-07-01 19:03:23,638 | INFO     | app.engines.decisions | 19:03:23 | Ultra Engine | WAIT | Phase IDLE
  - Broker not connected
  Confidence 0.0% | Opportunity 0.0 | Entry Quality 0.0 | Momentum 0.0 | Liquidity 0.0 | Health 0.0
2026-07-01 19:03:25,639 | INFO     | app.engines.decisions | 19:03:25 | Normal Engine | BLOCKED | Phase IDLE
  - Broker not connected
  Confidence 0.0% | Opportunity 0.0 | Entry Quality 0.0 | Momentum 0.0 | Liquidity 0.0 | Health 0.0
2026-07-01 19:03:25,640 | INFO     | app.engines.decisions | 19:03:25 | Wick Engine | WAIT | Phase IDLE
  - Broker not connected
  Confidence 0.0% | Opportunity 0.0 | Entry Quality 0.0 | Momentum 0.0 | Liquidity 50.0 | Health 50.0
2026-07-01 19:03:25,641 | INFO     | app.engines.decisions | 19:03:25 | Ultra Engine | WAIT | Phase IDLE
  - Broker not connected
  Confidence 0.0% | Opportunity 0.0 | Entry Quality 0.0 | Momentum 0.0 | Liquidity 0.0 | Health 0.0
2026-07-01 19:03:27,643 | INFO     | app.engines.decisions | 19:03:27 | Normal Engine | BLOCKED | Phase IDLE
  - Broker not connected
  Confidence 0.0% | Opportunity 0.0 | Entry Quality 0.0 | Momentum 0.0 | Liquidity 0.0 | Health 0.0
2026-07-01 19:03:27,644 | INFO     | app.engines.decisions | 19:03:27 | Wick Engine | WAIT | Phase IDLE
  - Broker not connected
  Confidence 0.0% | Opportunity 0.0 | Entry Quality 0.0 | Momentum 0.0 | Liquidity 50.0 | Health 50.0
2026-07-01 19:03:27,644 | INFO     | app.engines.decisions | 19:03:27 | Ultra Engine | WAIT | Phase IDLE
  - Broker not connected
  Confidence 0.0% | Opportunity 0.0 | Entry Quality 0.0 | Momentum 0.0 | Liquidity 0.0 | Health 0.0
2026-07-01 19:03:29,645 | INFO     | app.engines.decisions | 19:03:29 | Normal Engine | BLOCKED | Phase IDLE
  - Broker not connected
  Confidence 0.0% | Opportunity 0.0 | Entry Quality 0.0 | Momentum 0.0 | Liquidity 0.0 | Health 0.0
2026-07-01 19:03:29,645 | INFO     | app.engines.decisions | 19:03:29 | Wick Engine | WAIT | Phase IDLE
  - Broker not connected
  Confidence 0.0% | Opportunity 0.0 | Entry Quality 0.0 | Momentum 0.0 | Liquidity 50.0 | Health 50.0
2026-07-01 19:03:29,645 | INFO     | app.engines.decisions | 19:03:29 | Ultra Engine | WAIT | Phase IDLE
  - Broker not connected
  Confidence 0.0% | Opportunity 0.0 | Entry Quality 0.0 | Momentum 0.0 | Liquidity 0.0 | Health 0.0
2026-07-01 19:03:31,647 | INFO     | app.engines.decisions | 19:03:31 | Normal Engine | BLOCKED | Phase IDLE
  - Broker not connected
  Confidence 0.0% | Opportunity 0.0 | Entry Quality 0.0 | Momentum 0.0 | Liquidity 0.0 | Health 0.0
2026-07-01 19:03:31,647 | INFO     | app.engines.decisions | 19:03:31 | Wick Engine | WAIT | Phase IDLE
  - Broker not connected
  Confidence 0.0% | Opportunity 0.0 | Entry Quality 0.0 | Momentum 0.0 | Liquidity 50.0 | Health 50.0
2026-07-01 19:03:31,648 | INFO     | app.engines.decisions | 19:03:31 | Ultra Engine | WAIT | Phase IDLE
  - Broker not connected
  Confidence 0.0% | Opportunity 0.0 | Entry Quality 0.0 | Momentum 0.0 | Liquidity 0.0 | Health 0.0
2026-07-01 19:03:33,648 | INFO     | app.engines.decisions | 19:03:33 | Normal Engine | BLOCKED | Phase IDLE
  - Broker not connected
  Confidence 0.0% | Opportunity 0.0 | Entry Quality 0.0 | Momentum 0.0 | Liquidity 0.0 | Health 0.0
2026-07-01 19:03:33,649 | INFO     | app.engines.decisions | 19:03:33 | Wick Engine | WAIT | Phase IDLE
  - Broker not connected
  Confidence 0.0% | Opportunity 0.0 | Entry Quality 0.0 | Momentum 0.0 | Liquidity 50.0 | Health 50.0
2026-07-01 19:03:33,649 | INFO     | app.engines.decisions | 19:03:33 | Ultra Engine | WAIT | Phase IDLE
  - Broker not connected
  Confidence 0.0% | Opportunity 0.0 | Entry Quality 0.0 | Momentum 0.0 | Liquidity 0.0 | Health 0.0
2026-07-01 19:03:35,651 | INFO     | app.engines.decisions | 19:03:35 | Normal Engine | BLOCKED | Phase IDLE
  - Broker not connected
  Confidence 0.0% | Opportunity 0.0 | Entry Quality 0.0 | Momentum 0.0 | Liquidity 0.0 | Health 0.0
2026-07-01 19:03:35,651 | INFO     | app.engines.decisions | 19:03:35 | Wick Engine | WAIT | Phase IDLE
  - Broker not connected
  Confidence 0.0% | Opportunity 0.0 | Entry Quality 0.0 | Momentum 0.0 | Liquidity 50.0 | Health 50.0
2026-07-01 19:03:35,651 | INFO     | app.engines.decisions | 19:03:35 | Ultra Engine | WAIT | Phase IDLE
  - Broker not connected
  Confidence 0.0% | Opportunity 0.0 | Entry Quality 0.0 | Momentum 0.0 | Liquidity 0.0 | Health 0.0
2026-07-01 19:03:37,652 | INFO     | app.engines.decisions | 19:03:37 | Normal Engine | BLOCKED | Phase IDLE
  - Broker not connected
  Confidence 0.0% | Opportunity 0.0 | Entry Quality 0.0 | Momentum 0.0 | Liquidity 0.0 | Health 0.0
2026-07-01 19:03:37,653 | INFO     | app.engines.decisions | 19:03:37 | Wick Engine | WAIT | Phase IDLE
  - Broker not connected
  Confidence 0.0% | Opportunity 0.0 | Entry Quality 0.0 | Momentum 0.0 | Liquidity 50.0 | Health 50.0
2026-07-01 19:03:37,653 | INFO     | app.engines.decisions | 19:03:37 | Ultra Engine | WAIT | Phase IDLE
  - Broker not connected
  Confidence 0.0% | Opportunity 0.0 | Entry Quality 0.0 | Momentum 0.0 | Liquidity 0.0 | Health 0.0
2026-07-01 19:03:39,654 | INFO     | app.engines.decisions | 19:03:39 | Normal Engine | BLOCKED | Phase IDLE
  - Broker not connected
  Confidence 0.0% | Opportunity 0.0 | Entry Quality 0.0 | Momentum 0.0 | Liquidity 0.0 | Health 0.0
2026-07-01 19:03:39,655 | INFO     | app.engines.decisions | 19:03:39 | Wick Engine | WAIT | Phase IDLE
  - Broker not connected
  Confidence 0.0% | Opportunity 0.0 | Entry Quality 0.0 | Momentum 0.0 | Liquidity 50.0 | Health 50.0
2026-07-01 19:03:39,655 | INFO     | app.engines.decisions | 19:03:39 | Ultra Engine | WAIT | Phase IDLE
  - Broker not connected
  Confidence 0.0% | Opportunity 0.0 | Entry Quality 0.0 | Momentum 0.0 | Liquidity 0.0 | Health 0.0
2026-07-01 19:03:41,657 | INFO     | app.engines.decisions | 19:03:41 | Normal Engine | BLOCKED | Phase IDLE
  - Broker not connected
  Confidence 0.0% | Opportunity 0.0 | Entry Quality 0.0 | Momentum 0.0 | Liquidity 0.0 | Health 0.0
2026-07-01 19:03:41,657 | INFO     | app.engines.decisions | 19:03:41 | Wick Engine | WAIT | Phase IDLE
  - Broker not connected
  Confidence 0.0% | Opportunity 0.0 | Entry Quality 0.0 | Momentum 0.0 | Liquidity 50.0 | Health 50.0
2026-07-01 19:03:41,657 | INFO     | app.engines.decisions | 19:03:41 | Ultra Engine | WAIT | Phase IDLE
  - Broker not connected
  Confidence 0.0% | Opportunity 0.0 | Entry Quality 0.0 | Momentum 0.0 | Liquidity 0.0 | Health 0.0
2026-07-01 19:03:43,659 | INFO     | app.engines.decisions | 19:03:43 | Normal Engine | BLOCKED | Phase IDLE
  - Broker not connected
  Confidence 0.0% | Opportunity 0.0 | Entry Quality 0.0 | Momentum 0.0 | Liquidity 0.0 | Health 0.0
2026-07-01 19:03:43,659 | INFO     | app.engines.decisions | 19:03:43 | Wick Engine | WAIT | Phase IDLE
  - Broker not connected
  Confidence 0.0% | Opportunity 0.0 | Entry Quality 0.0 | Momentum 0.0 | Liquidity 50.0 | Health 50.0
2026-07-01 19:03:43,660 | INFO     | app.engines.decisions | 19:03:43 | Ultra Engine | WAIT | Phase IDLE
  - Broker not connected
  Confidence 0.0% | Opportunity 0.0 | Entry Quality 0.0 | Momentum 0.0 | Liquidity 0.0 | Health 0.0
2026-07-01 19:03:45,661 | INFO     | app.engines.decisions | 19:03:45 | Normal Engine | BLOCKED | Phase IDLE
  - Broker not connected
  Confidence 0.0% | Opportunity 0.0 | Entry Quality 0.0 | Momentum 0.0 | Liquidity 0.0 | Health 0.0
2026-07-01 19:03:45,662 | INFO     | app.engines.decisions | 19:03:45 | Wick Engine | WAIT | Phase IDLE
  - Broker not connected
  Confidence 0.0% | Opportunity 0.0 | Entry Quality 0.0 | Momentum 0.0 | Liquidity 50.0 | Health 50.0
2026-07-01 19:03:45,662 | INFO     | app.engines.decisions | 19:03:45 | Ultra Engine | WAIT | Phase IDLE
  - Broker not connected
  Confidence 0.0% | Opportunity 0.0 | Entry Quality 0.0 | Momentum 0.0 | Liquidity 0.0 | Health 0.0
2026-07-01 19:03:47,663 | INFO     | app.engines.decisions | 19:03:47 | Normal Engine | BLOCKED | Phase IDLE
  - Broker not connected
  Confidence 0.0% | Opportunity 0.0 | Entry Quality 0.0 | Momentum 0.0 | Liquidity 0.0 | Health 0.0
2026-07-01 19:03:47,663 | INFO     | app.engines.decisions | 19:03:47 | Wick Engine | WAIT | Phase IDLE
  - Broker not connected
  Confidence 0.0% | Opportunity 0.0 | Entry Quality 0.0 | Momentum 0.0 | Liquidity 50.0 | Health 50.0
2026-07-01 19:03:47,664 | INFO     | app.engines.decisions | 19:03:47 | Ultra Engine | WAIT | Phase IDLE
  - Broker not connected
  Confidence 0.0% | Opportunity 0.0 | Entry Quality 0.0 | Momentum 0.0 | Liquidity 0.0 | Health 0.0
2026-07-01 19:03:49,664 | INFO     | app.engines.decisions | 19:03:49 | Normal Engine | BLOCKED | Phase IDLE
  - Broker not connected
  Confidence 0.0% | Opportunity 0.0 | Entry Quality 0.0 | Momentum 0.0 | Liquidity 0.0 | Health 0.0
2026-07-01 19:03:49,664 | INFO     | app.engines.decisions | 19:03:49 | Wick Engine | WAIT | Phase IDLE
  - Broker not connected
  Confidence 0.0% | Opportunity 0.0 | Entry Quality 0.0 | Momentum 0.0 | Liquidity 50.0 | Health 50.0
2026-07-01 19:03:49,665 | INFO     | app.engines.decisions | 19:03:49 | Ultra Engine | WAIT | Phase IDLE
  - Broker not connected
  Confidence 0.0% | Opportunity 0.0 | Entry Quality 0.0 | Momentum 0.0 | Liquidity 0.0 | Health 0.0
2026-07-01 19:03:51,666 | INFO     | app.engines.decisions | 19:03:51 | Normal Engine | BLOCKED | Phase IDLE
  - Broker not connected
  Confidence 0.0% | Opportunity 0.0 | Entry Quality 0.0 | Momentum 0.0 | Liquidity 0.0 | Health 0.0
2026-07-01 19:03:51,666 | INFO     | app.engines.decisions | 19:03:51 | Wick Engine | WAIT | Phase IDLE
  - Broker not connected
  Confidence 0.0% | Opportunity 0.0 | Entry Quality 0.0 | Momentum 0.0 | Liquidity 50.0 | Health 50.0
2026-07-01 19:03:51,666 | INFO     | app.engines.decisions | 19:03:51 | Ultra Engine | WAIT | Phase IDLE
  - Broker not connected
  Confidence 0.0% | Opportunity 0.0 | Entry Quality 0.0 | Momentum 0.0 | Liquidity 0.0 | Health 0.0
2026-07-01 19:03:53,669 | INFO     | app.engines.decisions | 19:03:53 | Normal Engine | BLOCKED | Phase IDLE
  - Broker not connected
  Confidence 0.0% | Opportunity 0.0 | Entry Quality 0.0 | Momentum 0.0 | Liquidity 0.0 | Health 0.0
2026-07-01 19:03:53,670 | INFO     | app.engines.decisions | 19:03:53 | Wick Engine | WAIT | Phase IDLE
  - Broker not connected
  Confidence 0.0% | Opportunity 0.0 | Entry Quality 0.0 | Momentum 0.0 | Liquidity 50.0 | Health 50.0
2026-07-01 19:03:53,670 | INFO     | app.engines.decisions | 19:03:53 | Ultra Engine | WAIT | Phase IDLE
  - Broker not connected
  Confidence 0.0% | Opportunity 0.0 | Entry Quality 0.0 | Momentum 0.0 | Liquidity 0.0 | Health 0.0
2026-07-01 19:03:55,671 | INFO     | app.engines.decisions | 19:03:55 | Normal Engine | BLOCKED | Phase IDLE
  - Broker not connected
  Confidence 0.0% | Opportunity 0.0 | Entry Quality 0.0 | Momentum 0.0 | Liquidity 0.0 | Health 0.0
2026-07-01 19:03:55,672 | INFO     | app.engines.decisions | 19:03:55 | Wick Engine | WAIT | Phase IDLE
  - Broker not connected
  Confidence 0.0% | Opportunity 0.0 | Entry Quality 0.0 | Momentum 0.0 | Liquidity 50.0 | Health 50.0
2026-07-01 19:03:55,672 | INFO     | app.engines.decisions | 19:03:55 | Ultra Engine | WAIT | Phase IDLE
  - Broker not connected
  Confidence 0.0% | Opportunity 0.0 | Entry Quality 0.0 | Momentum 0.0 | Liquidity 0.0 | Health 0.0
2026-07-01 19:03:57,674 | INFO     | app.engines.decisions | 19:03:57 | Normal Engine | BLOCKED | Phase IDLE
  - Broker not connected
  Confidence 0.0% | Opportunity 0.0 | Entry Quality 0.0 | Momentum 0.0 | Liquidity 0.0 | Health 0.0
2026-07-01 19:03:57,675 | INFO     | app.engines.decisions | 19:03:57 | Wick Engine | WAIT | Phase IDLE
  - Broker not connected
  Confidence 0.0% | Opportunity 0.0 | Entry Quality 0.0 | Momentum 0.0 | Liquidity 50.0 | Health 50.0
2026-07-01 19:03:57,675 | INFO     | app.engines.decisions | 19:03:57 | Ultra Engine | WAIT | Phase IDLE
  - Broker not connected
  Confidence 0.0% | Opportunity 0.0 | Entry Quality 0.0 | Momentum 0.0 | Liquidity 0.0 | Health 0.0
2026-07-01 19:03:59,675 | INFO     | app.engines.decisions | 19:03:59 | Normal Engine | BLOCKED | Phase IDLE
  - Broker not connected
  Confidence 0.0% | Opportunity 0.0 | Entry Quality 0.0 | Momentum 0.0 | Liquidity 0.0 | Health 0.0
2026-07-01 19:03:59,676 | INFO     | app.engines.decisions | 19:03:59 | Wick Engine | WAIT | Phase IDLE
  - Broker not connected
  Confidence 0.0% | Opportunity 0.0 | Entry Quality 0.0 | Momentum 0.0 | Liquidity 50.0 | Health 50.0
2026-07-01 19:03:59,676 | INFO     | app.engines.decisions | 19:03:59 | Ultra Engine | WAIT | Phase IDLE
  - Broker not connected
  Confidence 0.0% | Opportunity 0.0 | Entry Quality 0.0 | Momentum 0.0 | Liquidity 0.0 | Health 0.0
2026-07-01 19:04:01,676 | INFO     | app.engines.decisions | 19:04:01 | Normal Engine | BLOCKED | Phase IDLE
  - Broker not connected
  Confidence 0.0% | Opportunity 0.0 | Entry Quality 0.0 | Momentum 0.0 | Liquidity 0.0 | Health 0.0
2026-07-01 19:04:01,677 | INFO     | app.engines.decisions | 19:04:01 | Wick Engine | WAIT | Phase IDLE
  - Broker not connected
  Confidence 0.0% | Opportunity 0.0 | Entry Quality 0.0 | Momentum 0.0 | Liquidity 50.0 | Health 50.0
2026-07-01 19:04:01,678 | INFO     | app.engines.decisions | 19:04:01 | Ultra Engine | WAIT | Phase IDLE
  - Broker not connected
  Confidence 0.0% | Opportunity 0.0 | Entry Quality 0.0 | Momentum 0.0 | Liquidity 0.0 | Health 0.0
2026-07-01 19:04:03,680 | INFO     | app.engines.decisions | 19:04:03 | Normal Engine | BLOCKED | Phase IDLE
  - Broker not connected
  Confidence 0.0% | Opportunity 0.0 | Entry Quality 0.0 | Momentum 0.0 | Liquidity 0.0 | Health 0.0
2026-07-01 19:04:03,681 | INFO     | app.engines.decisions | 19:04:03 | Wick Engine | WAIT | Phase IDLE
  - Broker not connected
  Confidence 0.0% | Opportunity 0.0 | Entry Quality 0.0 | Momentum 0.0 | Liquidity 50.0 | Health 50.0
2026-07-01 19:04:03,682 | INFO     | app.engines.decisions | 19:04:03 | Ultra Engine | WAIT | Phase IDLE
  - Broker not connected
  Confidence 0.0% | Opportunity 0.0 | Entry Quality 0.0 | Momentum 0.0 | Liquidity 0.0 | Health 0.0
2026-07-01 19:04:05,684 | INFO     | app.engines.decisions | 19:04:05 | Normal Engine | BLOCKED | Phase IDLE
  - Broker not connected
  Confidence 0.0% | Opportunity 0.0 | Entry Quality 0.0 | Momentum 0.0 | Liquidity 0.0 | Health 0.0
2026-07-01 19:04:05,684 | INFO     | app.engines.decisions | 19:04:05 | Wick Engine | WAIT | Phase IDLE
  - Broker not connected
  Confidence 0.0% | Opportunity 0.0 | Entry Quality 0.0 | Momentum 0.0 | Liquidity 50.0 | Health 50.0
2026-07-01 19:04:05,684 | INFO     | app.engines.decisions | 19:04:05 | Ultra Engine | WAIT | Phase IDLE
  - Broker not connected
  Confidence 0.0% | Opportunity 0.0 | Entry Quality 0.0 | Momentum 0.0 | Liquidity 0.0 | Health 0.0
2026-07-01 19:04:07,686 | INFO     | app.engines.decisions | 19:04:07 | Normal Engine | BLOCKED | Phase IDLE
  - Broker not connected
  Confidence 0.0% | Opportunity 0.0 | Entry Quality 0.0 | Momentum 0.0 | Liquidity 0.0 | Health 0.0
2026-07-01 19:04:07,687 | INFO     | app.engines.decisions | 19:04:07 | Wick Engine | WAIT | Phase IDLE
  - Broker not connected
  Confidence 0.0% | Opportunity 0.0 | Entry Quality 0.0 | Momentum 0.0 | Liquidity 50.0 | Health 50.0
2026-07-01 19:04:07,687 | INFO     | app.engines.decisions | 19:04:07 | Ultra Engine | WAIT | Phase IDLE
  - Broker not connected
  Confidence 0.0% | Opportunity 0.0 | Entry Quality 0.0 | Momentum 0.0 | Liquidity 0.0 | Health 0.0
2026-07-01 19:04:09,688 | INFO     | app.engines.decisions | 19:04:09 | Normal Engine | BLOCKED | Phase IDLE
  - Broker not connected
  Confidence 0.0% | Opportunity 0.0 | Entry Quality 0.0 | Momentum 0.0 | Liquidity 0.0 | Health 0.0
2026-07-01 19:04:09,688 | INFO     | app.engines.decisions | 19:04:09 | Wick Engine | WAIT | Phase IDLE
  - Broker not connected
  Confidence 0.0% | Opportunity 0.0 | Entry Quality 0.0 | Momentum 0.0 | Liquidity 50.0 | Health 50.0
2026-07-01 19:04:09,688 | INFO     | app.engines.decisions | 19:04:09 | Ultra Engine | WAIT | Phase IDLE
  - Broker not connected
  Confidence 0.0% | Opportunity 0.0 | Entry Quality 0.0 | Momentum 0.0 | Liquidity 0.0 | Health 0.0
2026-07-01 19:04:11,688 | INFO     | app.engines.decisions | 19:04:11 | Normal Engine | BLOCKED | Phase IDLE
  - Broker not connected
  Confidence 0.0% | Opportunity 0.0 | Entry Quality 0.0 | Momentum 0.0 | Liquidity 0.0 | Health 0.0
2026-07-01 19:04:11,690 | INFO     | app.engines.decisions | 19:04:11 | Wick Engine | WAIT | Phase IDLE
  - Broker not connected
  Confidence 0.0% | Opportunity 0.0 | Entry Quality 0.0 | Momentum 0.0 | Liquidity 50.0 | Health 50.0
2026-07-01 19:04:11,690 | INFO     | app.engines.decisions | 19:04:11 | Ultra Engine | WAIT | Phase IDLE
  - Broker not connected
  Confidence 0.0% | Opportunity 0.0 | Entry Quality 0.0 | Momentum 0.0 | Liquidity 0.0 | Health 0.0
2026-07-01 19:04:13,692 | INFO     | app.engines.decisions | 19:04:13 | Normal Engine | BLOCKED | Phase IDLE
  - Broker not connected
  Confidence 0.0% | Opportunity 0.0 | Entry Quality 0.0 | Momentum 0.0 | Liquidity 0.0 | Health 0.0
2026-07-01 19:04:13,693 | INFO     | app.engines.decisions | 19:04:13 | Wick Engine | WAIT | Phase IDLE
  - Broker not connected
  Confidence 0.0% | Opportunity 0.0 | Entry Quality 0.0 | Momentum 0.0 | Liquidity 50.0 | Health 50.0
2026-07-01 19:04:13,693 | INFO     | app.engines.decisions | 19:04:13 | Ultra Engine | WAIT | Phase IDLE
  - Broker not connected
  Confidence 0.0% | Opportunity 0.0 | Entry Quality 0.0 | Momentum 0.0 | Liquidity 0.0 | Health 0.0
2026-07-01 19:04:15,695 | INFO     | app.engines.decisions | 19:04:15 | Normal Engine | BLOCKED | Phase IDLE
  - Broker not connected
  Confidence 0.0% | Opportunity 0.0 | Entry Quality 0.0 | Momentum 0.0 | Liquidity 0.0 | Health 0.0
2026-07-01 19:04:15,695 | INFO     | app.engines.decisions | 19:04:15 | Wick Engine | WAIT | Phase IDLE
  - Broker not connected
  Confidence 0.0% | Opportunity 0.0 | Entry Quality 0.0 | Momentum 0.0 | Liquidity 50.0 | Health 50.0
2026-07-01 19:04:15,695 | INFO     | app.engines.decisions | 19:04:15 | Ultra Engine | WAIT | Phase IDLE
  - Broker not connected
  Confidence 0.0% | Opportunity 0.0 | Entry Quality 0.0 | Momentum 0.0 | Liquidity 0.0 | Health 0.0
2026-07-01 19:04:17,697 | INFO     | app.engines.decisions | 19:04:17 | Normal Engine | BLOCKED | Phase IDLE
  - Broker not connected
  Confidence 0.0% | Opportunity 0.0 | Entry Quality 0.0 | Momentum 0.0 | Liquidity 0.0 | Health 0.0
2026-07-01 19:04:17,698 | INFO     | app.engines.decisions | 19:04:17 | Wick Engine | WAIT | Phase IDLE
  - Broker not connected
  Confidence 0.0% | Opportunity 0.0 | Entry Quality 0.0 | Momentum 0.0 | Liquidity 50.0 | Health 50.0
2026-07-01 19:04:17,698 | INFO     | app.engines.decisions | 19:04:17 | Ultra Engine | WAIT | Phase IDLE
  - Broker not connected
  Confidence 0.0% | Opportunity 0.0 | Entry Quality 0.0 | Momentum 0.0 | Liquidity 0.0 | Health 0.0
2026-07-01 19:04:19,700 | INFO     | app.engines.decisions | 19:04:19 | Normal Engine | BLOCKED | Phase IDLE
  - Broker not connected
  Confidence 0.0% | Opportunity 0.0 | Entry Quality 0.0 | Momentum 0.0 | Liquidity 0.0 | Health 0.0
2026-07-01 19:04:19,700 | INFO     | app.engines.decisions | 19:04:19 | Wick Engine | WAIT | Phase IDLE
  - Broker not connected
  Confidence 0.0% | Opportunity 0.0 | Entry Quality 0.0 | Momentum 0.0 | Liquidity 50.0 | Health 50.0
2026-07-01 19:04:19,700 | INFO     | app.engines.decisions | 19:04:19 | Ultra Engine | WAIT | Phase IDLE
  - Broker not connected
  Confidence 0.0% | Opportunity 0.0 | Entry Quality 0.0 | Momentum 0.0 | Liquidity 0.0 | Health 0.0
2026-07-01 19:04:21,701 | INFO     | app.engines.decisions | 19:04:21 | Normal Engine | BLOCKED | Phase IDLE
  - Broker not connected
  Confidence 0.0% | Opportunity 0.0 | Entry Quality 0.0 | Momentum 0.0 | Liquidity 0.0 | Health 0.0
2026-07-01 19:04:21,702 | INFO     | app.engines.decisions | 19:04:21 | Wick Engine | WAIT | Phase IDLE
  - Broker not connected
  Confidence 0.0% | Opportunity 0.0 | Entry Quality 0.0 | Momentum 0.0 | Liquidity 50.0 | Health 50.0
2026-07-01 19:04:21,702 | INFO     | app.engines.decisions | 19:04:21 | Ultra Engine | WAIT | Phase IDLE
  - Broker not connected
  Confidence 0.0% | Opportunity 0.0 | Entry Quality 0.0 | Momentum 0.0 | Liquidity 0.0 | Health 0.0
2026-07-01 19:04:23,704 | INFO     | app.engines.decisions | 19:04:23 | Normal Engine | BLOCKED | Phase IDLE
  - Broker not connected
  Confidence 0.0% | Opportunity 0.0 | Entry Quality 0.0 | Momentum 0.0 | Liquidity 0.0 | Health 0.0
2026-07-01 19:04:23,704 | INFO     | app.engines.decisions | 19:04:23 | Wick Engine | WAIT | Phase IDLE
  - Broker not connected
  Confidence 0.0% | Opportunity 0.0 | Entry Quality 0.0 | Momentum 0.0 | Liquidity 50.0 | Health 50.0
2026-07-01 19:04:23,705 | INFO     | app.engines.decisions | 19:04:23 | Ultra Engine | WAIT | Phase IDLE
  - Broker not connected
  Confidence 0.0% | Opportunity 0.0 | Entry Quality 0.0 | Momentum 0.0 | Liquidity 0.0 | Health 0.0
2026-07-01 19:04:25,707 | INFO     | app.engines.decisions | 19:04:25 | Normal Engine | BLOCKED | Phase IDLE
  - Broker not connected
  Confidence 0.0% | Opportunity 0.0 | Entry Quality 0.0 | Momentum 0.0 | Liquidity 0.0 | Health 0.0
2026-07-01 19:04:25,707 | INFO     | app.engines.decisions | 19:04:25 | Wick Engine | WAIT | Phase IDLE
  - Broker not connected
  Confidence 0.0% | Opportunity 0.0 | Entry Quality 0.0 | Momentum 0.0 | Liquidity 50.0 | Health 50.0
2026-07-01 19:04:25,708 | INFO     | app.engines.decisions | 19:04:25 | Ultra Engine | WAIT | Phase IDLE
  - Broker not connected
  Confidence 0.0% | Opportunity 0.0 | Entry Quality 0.0 | Momentum 0.0 | Liquidity 0.0 | Health 0.0
2026-07-01 19:04:27,709 | INFO     | app.engines.decisions | 19:04:27 | Normal Engine | BLOCKED | Phase IDLE
  - Broker not connected
  Confidence 0.0% | Opportunity 0.0 | Entry Quality 0.0 | Momentum 0.0 | Liquidity 0.0 | Health 0.0
2026-07-01 19:04:27,709 | INFO     | app.engines.decisions | 19:04:27 | Wick Engine | WAIT | Phase IDLE
  - Broker not connected
  Confidence 0.0% | Opportunity 0.0 | Entry Quality 0.0 | Momentum 0.0 | Liquidity 50.0 | Health 50.0
2026-07-01 19:04:27,709 | INFO     | app.engines.decisions | 19:04:27 | Ultra Engine | WAIT | Phase IDLE
  - Broker not connected
  Confidence 0.0% | Opportunity 0.0 | Entry Quality 0.0 | Momentum 0.0 | Liquidity 0.0 | Health 0.0
2026-07-01 19:04:29,711 | INFO     | app.engines.decisions | 19:04:29 | Normal Engine | BLOCKED | Phase IDLE
  - Broker not connected
  Confidence 0.0% | Opportunity 0.0 | Entry Quality 0.0 | Momentum 0.0 | Liquidity 0.0 | Health 0.0
2026-07-01 19:04:29,711 | INFO     | app.engines.decisions | 19:04:29 | Wick Engine | WAIT | Phase IDLE
  - Broker not connected
  Confidence 0.0% | Opportunity 0.0 | Entry Quality 0.0 | Momentum 0.0 | Liquidity 50.0 | Health 50.0
2026-07-01 19:04:29,711 | INFO     | app.engines.decisions | 19:04:29 | Ultra Engine | WAIT | Phase IDLE
  - Broker not connected
  Confidence 0.0% | Opportunity 0.0 | Entry Quality 0.0 | Momentum 0.0 | Liquidity 0.0 | Health 0.0
2026-07-01 19:04:31,713 | INFO     | app.engines.decisions | 19:04:31 | Normal Engine | BLOCKED | Phase IDLE
  - Broker not connected
  Confidence 0.0% | Opportunity 0.0 | Entry Quality 0.0 | Momentum 0.0 | Liquidity 0.0 | Health 0.0
2026-07-01 19:04:31,713 | INFO     | app.engines.decisions | 19:04:31 | Wick Engine | WAIT | Phase IDLE
  - Broker not connected
  Confidence 0.0% | Opportunity 0.0 | Entry Quality 0.0 | Momentum 0.0 | Liquidity 50.0 | Health 50.0
2026-07-01 19:04:31,714 | INFO     | app.engines.decisions | 19:04:31 | Ultra Engine | WAIT | Phase IDLE
  - Broker not connected
  Confidence 0.0% | Opportunity 0.0 | Entry Quality 0.0 | Momentum 0.0 | Liquidity 0.0 | Health 0.0
2026-07-01 19:04:33,716 | INFO     | app.engines.decisions | 19:04:33 | Normal Engine | BLOCKED | Phase IDLE
  - Broker not connected
  Confidence 0.0% | Opportunity 0.0 | Entry Quality 0.0 | Momentum 0.0 | Liquidity 0.0 | Health 0.0
2026-07-01 19:04:33,717 | INFO     | app.engines.decisions | 19:04:33 | Wick Engine | WAIT | Phase IDLE
  - Broker not connected
  Confidence 0.0% | Opportunity 0.0 | Entry Quality 0.0 | Momentum 0.0 | Liquidity 50.0 | Health 50.0
2026-07-01 19:04:33,717 | INFO     | app.engines.decisions | 19:04:33 | Ultra Engine | WAIT | Phase IDLE
  - Broker not connected
  Confidence 0.0% | Opportunity 0.0 | Entry Quality 0.0 | Momentum 0.0 | Liquidity 0.0 | Health 0.0
2026-07-01 19:04:35,718 | INFO     | app.engines.decisions | 19:04:35 | Normal Engine | BLOCKED | Phase IDLE
  - Broker not connected
  Confidence 0.0% | Opportunity 0.0 | Entry Quality 0.0 | Momentum 0.0 | Liquidity 0.0 | Health 0.0
2026-07-01 19:04:35,719 | INFO     | app.engines.decisions | 19:04:35 | Wick Engine | WAIT | Phase IDLE
  - Broker not connected
  Confidence 0.0% | Opportunity 0.0 | Entry Quality 0.0 | Momentum 0.0 | Liquidity 50.0 | Health 50.0
2026-07-01 19:04:35,719 | INFO     | app.engines.decisions | 19:04:35 | Ultra Engine | WAIT | Phase IDLE
  - Broker not connected
  Confidence 0.0% | Opportunity 0.0 | Entry Quality 0.0 | Momentum 0.0 | Liquidity 0.0 | Health 0.0
2026-07-01 19:04:37,721 | INFO     | app.engines.decisions | 19:04:37 | Normal Engine | BLOCKED | Phase IDLE
  - Broker not connected
  Confidence 0.0% | Opportunity 0.0 | Entry Quality 0.0 | Momentum 0.0 | Liquidity 0.0 | Health 0.0
2026-07-01 19:04:37,722 | INFO     | app.engines.decisions | 19:04:37 | Wick Engine | WAIT | Phase IDLE
  - Broker not connected
  Confidence 0.0% | Opportunity 0.0 | Entry Quality 0.0 | Momentum 0.0 | Liquidity 50.0 | Health 50.0
2026-07-01 19:04:37,722 | INFO     | app.engines.decisions | 19:04:37 | Ultra Engine | WAIT | Phase IDLE
  - Broker not connected
  Confidence 0.0% | Opportunity 0.0 | Entry Quality 0.0 | Momentum 0.0 | Liquidity 0.0 | Health 0.0
2026-07-01 19:04:39,724 | INFO     | app.engines.decisions | 19:04:39 | Normal Engine | BLOCKED | Phase IDLE
  - Broker not connected
  Confidence 0.0% | Opportunity 0.0 | Entry Quality 0.0 | Momentum 0.0 | Liquidity 0.0 | Health 0.0
2026-07-01 19:04:39,725 | INFO     | app.engines.decisions | 19:04:39 | Wick Engine | WAIT | Phase IDLE
  - Broker not connected
  Confidence 0.0% | Opportunity 0.0 | Entry Quality 0.0 | Momentum 0.0 | Liquidity 50.0 | Health 50.0
2026-07-01 19:04:39,725 | INFO     | app.engines.decisions | 19:04:39 | Ultra Engine | WAIT | Phase IDLE
  - Broker not connected
  Confidence 0.0% | Opportunity 0.0 | Entry Quality 0.0 | Momentum 0.0 | Liquidity 0.0 | Health 0.0
2026-07-01 19:04:41,726 | INFO     | app.engines.decisions | 19:04:41 | Normal Engine | BLOCKED | Phase IDLE
  - Broker not connected
  Confidence 0.0% | Opportunity 0.0 | Entry Quality 0.0 | Momentum 0.0 | Liquidity 0.0 | Health 0.0
2026-07-01 19:04:41,727 | INFO     | app.engines.decisions | 19:04:41 | Wick Engine | WAIT | Phase IDLE
  - Broker not connected
  Confidence 0.0% | Opportunity 0.0 | Entry Quality 0.0 | Momentum 0.0 | Liquidity 50.0 | Health 50.0
2026-07-01 19:04:41,727 | INFO     | app.engines.decisions | 19:04:41 | Ultra Engine | WAIT | Phase IDLE
  - Broker not connected
  Confidence 0.0% | Opportunity 0.0 | Entry Quality 0.0 | Momentum 0.0 | Liquidity 0.0 | Health 0.0
2026-07-01 19:04:43,728 | INFO     | app.engines.decisions | 19:04:43 | Normal Engine | BLOCKED | Phase IDLE
  - Broker not connected
  Confidence 0.0% | Opportunity 0.0 | Entry Quality 0.0 | Momentum 0.0 | Liquidity 0.0 | Health 0.0
2026-07-01 19:04:43,729 | INFO     | app.engines.decisions | 19:04:43 | Wick Engine | WAIT | Phase IDLE
  - Broker not connected
  Confidence 0.0% | Opportunity 0.0 | Entry Quality 0.0 | Momentum 0.0 | Liquidity 50.0 | Health 50.0
2026-07-01 19:04:43,729 | INFO     | app.engines.decisions | 19:04:43 | Ultra Engine | WAIT | Phase IDLE
  - Broker not connected
  Confidence 0.0% | Opportunity 0.0 | Entry Quality 0.0 | Momentum 0.0 | Liquidity 0.0 | Health 0.0
2026-07-01 19:04:45,730 | INFO     | app.engines.decisions | 19:04:45 | Normal Engine | BLOCKED | Phase IDLE
  - Broker not connected
  Confidence 0.0% | Opportunity 0.0 | Entry Quality 0.0 | Momentum 0.0 | Liquidity 0.0 | Health 0.0
2026-07-01 19:04:45,731 | INFO     | app.engines.decisions | 19:04:45 | Wick Engine | WAIT | Phase IDLE
  - Broker not connected
  Confidence 0.0% | Opportunity 0.0 | Entry Quality 0.0 | Momentum 0.0 | Liquidity 50.0 | Health 50.0
2026-07-01 19:04:45,732 | INFO     | app.engines.decisions | 19:04:45 | Ultra Engine | WAIT | Phase IDLE
  - Broker not connected
  Confidence 0.0% | Opportunity 0.0 | Entry Quality 0.0 | Momentum 0.0 | Liquidity 0.0 | Health 0.0
2026-07-01 19:04:47,733 | INFO     | app.engines.decisions | 19:04:47 | Normal Engine | BLOCKED | Phase IDLE
  - Broker not connected
  Confidence 0.0% | Opportunity 0.0 | Entry Quality 0.0 | Momentum 0.0 | Liquidity 0.0 | Health 0.0
2026-07-01 19:04:47,734 | INFO     | app.engines.decisions | 19:04:47 | Wick Engine | WAIT | Phase IDLE
  - Broker not connected
  Confidence 0.0% | Opportunity 0.0 | Entry Quality 0.0 | Momentum 0.0 | Liquidity 50.0 | Health 50.0
2026-07-01 19:04:47,734 | INFO     | app.engines.decisions | 19:04:47 | Ultra Engine | WAIT | Phase IDLE
  - Broker not connected
  Confidence 0.0% | Opportunity 0.0 | Entry Quality 0.0 | Momentum 0.0 | Liquidity 0.0 | Health 0.0
2026-07-01 19:04:49,735 | INFO     | app.engines.decisions | 19:04:49 | Normal Engine | BLOCKED | Phase IDLE
  - Broker not connected
  Confidence 0.0% | Opportunity 0.0 | Entry Quality 0.0 | Momentum 0.0 | Liquidity 0.0 | Health 0.0
2026-07-01 19:04:49,736 | INFO     | app.engines.decisions | 19:04:49 | Wick Engine | WAIT | Phase IDLE
  - Broker not connected
  Confidence 0.0% | Opportunity 0.0 | Entry Quality 0.0 | Momentum 0.0 | Liquidity 50.0 | Health 50.0
2026-07-01 19:04:49,736 | INFO     | app.engines.decisions | 19:04:49 | Ultra Engine | WAIT | Phase IDLE
  - Broker not connected
  Confidence 0.0% | Opportunity 0.0 | Entry Quality 0.0 | Momentum 0.0 | Liquidity 0.0 | Health 0.0
2026-07-01 19:04:51,738 | INFO     | app.engines.decisions | 19:04:51 | Normal Engine | BLOCKED | Phase IDLE
  - Broker not connected
  Confidence 0.0% | Opportunity 0.0 | Entry Quality 0.0 | Momentum 0.0 | Liquidity 0.0 | Health 0.0
2026-07-01 19:04:51,739 | INFO     | app.engines.decisions | 19:04:51 | Wick Engine | WAIT | Phase IDLE
  - Broker not connected
  Confidence 0.0% | Opportunity 0.0 | Entry Quality 0.0 | Momentum 0.0 | Liquidity 50.0 | Health 50.0
2026-07-01 19:04:51,739 | INFO     | app.engines.decisions | 19:04:51 | Ultra Engine | WAIT | Phase IDLE
  - Broker not connected
  Confidence 0.0% | Opportunity 0.0 | Entry Quality 0.0 | Momentum 0.0 | Liquidity 0.0 | Health 0.0
2026-07-01 19:04:53,742 | INFO     | app.engines.decisions | 19:04:53 | Normal Engine | BLOCKED | Phase IDLE
  - Broker not connected
  Confidence 0.0% | Opportunity 0.0 | Entry Quality 0.0 | Momentum 0.0 | Liquidity 0.0 | Health 0.0
2026-07-01 19:04:53,742 | INFO     | app.engines.decisions | 19:04:53 | Wick Engine | WAIT | Phase IDLE
  - Broker not connected
  Confidence 0.0% | Opportunity 0.0 | Entry Quality 0.0 | Momentum 0.0 | Liquidity 50.0 | Health 50.0
2026-07-01 19:04:53,743 | INFO     | app.engines.decisions | 19:04:53 | Ultra Engine | WAIT | Phase IDLE
  - Broker not connected
  Confidence 0.0% | Opportunity 0.0 | Entry Quality 0.0 | Momentum 0.0 | Liquidity 0.0 | Health 0.0
2026-07-01 19:04:55,745 | INFO     | app.engines.decisions | 19:04:55 | Normal Engine | BLOCKED | Phase IDLE
  - Broker not connected
  Confidence 0.0% | Opportunity 0.0 | Entry Quality 0.0 | Momentum 0.0 | Liquidity 0.0 | Health 0.0
2026-07-01 19:04:55,746 | INFO     | app.engines.decisions | 19:04:55 | Wick Engine | WAIT | Phase IDLE
  - Broker not connected
  Confidence 0.0% | Opportunity 0.0 | Entry Quality 0.0 | Momentum 0.0 | Liquidity 50.0 | Health 50.0
2026-07-01 19:04:55,746 | INFO     | app.engines.decisions | 19:04:55 | Ultra Engine | WAIT | Phase IDLE
  - Broker not connected
  Confidence 0.0% | Opportunity 0.0 | Entry Quality 0.0 | Momentum 0.0 | Liquidity 0.0 | Health 0.0
2026-07-01 19:04:57,748 | INFO     | app.engines.decisions | 19:04:57 | Normal Engine | BLOCKED | Phase IDLE
  - Broker not connected
  Confidence 0.0% | Opportunity 0.0 | Entry Quality 0.0 | Momentum 0.0 | Liquidity 0.0 | Health 0.0
2026-07-01 19:04:57,749 | INFO     | app.engines.decisions | 19:04:57 | Wick Engine | WAIT | Phase IDLE
  - Broker not connected
  Confidence 0.0% | Opportunity 0.0 | Entry Quality 0.0 | Momentum 0.0 | Liquidity 50.0 | Health 50.0
2026-07-01 19:04:57,749 | INFO     | app.engines.decisions | 19:04:57 | Ultra Engine | WAIT | Phase IDLE
  - Broker not connected
  Confidence 0.0% | Opportunity 0.0 | Entry Quality 0.0 | Momentum 0.0 | Liquidity 0.0 | Health 0.0
2026-07-01 19:04:59,751 | INFO     | app.engines.decisions | 19:04:59 | Normal Engine | BLOCKED | Phase IDLE
  - Broker not connected
  Confidence 0.0% | Opportunity 0.0 | Entry Quality 0.0 | Momentum 0.0 | Liquidity 0.0 | Health 0.0
2026-07-01 19:04:59,751 | INFO     | app.engines.decisions | 19:04:59 | Wick Engine | WAIT | Phase IDLE
  - Broker not connected
  Confidence 0.0% | Opportunity 0.0 | Entry Quality 0.0 | Momentum 0.0 | Liquidity 50.0 | Health 50.0
2026-07-01 19:04:59,751 | INFO     | app.engines.decisions | 19:04:59 | Ultra Engine | WAIT | Phase IDLE
  - Broker not connected
  Confidence 0.0% | Opportunity 0.0 | Entry Quality 0.0 | Momentum 0.0 | Liquidity 0.0 | Health 0.0
2026-07-01 19:05:01,752 | INFO     | app.engines.decisions | 19:05:01 | Normal Engine | BLOCKED | Phase IDLE
  - Broker not connected
  Confidence 0.0% | Opportunity 0.0 | Entry Quality 0.0 | Momentum 0.0 | Liquidity 0.0 | Health 0.0
2026-07-01 19:05:01,753 | INFO     | app.engines.decisions | 19:05:01 | Wick Engine | WAIT | Phase IDLE
  - Broker not connected
  Confidence 0.0% | Opportunity 0.0 | Entry Quality 0.0 | Momentum 0.0 | Liquidity 50.0 | Health 50.0
2026-07-01 19:05:01,753 | INFO     | app.engines.decisions | 19:05:01 | Ultra Engine | WAIT | Phase IDLE
  - Broker not connected
  Confidence 0.0% | Opportunity 0.0 | Entry Quality 0.0 | Momentum 0.0 | Liquidity 0.0 | Health 0.0
2026-07-01 19:05:03,755 | INFO     | app.engines.decisions | 19:05:03 | Normal Engine | BLOCKED | Phase IDLE
  - Broker not connected
  Confidence 0.0% | Opportunity 0.0 | Entry Quality 0.0 | Momentum 0.0 | Liquidity 0.0 | Health 0.0
2026-07-01 19:05:03,756 | INFO     | app.engines.decisions | 19:05:03 | Wick Engine | WAIT | Phase IDLE
  - Broker not connected
  Confidence 0.0% | Opportunity 0.0 | Entry Quality 0.0 | Momentum 0.0 | Liquidity 50.0 | Health 50.0
2026-07-01 19:05:03,756 | INFO     | app.engines.decisions | 19:05:03 | Ultra Engine | WAIT | Phase IDLE
  - Broker not connected
  Confidence 0.0% | Opportunity 0.0 | Entry Quality 0.0 | Momentum 0.0 | Liquidity 0.0 | Health 0.0
2026-07-01 19:05:05,757 | INFO     | app.engines.decisions | 19:05:05 | Normal Engine | BLOCKED | Phase IDLE
  - Broker not connected
  Confidence 0.0% | Opportunity 0.0 | Entry Quality 0.0 | Momentum 0.0 | Liquidity 0.0 | Health 0.0
2026-07-01 19:05:05,757 | INFO     | app.engines.decisions | 19:05:05 | Wick Engine | WAIT | Phase IDLE
  - Broker not connected
  Confidence 0.0% | Opportunity 0.0 | Entry Quality 0.0 | Momentum 0.0 | Liquidity 50.0 | Health 50.0
2026-07-01 19:05:05,757 | INFO     | app.engines.decisions | 19:05:05 | Ultra Engine | WAIT | Phase IDLE
  - Broker not connected
  Confidence 0.0% | Opportunity 0.0 | Entry Quality 0.0 | Momentum 0.0 | Liquidity 0.0 | Health 0.0
2026-07-01 19:05:07,759 | INFO     | app.engines.decisions | 19:05:07 | Normal Engine | BLOCKED | Phase IDLE
  - Broker not connected
  Confidence 0.0% | Opportunity 0.0 | Entry Quality 0.0 | Momentum 0.0 | Liquidity 0.0 | Health 0.0
2026-07-01 19:05:07,759 | INFO     | app.engines.decisions | 19:05:07 | Wick Engine | WAIT | Phase IDLE
  - Broker not connected
  Confidence 0.0% | Opportunity 0.0 | Entry Quality 0.0 | Momentum 0.0 | Liquidity 50.0 | Health 50.0
2026-07-01 19:05:07,760 | INFO     | app.engines.decisions | 19:05:07 | Ultra Engine | WAIT | Phase IDLE
  - Broker not connected
  Confidence 0.0% | Opportunity 0.0 | Entry Quality 0.0 | Momentum 0.0 | Liquidity 0.0 | Health 0.0
2026-07-01 19:05:09,762 | INFO     | app.engines.decisions | 19:05:09 | Normal Engine | BLOCKED | Phase IDLE
  - Broker not connected
  Confidence 0.0% | Opportunity 0.0 | Entry Quality 0.0 | Momentum 0.0 | Liquidity 0.0 | Health 0.0
2026-07-01 19:05:09,762 | INFO     | app.engines.decisions | 19:05:09 | Wick Engine | WAIT | Phase IDLE
  - Broker not connected
  Confidence 0.0% | Opportunity 0.0 | Entry Quality 0.0 | Momentum 0.0 | Liquidity 50.0 | Health 50.0
2026-07-01 19:05:09,763 | INFO     | app.engines.decisions | 19:05:09 | Ultra Engine | WAIT | Phase IDLE
  - Broker not connected
  Confidence 0.0% | Opportunity 0.0 | Entry Quality 0.0 | Momentum 0.0 | Liquidity 0.0 | Health 0.0
2026-07-01 19:05:11,764 | INFO     | app.engines.decisions | 19:05:11 | Normal Engine | BLOCKED | Phase IDLE
  - Broker not connected
  Confidence 0.0% | Opportunity 0.0 | Entry Quality 0.0 | Momentum 0.0 | Liquidity 0.0 | Health 0.0
2026-07-01 19:05:11,765 | INFO     | app.engines.decisions | 19:05:11 | Wick Engine | WAIT | Phase IDLE
  - Broker not connected
  Confidence 0.0% | Opportunity 0.0 | Entry Quality 0.0 | Momentum 0.0 | Liquidity 50.0 | Health 50.0
2026-07-01 19:05:11,765 | INFO     | app.engines.decisions | 19:05:11 | Ultra Engine | WAIT | Phase IDLE
  - Broker not connected
  Confidence 0.0% | Opportunity 0.0 | Entry Quality 0.0 | Momentum 0.0 | Liquidity 0.0 | Health 0.0
2026-07-01 19:05:13,767 | INFO     | app.engines.decisions | 19:05:13 | Normal Engine | BLOCKED | Phase IDLE
  - Broker not connected
  Confidence 0.0% | Opportunity 0.0 | Entry Quality 0.0 | Momentum 0.0 | Liquidity 0.0 | Health 0.0
2026-07-01 19:05:13,767 | INFO     | app.engines.decisions | 19:05:13 | Wick Engine | WAIT | Phase IDLE
  - Broker not connected
  Confidence 0.0% | Opportunity 0.0 | Entry Quality 0.0 | Momentum 0.0 | Liquidity 50.0 | Health 50.0
2026-07-01 19:05:13,768 | INFO     | app.engines.decisions | 19:05:13 | Ultra Engine | WAIT | Phase IDLE
  - Broker not connected
  Confidence 0.0% | Opportunity 0.0 | Entry Quality 0.0 | Momentum 0.0 | Liquidity 0.0 | Health 0.0
2026-07-01 19:05:15,770 | INFO     | app.engines.decisions | 19:05:15 | Normal Engine | BLOCKED | Phase IDLE
  - Broker not connected
  Confidence 0.0% | Opportunity 0.0 | Entry Quality 0.0 | Momentum 0.0 | Liquidity 0.0 | Health 0.0
2026-07-01 19:05:15,770 | INFO     | app.engines.decisions | 19:05:15 | Wick Engine | WAIT | Phase IDLE
  - Broker not connected
  Confidence 0.0% | Opportunity 0.0 | Entry Quality 0.0 | Momentum 0.0 | Liquidity 50.0 | Health 50.0
2026-07-01 19:05:15,770 | INFO     | app.engines.decisions | 19:05:15 | Ultra Engine | WAIT | Phase IDLE
  - Broker not connected
  Confidence 0.0% | Opportunity 0.0 | Entry Quality 0.0 | Momentum 0.0 | Liquidity 0.0 | Health 0.0
2026-07-01 19:05:17,772 | INFO     | app.engines.decisions | 19:05:17 | Normal Engine | BLOCKED | Phase IDLE
  - Broker not connected
  Confidence 0.0% | Opportunity 0.0 | Entry Quality 0.0 | Momentum 0.0 | Liquidity 0.0 | Health 0.0
2026-07-01 19:05:17,773 | INFO     | app.engines.decisions | 19:05:17 | Wick Engine | WAIT | Phase IDLE
  - Broker not connected
  Confidence 0.0% | Opportunity 0.0 | Entry Quality 0.0 | Momentum 0.0 | Liquidity 50.0 | Health 50.0
2026-07-01 19:05:17,773 | INFO     | app.engines.decisions | 19:05:17 | Ultra Engine | WAIT | Phase IDLE
  - Broker not connected
  Confidence 0.0% | Opportunity 0.0 | Entry Quality 0.0 | Momentum 0.0 | Liquidity 0.0 | Health 0.0
2026-07-01 19:05:19,774 | INFO     | app.engines.decisions | 19:05:19 | Normal Engine | BLOCKED | Phase IDLE
  - Broker not connected
  Confidence 0.0% | Opportunity 0.0 | Entry Quality 0.0 | Momentum 0.0 | Liquidity 0.0 | Health 0.0
2026-07-01 19:05:19,775 | INFO     | app.engines.decisions | 19:05:19 | Wick Engine | WAIT | Phase IDLE
  - Broker not connected
  Confidence 0.0% | Opportunity 0.0 | Entry Quality 0.0 | Momentum 0.0 | Liquidity 50.0 | Health 50.0
2026-07-01 19:05:19,775 | INFO     | app.engines.decisions | 19:05:19 | Ultra Engine | WAIT | Phase IDLE
  - Broker not connected
  Confidence 0.0% | Opportunity 0.0 | Entry Quality 0.0 | Momentum 0.0 | Liquidity 0.0 | Health 0.0
2026-07-01 19:05:21,776 | INFO     | app.engines.decisions | 19:05:21 | Normal Engine | BLOCKED | Phase IDLE
  - Broker not connected
  Confidence 0.0% | Opportunity 0.0 | Entry Quality 0.0 | Momentum 0.0 | Liquidity 0.0 | Health 0.0
2026-07-01 19:05:21,777 | INFO     | app.engines.decisions | 19:05:21 | Wick Engine | WAIT | Phase IDLE
  - Broker not connected
  Confidence 0.0% | Opportunity 0.0 | Entry Quality 0.0 | Momentum 0.0 | Liquidity 50.0 | Health 50.0
2026-07-01 19:05:21,778 | INFO     | app.engines.decisions | 19:05:21 | Ultra Engine | WAIT | Phase IDLE
  - Broker not connected
  Confidence 0.0% | Opportunity 0.0 | Entry Quality 0.0 | Momentum 0.0 | Liquidity 0.0 | Health 0.0
2026-07-01 19:05:23,780 | INFO     | app.engines.decisions | 19:05:23 | Normal Engine | BLOCKED | Phase IDLE
  - Broker not connected
  Confidence 0.0% | Opportunity 0.0 | Entry Quality 0.0 | Momentum 0.0 | Liquidity 0.0 | Health 0.0
2026-07-01 19:05:23,780 | INFO     | app.engines.decisions | 19:05:23 | Wick Engine | WAIT | Phase IDLE
  - Broker not connected
  Confidence 0.0% | Opportunity 0.0 | Entry Quality 0.0 | Momentum 0.0 | Liquidity 50.0 | Health 50.0
2026-07-01 19:05:23,780 | INFO     | app.engines.decisions | 19:05:23 | Ultra Engine | WAIT | Phase IDLE
  - Broker not connected
  Confidence 0.0% | Opportunity 0.0 | Entry Quality 0.0 | Momentum 0.0 | Liquidity 0.0 | Health 0.0
2026-07-01 19:05:25,782 | INFO     | app.engines.decisions | 19:05:25 | Normal Engine | BLOCKED | Phase IDLE
  - Broker not connected
  Confidence 0.0% | Opportunity 0.0 | Entry Quality 0.0 | Momentum 0.0 | Liquidity 0.0 | Health 0.0
2026-07-01 19:05:25,782 | INFO     | app.engines.decisions | 19:05:25 | Wick Engine | WAIT | Phase IDLE
  - Broker not connected
  Confidence 0.0% | Opportunity 0.0 | Entry Quality 0.0 | Momentum 0.0 | Liquidity 50.0 | Health 50.0
2026-07-01 19:05:25,783 | INFO     | app.engines.decisions | 19:05:25 | Ultra Engine | WAIT | Phase IDLE
  - Broker not connected
  Confidence 0.0% | Opportunity 0.0 | Entry Quality 0.0 | Momentum 0.0 | Liquidity 0.0 | Health 0.0
2026-07-01 19:05:27,784 | INFO     | app.engines.decisions | 19:05:27 | Normal Engine | BLOCKED | Phase IDLE
  - Broker not connected
  Confidence 0.0% | Opportunity 0.0 | Entry Quality 0.0 | Momentum 0.0 | Liquidity 0.0 | Health 0.0
2026-07-01 19:05:27,785 | INFO     | app.engines.decisions | 19:05:27 | Wick Engine | WAIT | Phase IDLE
  - Broker not connected
  Confidence 0.0% | Opportunity 0.0 | Entry Quality 0.0 | Momentum 0.0 | Liquidity 50.0 | Health 50.0
2026-07-01 19:05:27,785 | INFO     | app.engines.decisions | 19:05:27 | Ultra Engine | WAIT | Phase IDLE
  - Broker not connected
  Confidence 0.0% | Opportunity 0.0 | Entry Quality 0.0 | Momentum 0.0 | Liquidity 0.0 | Health 0.0
2026-07-01 19:05:29,786 | INFO     | app.engines.decisions | 19:05:29 | Normal Engine | BLOCKED | Phase IDLE
  - Broker not connected
  Confidence 0.0% | Opportunity 0.0 | Entry Quality 0.0 | Momentum 0.0 | Liquidity 0.0 | Health 0.0
2026-07-01 19:05:29,787 | INFO     | app.engines.decisions | 19:05:29 | Wick Engine | WAIT | Phase IDLE
  - Broker not connected
  Confidence 0.0% | Opportunity 0.0 | Entry Quality 0.0 | Momentum 0.0 | Liquidity 50.0 | Health 50.0
2026-07-01 19:05:29,787 | INFO     | app.engines.decisions | 19:05:29 | Ultra Engine | WAIT | Phase IDLE
  - Broker not connected
  Confidence 0.0% | Opportunity 0.0 | Entry Quality 0.0 | Momentum 0.0 | Liquidity 0.0 | Health 0.0
2026-07-01 19:05:31,788 | INFO     | app.engines.decisions | 19:05:31 | Normal Engine | BLOCKED | Phase IDLE
  - Broker not connected
  Confidence 0.0% | Opportunity 0.0 | Entry Quality 0.0 | Momentum 0.0 | Liquidity 0.0 | Health 0.0
2026-07-01 19:05:31,790 | INFO     | app.engines.decisions | 19:05:31 | Wick Engine | WAIT | Phase IDLE
  - Broker not connected
  Confidence 0.0% | Opportunity 0.0 | Entry Quality 0.0 | Momentum 0.0 | Liquidity 50.0 | Health 50.0
2026-07-01 19:05:31,790 | INFO     | app.engines.decisions | 19:05:31 | Ultra Engine | WAIT | Phase IDLE
  - Broker not connected
  Confidence 0.0% | Opportunity 0.0 | Entry Quality 0.0 | Momentum 0.0 | Liquidity 0.0 | Health 0.0
2026-07-01 19:05:33,793 | INFO     | app.engines.decisions | 19:05:33 | Normal Engine | BLOCKED | Phase IDLE
  - Broker not connected
  Confidence 0.0% | Opportunity 0.0 | Entry Quality 0.0 | Momentum 0.0 | Liquidity 0.0 | Health 0.0
2026-07-01 19:05:33,794 | INFO     | app.engines.decisions | 19:05:33 | Wick Engine | WAIT | Phase IDLE
  - Broker not connected
  Confidence 0.0% | Opportunity 0.0 | Entry Quality 0.0 | Momentum 0.0 | Liquidity 50.0 | Health 50.0
2026-07-01 19:05:33,794 | INFO     | app.engines.decisions | 19:05:33 | Ultra Engine | WAIT | Phase IDLE
  - Broker not connected
  Confidence 0.0% | Opportunity 0.0 | Entry Quality 0.0 | Momentum 0.0 | Liquidity 0.0 | Health 0.0
2026-07-01 19:05:35,796 | INFO     | app.engines.decisions | 19:05:35 | Normal Engine | BLOCKED | Phase IDLE
  - Broker not connected
  Confidence 0.0% | Opportunity 0.0 | Entry Quality 0.0 | Momentum 0.0 | Liquidity 0.0 | Health 0.0
2026-07-01 19:05:35,796 | INFO     | app.engines.decisions | 19:05:35 | Wick Engine | WAIT | Phase IDLE
  - Broker not connected
  Confidence 0.0% | Opportunity 0.0 | Entry Quality 0.0 | Momentum 0.0 | Liquidity 50.0 | Health 50.0
2026-07-01 19:05:35,796 | INFO     | app.engines.decisions | 19:05:35 | Ultra Engine | WAIT | Phase IDLE
  - Broker not connected
  Confidence 0.0% | Opportunity 0.0 | Entry Quality 0.0 | Momentum 0.0 | Liquidity 0.0 | Health 0.0
2026-07-01 19:05:37,798 | INFO     | app.engines.decisions | 19:05:37 | Normal Engine | BLOCKED | Phase IDLE
  - Broker not connected
  Confidence 0.0% | Opportunity 0.0 | Entry Quality 0.0 | Momentum 0.0 | Liquidity 0.0 | Health 0.0
2026-07-01 19:05:37,798 | INFO     | app.engines.decisions | 19:05:37 | Wick Engine | WAIT | Phase IDLE
  - Broker not connected
  Confidence 0.0% | Opportunity 0.0 | Entry Quality 0.0 | Momentum 0.0 | Liquidity 50.0 | Health 50.0
2026-07-01 19:05:37,799 | INFO     | app.engines.decisions | 19:05:37 | Ultra Engine | WAIT | Phase IDLE
  - Broker not connected
  Confidence 0.0% | Opportunity 0.0 | Entry Quality 0.0 | Momentum 0.0 | Liquidity 0.0 | Health 0.0
2026-07-01 19:05:39,801 | INFO     | app.engines.decisions | 19:05:39 | Normal Engine | BLOCKED | Phase IDLE
  - Broker not connected
  Confidence 0.0% | Opportunity 0.0 | Entry Quality 0.0 | Momentum 0.0 | Liquidity 0.0 | Health 0.0
2026-07-01 19:05:39,801 | INFO     | app.engines.decisions | 19:05:39 | Wick Engine | WAIT | Phase IDLE
  - Broker not connected
  Confidence 0.0% | Opportunity 0.0 | Entry Quality 0.0 | Momentum 0.0 | Liquidity 50.0 | Health 50.0
2026-07-01 19:05:39,801 | INFO     | app.engines.decisions | 19:05:39 | Ultra Engine | WAIT | Phase IDLE
  - Broker not connected
  Confidence 0.0% | Opportunity 0.0 | Entry Quality 0.0 | Momentum 0.0 | Liquidity 0.0 | Health 0.0
2026-07-01 19:05:41,803 | INFO     | app.engines.decisions | 19:05:41 | Normal Engine | BLOCKED | Phase IDLE
  - Broker not connected
  Confidence 0.0% | Opportunity 0.0 | Entry Quality 0.0 | Momentum 0.0 | Liquidity 0.0 | Health 0.0
2026-07-01 19:05:41,804 | INFO     | app.engines.decisions | 19:05:41 | Wick Engine | WAIT | Phase IDLE
  - Broker not connected
  Confidence 0.0% | Opportunity 0.0 | Entry Quality 0.0 | Momentum 0.0 | Liquidity 50.0 | Health 50.0
2026-07-01 19:05:41,805 | INFO     | app.engines.decisions | 19:05:41 | Ultra Engine | WAIT | Phase IDLE
  - Broker not connected
  Confidence 0.0% | Opportunity 0.0 | Entry Quality 0.0 | Momentum 0.0 | Liquidity 0.0 | Health 0.0
2026-07-01 19:05:43,806 | INFO     | app.engines.decisions | 19:05:43 | Normal Engine | BLOCKED | Phase IDLE
  - Broker not connected
  Confidence 0.0% | Opportunity 0.0 | Entry Quality 0.0 | Momentum 0.0 | Liquidity 0.0 | Health 0.0
2026-07-01 19:05:43,806 | INFO     | app.engines.decisions | 19:05:43 | Wick Engine | WAIT | Phase IDLE
  - Broker not connected
  Confidence 0.0% | Opportunity 0.0 | Entry Quality 0.0 | Momentum 0.0 | Liquidity 50.0 | Health 50.0
2026-07-01 19:05:43,806 | INFO     | app.engines.decisions | 19:05:43 | Ultra Engine | WAIT | Phase IDLE
  - Broker not connected
  Confidence 0.0% | Opportunity 0.0 | Entry Quality 0.0 | Momentum 0.0 | Liquidity 0.0 | Health 0.0
2026-07-01 19:05:45,808 | INFO     | app.engines.decisions | 19:05:45 | Normal Engine | BLOCKED | Phase IDLE
  - Broker not connected
  Confidence 0.0% | Opportunity 0.0 | Entry Quality 0.0 | Momentum 0.0 | Liquidity 0.0 | Health 0.0
2026-07-01 19:05:45,808 | INFO     | app.engines.decisions | 19:05:45 | Wick Engine | WAIT | Phase IDLE
  - Broker not connected
  Confidence 0.0% | Opportunity 0.0 | Entry Quality 0.0 | Momentum 0.0 | Liquidity 50.0 | Health 50.0
2026-07-01 19:05:45,809 | INFO     | app.engines.decisions | 19:05:45 | Ultra Engine | WAIT | Phase IDLE
  - Broker not connected
  Confidence 0.0% | Opportunity 0.0 | Entry Quality 0.0 | Momentum 0.0 | Liquidity 0.0 | Health 0.0
2026-07-01 19:05:47,811 | INFO     | app.engines.decisions | 19:05:47 | Normal Engine | BLOCKED | Phase IDLE
  - Broker not connected
  Confidence 0.0% | Opportunity 0.0 | Entry Quality 0.0 | Momentum 0.0 | Liquidity 0.0 | Health 0.0
2026-07-01 19:05:47,813 | INFO     | app.engines.decisions | 19:05:47 | Wick Engine | WAIT | Phase IDLE
  - Broker not connected
  Confidence 0.0% | Opportunity 0.0 | Entry Quality 0.0 | Momentum 0.0 | Liquidity 50.0 | Health 50.0
2026-07-01 19:05:47,813 | INFO     | app.engines.decisions | 19:05:47 | Ultra Engine | WAIT | Phase IDLE
  - Broker not connected
  Confidence 0.0% | Opportunity 0.0 | Entry Quality 0.0 | Momentum 0.0 | Liquidity 0.0 | Health 0.0
2026-07-01 19:05:49,814 | INFO     | app.engines.decisions | 19:05:49 | Normal Engine | BLOCKED | Phase IDLE
  - Broker not connected
  Confidence 0.0% | Opportunity 0.0 | Entry Quality 0.0 | Momentum 0.0 | Liquidity 0.0 | Health 0.0
2026-07-01 19:05:49,814 | INFO     | app.engines.decisions | 19:05:49 | Wick Engine | WAIT | Phase IDLE
  - Broker not connected
  Confidence 0.0% | Opportunity 0.0 | Entry Quality 0.0 | Momentum 0.0 | Liquidity 50.0 | Health 50.0
2026-07-01 19:05:49,815 | INFO     | app.engines.decisions | 19:05:49 | Ultra Engine | WAIT | Phase IDLE
  - Broker not connected
  Confidence 0.0% | Opportunity 0.0 | Entry Quality 0.0 | Momentum 0.0 | Liquidity 0.0 | Health 0.0
2026-07-01 19:05:51,816 | INFO     | app.engines.decisions | 19:05:51 | Normal Engine | BLOCKED | Phase IDLE
  - Broker not connected
  Confidence 0.0% | Opportunity 0.0 | Entry Quality 0.0 | Momentum 0.0 | Liquidity 0.0 | Health 0.0
2026-07-01 19:05:51,817 | INFO     | app.engines.decisions | 19:05:51 | Wick Engine | WAIT | Phase IDLE
  - Broker not connected
  Confidence 0.0% | Opportunity 0.0 | Entry Quality 0.0 | Momentum 0.0 | Liquidity 50.0 | Health 50.0
2026-07-01 19:05:51,818 | INFO     | app.engines.decisions | 19:05:51 | Ultra Engine | WAIT | Phase IDLE
  - Broker not connected
  Confidence 0.0% | Opportunity 0.0 | Entry Quality 0.0 | Momentum 0.0 | Liquidity 0.0 | Health 0.0
2026-07-01 19:05:53,819 | INFO     | app.engines.decisions | 19:05:53 | Normal Engine | BLOCKED | Phase IDLE
  - Broker not connected
  Confidence 0.0% | Opportunity 0.0 | Entry Quality 0.0 | Momentum 0.0 | Liquidity 0.0 | Health 0.0
2026-07-01 19:05:53,820 | INFO     | app.engines.decisions | 19:05:53 | Wick Engine | WAIT | Phase IDLE
  - Broker not connected
  Confidence 0.0% | Opportunity 0.0 | Entry Quality 0.0 | Momentum 0.0 | Liquidity 50.0 | Health 50.0
2026-07-01 19:05:53,820 | INFO     | app.engines.decisions | 19:05:53 | Ultra Engine | WAIT | Phase IDLE
  - Broker not connected
  Confidence 0.0% | Opportunity 0.0 | Entry Quality 0.0 | Momentum 0.0 | Liquidity 0.0 | Health 0.0
2026-07-01 19:05:55,823 | INFO     | app.engines.decisions | 19:05:55 | Normal Engine | BLOCKED | Phase IDLE
  - Broker not connected
  Confidence 0.0% | Opportunity 0.0 | Entry Quality 0.0 | Momentum 0.0 | Liquidity 0.0 | Health 0.0
2026-07-01 19:05:55,823 | INFO     | app.engines.decisions | 19:05:55 | Wick Engine | WAIT | Phase IDLE
  - Broker not connected
  Confidence 0.0% | Opportunity 0.0 | Entry Quality 0.0 | Momentum 0.0 | Liquidity 50.0 | Health 50.0
2026-07-01 19:05:55,823 | INFO     | app.engines.decisions | 19:05:55 | Ultra Engine | WAIT | Phase IDLE
  - Broker not connected
  Confidence 0.0% | Opportunity 0.0 | Entry Quality 0.0 | Momentum 0.0 | Liquidity 0.0 | Health 0.0
2026-07-01 19:05:57,825 | INFO     | app.engines.decisions | 19:05:57 | Normal Engine | BLOCKED | Phase IDLE
  - Broker not connected
  Confidence 0.0% | Opportunity 0.0 | Entry Quality 0.0 | Momentum 0.0 | Liquidity 0.0 | Health 0.0
2026-07-01 19:05:57,825 | INFO     | app.engines.decisions | 19:05:57 | Wick Engine | WAIT | Phase IDLE
  - Broker not connected
  Confidence 0.0% | Opportunity 0.0 | Entry Quality 0.0 | Momentum 0.0 | Liquidity 50.0 | Health 50.0
2026-07-01 19:05:57,826 | INFO     | app.engines.decisions | 19:05:57 | Ultra Engine | WAIT | Phase IDLE
  - Broker not connected
  Confidence 0.0% | Opportunity 0.0 | Entry Quality 0.0 | Momentum 0.0 | Liquidity 0.0 | Health 0.0
2026-07-01 19:05:59,828 | INFO     | app.engines.decisions | 19:05:59 | Normal Engine | BLOCKED | Phase IDLE
  - Broker not connected
  Confidence 0.0% | Opportunity 0.0 | Entry Quality 0.0 | Momentum 0.0 | Liquidity 0.0 | Health 0.0
2026-07-01 19:05:59,828 | INFO     | app.engines.decisions | 19:05:59 | Wick Engine | WAIT | Phase IDLE
  - Broker not connected
  Confidence 0.0% | Opportunity 0.0 | Entry Quality 0.0 | Momentum 0.0 | Liquidity 50.0 | Health 50.0
2026-07-01 19:05:59,828 | INFO     | app.engines.decisions | 19:05:59 | Ultra Engine | WAIT | Phase IDLE
  - Broker not connected
  Confidence 0.0% | Opportunity 0.0 | Entry Quality 0.0 | Momentum 0.0 | Liquidity 0.0 | Health 0.0
2026-07-01 19:06:01,830 | INFO     | app.engines.decisions | 19:06:01 | Normal Engine | BLOCKED | Phase IDLE
  - Broker not connected
  Confidence 0.0% | Opportunity 0.0 | Entry Quality 0.0 | Momentum 0.0 | Liquidity 0.0 | Health 0.0
2026-07-01 19:06:01,830 | INFO     | app.engines.decisions | 19:06:01 | Wick Engine | WAIT | Phase IDLE
  - Broker not connected
  Confidence 0.0% | Opportunity 0.0 | Entry Quality 0.0 | Momentum 0.0 | Liquidity 50.0 | Health 50.0
2026-07-01 19:06:01,830 | INFO     | app.engines.decisions | 19:06:01 | Ultra Engine | WAIT | Phase IDLE
  - Broker not connected
  Confidence 0.0% | Opportunity 0.0 | Entry Quality 0.0 | Momentum 0.0 | Liquidity 0.0 | Health 0.0
2026-07-01 19:06:03,833 | INFO     | app.engines.decisions | 19:06:03 | Normal Engine | BLOCKED | Phase IDLE
  - Broker not connected
  Confidence 0.0% | Opportunity 0.0 | Entry Quality 0.0 | Momentum 0.0 | Liquidity 0.0 | Health 0.0
2026-07-01 19:06:03,834 | INFO     | app.engines.decisions | 19:06:03 | Wick Engine | WAIT | Phase IDLE
  - Broker not connected
  Confidence 0.0% | Opportunity 0.0 | Entry Quality 0.0 | Momentum 0.0 | Liquidity 50.0 | Health 50.0
2026-07-01 19:06:03,835 | INFO     | app.engines.decisions | 19:06:03 | Ultra Engine | WAIT | Phase IDLE
  - Broker not connected
  Confidence 0.0% | Opportunity 0.0 | Entry Quality 0.0 | Momentum 0.0 | Liquidity 0.0 | Health 0.0
2026-07-01 19:06:05,837 | INFO     | app.engines.decisions | 19:06:05 | Normal Engine | BLOCKED | Phase IDLE
  - Broker not connected
  Confidence 0.0% | Opportunity 0.0 | Entry Quality 0.0 | Momentum 0.0 | Liquidity 0.0 | Health 0.0
2026-07-01 19:06:05,837 | INFO     | app.engines.decisions | 19:06:05 | Wick Engine | WAIT | Phase IDLE
  - Broker not connected
  Confidence 0.0% | Opportunity 0.0 | Entry Quality 0.0 | Momentum 0.0 | Liquidity 50.0 | Health 50.0
2026-07-01 19:06:05,838 | INFO     | app.engines.decisions | 19:06:05 | Ultra Engine | WAIT | Phase IDLE
  - Broker not connected
  Confidence 0.0% | Opportunity 0.0 | Entry Quality 0.0 | Momentum 0.0 | Liquidity 0.0 | Health 0.0
2026-07-01 19:06:07,839 | INFO     | app.engines.decisions | 19:06:07 | Normal Engine | BLOCKED | Phase IDLE
  - Broker not connected
  Confidence 0.0% | Opportunity 0.0 | Entry Quality 0.0 | Momentum 0.0 | Liquidity 0.0 | Health 0.0
2026-07-01 19:06:07,840 | INFO     | app.engines.decisions | 19:06:07 | Wick Engine | WAIT | Phase IDLE
  - Broker not connected
  Confidence 0.0% | Opportunity 0.0 | Entry Quality 0.0 | Momentum 0.0 | Liquidity 50.0 | Health 50.0
2026-07-01 19:06:07,840 | INFO     | app.engines.decisions | 19:06:07 | Ultra Engine | WAIT | Phase IDLE
  - Broker not connected
  Confidence 0.0% | Opportunity 0.0 | Entry Quality 0.0 | Momentum 0.0 | Liquidity 0.0 | Health 0.0
2026-07-01 19:06:09,842 | INFO     | app.engines.decisions | 19:06:09 | Normal Engine | BLOCKED | Phase IDLE
  - Broker not connected
  Confidence 0.0% | Opportunity 0.0 | Entry Quality 0.0 | Momentum 0.0 | Liquidity 0.0 | Health 0.0
2026-07-01 19:06:09,843 | INFO     | app.engines.decisions | 19:06:09 | Wick Engine | WAIT | Phase IDLE
  - Broker not connected
  Confidence 0.0% | Opportunity 0.0 | Entry Quality 0.0 | Momentum 0.0 | Liquidity 50.0 | Health 50.0
2026-07-01 19:06:09,843 | INFO     | app.engines.decisions | 19:06:09 | Ultra Engine | WAIT | Phase IDLE
  - Broker not connected
  Confidence 0.0% | Opportunity 0.0 | Entry Quality 0.0 | Momentum 0.0 | Liquidity 0.0 | Health 0.0
2026-07-01 19:06:11,844 | INFO     | app.engines.decisions | 19:06:11 | Normal Engine | BLOCKED | Phase IDLE
  - Broker not connected
  Confidence 0.0% | Opportunity 0.0 | Entry Quality 0.0 | Momentum 0.0 | Liquidity 0.0 | Health 0.0
2026-07-01 19:06:11,844 | INFO     | app.engines.decisions | 19:06:11 | Wick Engine | WAIT | Phase IDLE
  - Broker not connected
  Confidence 0.0% | Opportunity 0.0 | Entry Quality 0.0 | Momentum 0.0 | Liquidity 50.0 | Health 50.0
2026-07-01 19:06:11,844 | INFO     | app.engines.decisions | 19:06:11 | Ultra Engine | WAIT | Phase IDLE
  - Broker not connected
  Confidence 0.0% | Opportunity 0.0 | Entry Quality 0.0 | Momentum 0.0 | Liquidity 0.0 | Health 0.0
2026-07-01 19:06:13,847 | INFO     | app.engines.decisions | 19:06:13 | Normal Engine | BLOCKED | Phase IDLE
  - Broker not connected
  Confidence 0.0% | Opportunity 0.0 | Entry Quality 0.0 | Momentum 0.0 | Liquidity 0.0 | Health 0.0
2026-07-01 19:06:13,847 | INFO     | app.engines.decisions | 19:06:13 | Wick Engine | WAIT | Phase IDLE
  - Broker not connected
  Confidence 0.0% | Opportunity 0.0 | Entry Quality 0.0 | Momentum 0.0 | Liquidity 50.0 | Health 50.0
2026-07-01 19:06:13,847 | INFO     | app.engines.decisions | 19:06:13 | Ultra Engine | WAIT | Phase IDLE
  - Broker not connected
  Confidence 0.0% | Opportunity 0.0 | Entry Quality 0.0 | Momentum 0.0 | Liquidity 0.0 | Health 0.0
2026-07-01 19:06:15,849 | INFO     | app.engines.decisions | 19:06:15 | Normal Engine | BLOCKED | Phase IDLE
  - Broker not connected
  Confidence 0.0% | Opportunity 0.0 | Entry Quality 0.0 | Momentum 0.0 | Liquidity 0.0 | Health 0.0
2026-07-01 19:06:15,850 | INFO     | app.engines.decisions | 19:06:15 | Wick Engine | WAIT | Phase IDLE
  - Broker not connected
  Confidence 0.0% | Opportunity 0.0 | Entry Quality 0.0 | Momentum 0.0 | Liquidity 50.0 | Health 50.0
2026-07-01 19:06:15,850 | INFO     | app.engines.decisions | 19:06:15 | Ultra Engine | WAIT | Phase IDLE
  - Broker not connected
  Confidence 0.0% | Opportunity 0.0 | Entry Quality 0.0 | Momentum 0.0 | Liquidity 0.0 | Health 0.0
2026-07-01 19:06:17,853 | INFO     | app.engines.decisions | 19:06:17 | Normal Engine | BLOCKED | Phase IDLE
  - Broker not connected
  Confidence 0.0% | Opportunity 0.0 | Entry Quality 0.0 | Momentum 0.0 | Liquidity 0.0 | Health 0.0
2026-07-01 19:06:17,853 | INFO     | app.engines.decisions | 19:06:17 | Wick Engine | WAIT | Phase IDLE
  - Broker not connected
  Confidence 0.0% | Opportunity 0.0 | Entry Quality 0.0 | Momentum 0.0 | Liquidity 50.0 | Health 50.0
2026-07-01 19:06:17,853 | INFO     | app.engines.decisions | 19:06:17 | Ultra Engine | WAIT | Phase IDLE
  - Broker not connected
  Confidence 0.0% | Opportunity 0.0 | Entry Quality 0.0 | Momentum 0.0 | Liquidity 0.0 | Health 0.0
2026-07-01 19:06:19,856 | INFO     | app.engines.decisions | 19:06:19 | Normal Engine | BLOCKED | Phase IDLE
  - Broker not connected
  Confidence 0.0% | Opportunity 0.0 | Entry Quality 0.0 | Momentum 0.0 | Liquidity 0.0 | Health 0.0
2026-07-01 19:06:19,856 | INFO     | app.engines.decisions | 19:06:19 | Wick Engine | WAIT | Phase IDLE
  - Broker not connected
  Confidence 0.0% | Opportunity 0.0 | Entry Quality 0.0 | Momentum 0.0 | Liquidity 50.0 | Health 50.0
2026-07-01 19:06:19,856 | INFO     | app.engines.decisions | 19:06:19 | Ultra Engine | WAIT | Phase IDLE
  - Broker not connected
  Confidence 0.0% | Opportunity 0.0 | Entry Quality 0.0 | Momentum 0.0 | Liquidity 0.0 | Health 0.0
2026-07-01 19:06:21,858 | INFO     | app.engines.decisions | 19:06:21 | Normal Engine | BLOCKED | Phase IDLE
  - Broker not connected
  Confidence 0.0% | Opportunity 0.0 | Entry Quality 0.0 | Momentum 0.0 | Liquidity 0.0 | Health 0.0
2026-07-01 19:06:21,859 | INFO     | app.engines.decisions | 19:06:21 | Wick Engine | WAIT | Phase IDLE
  - Broker not connected
  Confidence 0.0% | Opportunity 0.0 | Entry Quality 0.0 | Momentum 0.0 | Liquidity 50.0 | Health 50.0
2026-07-01 19:06:21,859 | INFO     | app.engines.decisions | 19:06:21 | Ultra Engine | WAIT | Phase IDLE
  - Broker not connected
  Confidence 0.0% | Opportunity 0.0 | Entry Quality 0.0 | Momentum 0.0 | Liquidity 0.0 | Health 0.0
2026-07-01 19:06:23,861 | INFO     | app.engines.decisions | 19:06:23 | Normal Engine | BLOCKED | Phase IDLE
  - Broker not connected
  Confidence 0.0% | Opportunity 0.0 | Entry Quality 0.0 | Momentum 0.0 | Liquidity 0.0 | Health 0.0
2026-07-01 19:06:23,862 | INFO     | app.engines.decisions | 19:06:23 | Wick Engine | WAIT | Phase IDLE
  - Broker not connected
  Confidence 0.0% | Opportunity 0.0 | Entry Quality 0.0 | Momentum 0.0 | Liquidity 50.0 | Health 50.0
2026-07-01 19:06:23,862 | INFO     | app.engines.decisions | 19:06:23 | Ultra Engine | WAIT | Phase IDLE
  - Broker not connected
  Confidence 0.0% | Opportunity 0.0 | Entry Quality 0.0 | Momentum 0.0 | Liquidity 0.0 | Health 0.0
2026-07-01 19:06:25,864 | INFO     | app.engines.decisions | 19:06:25 | Normal Engine | BLOCKED | Phase IDLE
  - Broker not connected
  Confidence 0.0% | Opportunity 0.0 | Entry Quality 0.0 | Momentum 0.0 | Liquidity 0.0 | Health 0.0
2026-07-01 19:06:25,865 | INFO     | app.engines.decisions | 19:06:25 | Wick Engine | WAIT | Phase IDLE
  - Broker not connected
  Confidence 0.0% | Opportunity 0.0 | Entry Quality 0.0 | Momentum 0.0 | Liquidity 50.0 | Health 50.0
2026-07-01 19:06:25,865 | INFO     | app.engines.decisions | 19:06:25 | Ultra Engine | WAIT | Phase IDLE
  - Broker not connected
  Confidence 0.0% | Opportunity 0.0 | Entry Quality 0.0 | Momentum 0.0 | Liquidity 0.0 | Health 0.0
2026-07-01 19:06:27,867 | INFO     | app.engines.decisions | 19:06:27 | Normal Engine | BLOCKED | Phase IDLE
  - Broker not connected
  Confidence 0.0% | Opportunity 0.0 | Entry Quality 0.0 | Momentum 0.0 | Liquidity 0.0 | Health 0.0
2026-07-01 19:06:27,868 | INFO     | app.engines.decisions | 19:06:27 | Wick Engine | WAIT | Phase IDLE
  - Broker not connected
  Confidence 0.0% | Opportunity 0.0 | Entry Quality 0.0 | Momentum 0.0 | Liquidity 50.0 | Health 50.0
2026-07-01 19:06:27,868 | INFO     | app.engines.decisions | 19:06:27 | Ultra Engine | WAIT | Phase IDLE
  - Broker not connected
  Confidence 0.0% | Opportunity 0.0 | Entry Quality 0.0 | Momentum 0.0 | Liquidity 0.0 | Health 0.0
2026-07-01 19:06:29,869 | INFO     | app.engines.decisions | 19:06:29 | Normal Engine | BLOCKED | Phase IDLE
  - Broker not connected
  Confidence 0.0% | Opportunity 0.0 | Entry Quality 0.0 | Momentum 0.0 | Liquidity 0.0 | Health 0.0
2026-07-01 19:06:29,869 | INFO     | app.engines.decisions | 19:06:29 | Wick Engine | WAIT | Phase IDLE
  - Broker not connected
  Confidence 0.0% | Opportunity 0.0 | Entry Quality 0.0 | Momentum 0.0 | Liquidity 50.0 | Health 50.0
2026-07-01 19:06:29,869 | INFO     | app.engines.decisions | 19:06:29 | Ultra Engine | WAIT | Phase IDLE
  - Broker not connected
  Confidence 0.0% | Opportunity 0.0 | Entry Quality 0.0 | Momentum 0.0 | Liquidity 0.0 | Health 0.0
2026-07-01 19:06:31,871 | INFO     | app.engines.decisions | 19:06:31 | Normal Engine | BLOCKED | Phase IDLE
  - Broker not connected
  Confidence 0.0% | Opportunity 0.0 | Entry Quality 0.0 | Momentum 0.0 | Liquidity 0.0 | Health 0.0
2026-07-01 19:06:31,872 | INFO     | app.engines.decisions | 19:06:31 | Wick Engine | WAIT | Phase IDLE
  - Broker not connected
  Confidence 0.0% | Opportunity 0.0 | Entry Quality 0.0 | Momentum 0.0 | Liquidity 50.0 | Health 50.0
2026-07-01 19:06:31,873 | INFO     | app.engines.decisions | 19:06:31 | Ultra Engine | WAIT | Phase IDLE
  - Broker not connected
  Confidence 0.0% | Opportunity 0.0 | Entry Quality 0.0 | Momentum 0.0 | Liquidity 0.0 | Health 0.0
2026-07-01 19:06:33,875 | INFO     | app.engines.decisions | 19:06:33 | Normal Engine | BLOCKED | Phase IDLE
  - Broker not connected
  Confidence 0.0% | Opportunity 0.0 | Entry Quality 0.0 | Momentum 0.0 | Liquidity 0.0 | Health 0.0
2026-07-01 19:06:33,875 | INFO     | app.engines.decisions | 19:06:33 | Wick Engine | WAIT | Phase IDLE
  - Broker not connected
  Confidence 0.0% | Opportunity 0.0 | Entry Quality 0.0 | Momentum 0.0 | Liquidity 50.0 | Health 50.0
2026-07-01 19:06:33,875 | INFO     | app.engines.decisions | 19:06:33 | Ultra Engine | WAIT | Phase IDLE
  - Broker not connected
  Confidence 0.0% | Opportunity 0.0 | Entry Quality 0.0 | Momentum 0.0 | Liquidity 0.0 | Health 0.0
2026-07-01 19:06:35,877 | INFO     | app.engines.decisions | 19:06:35 | Normal Engine | BLOCKED | Phase IDLE
  - Broker not connected
  Confidence 0.0% | Opportunity 0.0 | Entry Quality 0.0 | Momentum 0.0 | Liquidity 0.0 | Health 0.0
2026-07-01 19:06:35,877 | INFO     | app.engines.decisions | 19:06:35 | Wick Engine | WAIT | Phase IDLE
  - Broker not connected
  Confidence 0.0% | Opportunity 0.0 | Entry Quality 0.0 | Momentum 0.0 | Liquidity 50.0 | Health 50.0
2026-07-01 19:06:35,877 | INFO     | app.engines.decisions | 19:06:35 | Ultra Engine | WAIT | Phase IDLE
  - Broker not connected
  Confidence 0.0% | Opportunity 0.0 | Entry Quality 0.0 | Momentum 0.0 | Liquidity 0.0 | Health 0.0
2026-07-01 19:06:37,879 | INFO     | app.engines.decisions | 19:06:37 | Normal Engine | BLOCKED | Phase IDLE
  - Broker not connected
  Confidence 0.0% | Opportunity 0.0 | Entry Quality 0.0 | Momentum 0.0 | Liquidity 0.0 | Health 0.0
2026-07-01 19:06:37,880 | INFO     | app.engines.decisions | 19:06:37 | Wick Engine | WAIT | Phase IDLE
  - Broker not connected
  Confidence 0.0% | Opportunity 0.0 | Entry Quality 0.0 | Momentum 0.0 | Liquidity 50.0 | Health 50.0
2026-07-01 19:06:37,880 | INFO     | app.engines.decisions | 19:06:37 | Ultra Engine | WAIT | Phase IDLE
  - Broker not connected
  Confidence 0.0% | Opportunity 0.0 | Entry Quality 0.0 | Momentum 0.0 | Liquidity 0.0 | Health 0.0
2026-07-01 19:06:39,882 | INFO     | app.engines.decisions | 19:06:39 | Normal Engine | BLOCKED | Phase IDLE
  - Broker not connected
  Confidence 0.0% | Opportunity 0.0 | Entry Quality 0.0 | Momentum 0.0 | Liquidity 0.0 | Health 0.0
2026-07-01 19:06:39,882 | INFO     | app.engines.decisions | 19:06:39 | Wick Engine | WAIT | Phase IDLE
  - Broker not connected
  Confidence 0.0% | Opportunity 0.0 | Entry Quality 0.0 | Momentum 0.0 | Liquidity 50.0 | Health 50.0
2026-07-01 19:06:39,883 | INFO     | app.engines.decisions | 19:06:39 | Ultra Engine | WAIT | Phase IDLE
  - Broker not connected
  Confidence 0.0% | Opportunity 0.0 | Entry Quality 0.0 | Momentum 0.0 | Liquidity 0.0 | Health 0.0
2026-07-01 19:06:41,883 | INFO     | app.engines.decisions | 19:06:41 | Normal Engine | BLOCKED | Phase IDLE
  - Broker not connected
  Confidence 0.0% | Opportunity 0.0 | Entry Quality 0.0 | Momentum 0.0 | Liquidity 0.0 | Health 0.0
2026-07-01 19:06:41,884 | INFO     | app.engines.decisions | 19:06:41 | Wick Engine | WAIT | Phase IDLE
  - Broker not connected
  Confidence 0.0% | Opportunity 0.0 | Entry Quality 0.0 | Momentum 0.0 | Liquidity 50.0 | Health 50.0
2026-07-01 19:06:41,884 | INFO     | app.engines.decisions | 19:06:41 | Ultra Engine | WAIT | Phase IDLE
  - Broker not connected
  Confidence 0.0% | Opportunity 0.0 | Entry Quality 0.0 | Momentum 0.0 | Liquidity 0.0 | Health 0.0
2026-07-01 19:06:43,885 | INFO     | app.engines.decisions | 19:06:43 | Normal Engine | BLOCKED | Phase IDLE
  - Broker not connected
  Confidence 0.0% | Opportunity 0.0 | Entry Quality 0.0 | Momentum 0.0 | Liquidity 0.0 | Health 0.0
2026-07-01 19:06:43,886 | INFO     | app.engines.decisions | 19:06:43 | Wick Engine | WAIT | Phase IDLE
  - Broker not connected
  Confidence 0.0% | Opportunity 0.0 | Entry Quality 0.0 | Momentum 0.0 | Liquidity 50.0 | Health 50.0
2026-07-01 19:06:43,886 | INFO     | app.engines.decisions | 19:06:43 | Ultra Engine | WAIT | Phase IDLE
  - Broker not connected
  Confidence 0.0% | Opportunity 0.0 | Entry Quality 0.0 | Momentum 0.0 | Liquidity 0.0 | Health 0.0
2026-07-01 19:06:45,889 | INFO     | app.engines.decisions | 19:06:45 | Normal Engine | BLOCKED | Phase IDLE
  - Broker not connected
  Confidence 0.0% | Opportunity 0.0 | Entry Quality 0.0 | Momentum 0.0 | Liquidity 0.0 | Health 0.0
2026-07-01 19:06:45,890 | INFO     | app.engines.decisions | 19:06:45 | Wick Engine | WAIT | Phase IDLE
  - Broker not connected
  Confidence 0.0% | Opportunity 0.0 | Entry Quality 0.0 | Momentum 0.0 | Liquidity 50.0 | Health 50.0
2026-07-01 19:06:45,890 | INFO     | app.engines.decisions | 19:06:45 | Ultra Engine | WAIT | Phase IDLE
  - Broker not connected
  Confidence 0.0% | Opportunity 0.0 | Entry Quality 0.0 | Momentum 0.0 | Liquidity 0.0 | Health 0.0
2026-07-01 19:06:47,891 | INFO     | app.engines.decisions | 19:06:47 | Normal Engine | BLOCKED | Phase IDLE
  - Broker not connected
  Confidence 0.0% | Opportunity 0.0 | Entry Quality 0.0 | Momentum 0.0 | Liquidity 0.0 | Health 0.0
2026-07-01 19:06:47,892 | INFO     | app.engines.decisions | 19:06:47 | Wick Engine | WAIT | Phase IDLE
  - Broker not connected
  Confidence 0.0% | Opportunity 0.0 | Entry Quality 0.0 | Momentum 0.0 | Liquidity 50.0 | Health 50.0
2026-07-01 19:06:47,892 | INFO     | app.engines.decisions | 19:06:47 | Ultra Engine | WAIT | Phase IDLE
  - Broker not connected
  Confidence 0.0% | Opportunity 0.0 | Entry Quality 0.0 | Momentum 0.0 | Liquidity 0.0 | Health 0.0
2026-07-01 19:06:49,894 | INFO     | app.engines.decisions | 19:06:49 | Normal Engine | BLOCKED | Phase IDLE
  - Broker not connected
  Confidence 0.0% | Opportunity 0.0 | Entry Quality 0.0 | Momentum 0.0 | Liquidity 0.0 | Health 0.0
2026-07-01 19:06:49,895 | INFO     | app.engines.decisions | 19:06:49 | Wick Engine | WAIT | Phase IDLE
  - Broker not connected
  Confidence 0.0% | Opportunity 0.0 | Entry Quality 0.0 | Momentum 0.0 | Liquidity 50.0 | Health 50.0
2026-07-01 19:06:49,895 | INFO     | app.engines.decisions | 19:06:49 | Ultra Engine | WAIT | Phase IDLE
  - Broker not connected
  Confidence 0.0% | Opportunity 0.0 | Entry Quality 0.0 | Momentum 0.0 | Liquidity 0.0 | Health 0.0
2026-07-01 19:06:51,897 | INFO     | app.engines.decisions | 19:06:51 | Normal Engine | BLOCKED | Phase IDLE
  - Broker not connected
  Confidence 0.0% | Opportunity 0.0 | Entry Quality 0.0 | Momentum 0.0 | Liquidity 0.0 | Health 0.0
2026-07-01 19:06:51,898 | INFO     | app.engines.decisions | 19:06:51 | Wick Engine | WAIT | Phase IDLE
  - Broker not connected
  Confidence 0.0% | Opportunity 0.0 | Entry Quality 0.0 | Momentum 0.0 | Liquidity 50.0 | Health 50.0
2026-07-01 19:06:51,898 | INFO     | app.engines.decisions | 19:06:51 | Ultra Engine | WAIT | Phase IDLE
  - Broker not connected
  Confidence 0.0% | Opportunity 0.0 | Entry Quality 0.0 | Momentum 0.0 | Liquidity 0.0 | Health 0.0
2026-07-01 19:06:53,898 | INFO     | app.engines.decisions | 19:06:53 | Normal Engine | BLOCKED | Phase IDLE
  - Broker not connected
  Confidence 0.0% | Opportunity 0.0 | Entry Quality 0.0 | Momentum 0.0 | Liquidity 0.0 | Health 0.0
2026-07-01 19:06:53,899 | INFO     | app.engines.decisions | 19:06:53 | Wick Engine | WAIT | Phase IDLE
  - Broker not connected
  Confidence 0.0% | Opportunity 0.0 | Entry Quality 0.0 | Momentum 0.0 | Liquidity 50.0 | Health 50.0
2026-07-01 19:06:53,899 | INFO     | app.engines.decisions | 19:06:53 | Ultra Engine | WAIT | Phase IDLE
  - Broker not connected
  Confidence 0.0% | Opportunity 0.0 | Entry Quality 0.0 | Momentum 0.0 | Liquidity 0.0 | Health 0.0
2026-07-01 19:06:55,902 | INFO     | app.engines.decisions | 19:06:55 | Normal Engine | BLOCKED | Phase IDLE
  - Broker not connected
  Confidence 0.0% | Opportunity 0.0 | Entry Quality 0.0 | Momentum 0.0 | Liquidity 0.0 | Health 0.0
2026-07-01 19:06:55,902 | INFO     | app.engines.decisions | 19:06:55 | Wick Engine | WAIT | Phase IDLE
  - Broker not connected
  Confidence 0.0% | Opportunity 0.0 | Entry Quality 0.0 | Momentum 0.0 | Liquidity 50.0 | Health 50.0
2026-07-01 19:06:55,902 | INFO     | app.engines.decisions | 19:06:55 | Ultra Engine | WAIT | Phase IDLE
  - Broker not connected
  Confidence 0.0% | Opportunity 0.0 | Entry Quality 0.0 | Momentum 0.0 | Liquidity 0.0 | Health 0.0
2026-07-01 19:06:57,905 | INFO     | app.engines.decisions | 19:06:57 | Normal Engine | BLOCKED | Phase IDLE
  - Broker not connected
  Confidence 0.0% | Opportunity 0.0 | Entry Quality 0.0 | Momentum 0.0 | Liquidity 0.0 | Health 0.0
2026-07-01 19:06:57,907 | INFO     | app.engines.decisions | 19:06:57 | Wick Engine | WAIT | Phase IDLE
  - Broker not connected
  Confidence 0.0% | Opportunity 0.0 | Entry Quality 0.0 | Momentum 0.0 | Liquidity 50.0 | Health 50.0
2026-07-01 19:06:57,907 | INFO     | app.engines.decisions | 19:06:57 | Ultra Engine | WAIT | Phase IDLE
  - Broker not connected
  Confidence 0.0% | Opportunity 0.0 | Entry Quality 0.0 | Momentum 0.0 | Liquidity 0.0 | Health 0.0
2026-07-01 19:06:59,910 | INFO     | app.engines.decisions | 19:06:59 | Normal Engine | BLOCKED | Phase IDLE
  - Broker not connected
  Confidence 0.0% | Opportunity 0.0 | Entry Quality 0.0 | Momentum 0.0 | Liquidity 0.0 | Health 0.0
2026-07-01 19:06:59,910 | INFO     | app.engines.decisions | 19:06:59 | Wick Engine | WAIT | Phase IDLE
  - Broker not connected
  Confidence 0.0% | Opportunity 0.0 | Entry Quality 0.0 | Momentum 0.0 | Liquidity 50.0 | Health 50.0
2026-07-01 19:06:59,910 | INFO     | app.engines.decisions | 19:06:59 | Ultra Engine | WAIT | Phase IDLE
  - Broker not connected
  Confidence 0.0% | Opportunity 0.0 | Entry Quality 0.0 | Momentum 0.0 | Liquidity 0.0 | Health 0.0
2026-07-01 19:07:01,911 | INFO     | app.engines.decisions | 19:07:01 | Normal Engine | BLOCKED | Phase IDLE
  - Broker not connected
  Confidence 0.0% | Opportunity 0.0 | Entry Quality 0.0 | Momentum 0.0 | Liquidity 0.0 | Health 0.0
2026-07-01 19:07:01,912 | INFO     | app.engines.decisions | 19:07:01 | Wick Engine | WAIT | Phase IDLE
  - Broker not connected
  Confidence 0.0% | Opportunity 0.0 | Entry Quality 0.0 | Momentum 0.0 | Liquidity 50.0 | Health 50.0
2026-07-01 19:07:01,912 | INFO     | app.engines.decisions | 19:07:01 | Ultra Engine | WAIT | Phase IDLE
  - Broker not connected
  Confidence 0.0% | Opportunity 0.0 | Entry Quality 0.0 | Momentum 0.0 | Liquidity 0.0 | Health 0.0
2026-07-01 19:07:03,913 | INFO     | app.engines.decisions | 19:07:03 | Normal Engine | BLOCKED | Phase IDLE
  - Broker not connected
  Confidence 0.0% | Opportunity 0.0 | Entry Quality 0.0 | Momentum 0.0 | Liquidity 0.0 | Health 0.0
2026-07-01 19:07:03,913 | INFO     | app.engines.decisions | 19:07:03 | Wick Engine | WAIT | Phase IDLE
  - Broker not connected
  Confidence 0.0% | Opportunity 0.0 | Entry Quality 0.0 | Momentum 0.0 | Liquidity 50.0 | Health 50.0
2026-07-01 19:07:03,913 | INFO     | app.engines.decisions | 19:07:03 | Ultra Engine | WAIT | Phase IDLE
  - Broker not connected
  Confidence 0.0% | Opportunity 0.0 | Entry Quality 0.0 | Momentum 0.0 | Liquidity 0.0 | Health 0.0
2026-07-01 19:07:05,916 | INFO     | app.engines.decisions | 19:07:05 | Normal Engine | BLOCKED | Phase IDLE
  - Broker not connected
  Confidence 0.0% | Opportunity 0.0 | Entry Quality 0.0 | Momentum 0.0 | Liquidity 0.0 | Health 0.0
2026-07-01 19:07:05,916 | INFO     | app.engines.decisions | 19:07:05 | Wick Engine | WAIT | Phase IDLE
  - Broker not connected
  Confidence 0.0% | Opportunity 0.0 | Entry Quality 0.0 | Momentum 0.0 | Liquidity 50.0 | Health 50.0
2026-07-01 19:07:05,916 | INFO     | app.engines.decisions | 19:07:05 | Ultra Engine | WAIT | Phase IDLE
  - Broker not connected
  Confidence 0.0% | Opportunity 0.0 | Entry Quality 0.0 | Momentum 0.0 | Liquidity 0.0 | Health 0.0
2026-07-01 19:07:07,917 | INFO     | app.engines.decisions | 19:07:07 | Normal Engine | BLOCKED | Phase IDLE
  - Broker not connected
  Confidence 0.0% | Opportunity 0.0 | Entry Quality 0.0 | Momentum 0.0 | Liquidity 0.0 | Health 0.0
2026-07-01 19:07:07,918 | INFO     | app.engines.decisions | 19:07:07 | Wick Engine | WAIT | Phase IDLE
  - Broker not connected
  Confidence 0.0% | Opportunity 0.0 | Entry Quality 0.0 | Momentum 0.0 | Liquidity 50.0 | Health 50.0
2026-07-01 19:07:07,919 | INFO     | app.engines.decisions | 19:07:07 | Ultra Engine | WAIT | Phase IDLE
  - Broker not connected
  Confidence 0.0% | Opportunity 0.0 | Entry Quality 0.0 | Momentum 0.0 | Liquidity 0.0 | Health 0.0
2026-07-01 19:07:09,920 | INFO     | app.engines.decisions | 19:07:09 | Normal Engine | BLOCKED | Phase IDLE
  - Broker not connected
  Confidence 0.0% | Opportunity 0.0 | Entry Quality 0.0 | Momentum 0.0 | Liquidity 0.0 | Health 0.0
2026-07-01 19:07:09,921 | INFO     | app.engines.decisions | 19:07:09 | Wick Engine | WAIT | Phase IDLE
  - Broker not connected
  Confidence 0.0% | Opportunity 0.0 | Entry Quality 0.0 | Momentum 0.0 | Liquidity 50.0 | Health 50.0
2026-07-01 19:07:09,921 | INFO     | app.engines.decisions | 19:07:09 | Ultra Engine | WAIT | Phase IDLE
  - Broker not connected
  Confidence 0.0% | Opportunity 0.0 | Entry Quality 0.0 | Momentum 0.0 | Liquidity 0.0 | Health 0.0
2026-07-01 19:07:11,924 | INFO     | app.engines.decisions | 19:07:11 | Normal Engine | BLOCKED | Phase IDLE
  - Broker not connected
  Confidence 0.0% | Opportunity 0.0 | Entry Quality 0.0 | Momentum 0.0 | Liquidity 0.0 | Health 0.0
2026-07-01 19:07:11,924 | INFO     | app.engines.decisions | 19:07:11 | Wick Engine | WAIT | Phase IDLE
  - Broker not connected
  Confidence 0.0% | Opportunity 0.0 | Entry Quality 0.0 | Momentum 0.0 | Liquidity 50.0 | Health 50.0
2026-07-01 19:07:11,924 | INFO     | app.engines.decisions | 19:07:11 | Ultra Engine | WAIT | Phase IDLE
  - Broker not connected
  Confidence 0.0% | Opportunity 0.0 | Entry Quality 0.0 | Momentum 0.0 | Liquidity 0.0 | Health 0.0
2026-07-01 19:07:13,925 | INFO     | app.engines.decisions | 19:07:13 | Normal Engine | BLOCKED | Phase IDLE
  - Broker not connected
  Confidence 0.0% | Opportunity 0.0 | Entry Quality 0.0 | Momentum 0.0 | Liquidity 0.0 | Health 0.0
2026-07-01 19:07:13,926 | INFO     | app.engines.decisions | 19:07:13 | Wick Engine | WAIT | Phase IDLE
  - Broker not connected
  Confidence 0.0% | Opportunity 0.0 | Entry Quality 0.0 | Momentum 0.0 | Liquidity 50.0 | Health 50.0
2026-07-01 19:07:13,926 | INFO     | app.engines.decisions | 19:07:13 | Ultra Engine | WAIT | Phase IDLE
  - Broker not connected
  Confidence 0.0% | Opportunity 0.0 | Entry Quality 0.0 | Momentum 0.0 | Liquidity 0.0 | Health 0.0
2026-07-01 19:07:15,926 | INFO     | app.engines.decisions | 19:07:15 | Normal Engine | BLOCKED | Phase IDLE
  - Broker not connected
  Confidence 0.0% | Opportunity 0.0 | Entry Quality 0.0 | Momentum 0.0 | Liquidity 0.0 | Health 0.0
2026-07-01 19:07:15,927 | INFO     | app.engines.decisions | 19:07:15 | Wick Engine | WAIT | Phase IDLE
  - Broker not connected
  Confidence 0.0% | Opportunity 0.0 | Entry Quality 0.0 | Momentum 0.0 | Liquidity 50.0 | Health 50.0
2026-07-01 19:07:15,927 | INFO     | app.engines.decisions | 19:07:15 | Ultra Engine | WAIT | Phase IDLE
  - Broker not connected
  Confidence 0.0% | Opportunity 0.0 | Entry Quality 0.0 | Momentum 0.0 | Liquidity 0.0 | Health 0.0
2026-07-01 19:07:17,929 | INFO     | app.engines.decisions | 19:07:17 | Normal Engine | BLOCKED | Phase IDLE
  - Broker not connected
  Confidence 0.0% | Opportunity 0.0 | Entry Quality 0.0 | Momentum 0.0 | Liquidity 0.0 | Health 0.0
2026-07-01 19:07:17,929 | INFO     | app.engines.decisions | 19:07:17 | Wick Engine | WAIT | Phase IDLE
  - Broker not connected
  Confidence 0.0% | Opportunity 0.0 | Entry Quality 0.0 | Momentum 0.0 | Liquidity 50.0 | Health 50.0
2026-07-01 19:07:17,930 | INFO     | app.engines.decisions | 19:07:17 | Ultra Engine | WAIT | Phase IDLE
  - Broker not connected
  Confidence 0.0% | Opportunity 0.0 | Entry Quality 0.0 | Momentum 0.0 | Liquidity 0.0 | Health 0.0
2026-07-01 19:07:19,932 | INFO     | app.engines.decisions | 19:07:19 | Normal Engine | BLOCKED | Phase IDLE
  - Broker not connected
  Confidence 0.0% | Opportunity 0.0 | Entry Quality 0.0 | Momentum 0.0 | Liquidity 0.0 | Health 0.0
2026-07-01 19:07:19,932 | INFO     | app.engines.decisions | 19:07:19 | Wick Engine | WAIT | Phase IDLE
  - Broker not connected
  Confidence 0.0% | Opportunity 0.0 | Entry Quality 0.0 | Momentum 0.0 | Liquidity 50.0 | Health 50.0
2026-07-01 19:07:19,932 | INFO     | app.engines.decisions | 19:07:19 | Ultra Engine | WAIT | Phase IDLE
  - Broker not connected
  Confidence 0.0% | Opportunity 0.0 | Entry Quality 0.0 | Momentum 0.0 | Liquidity 0.0 | Health 0.0
2026-07-01 19:07:21,934 | INFO     | app.engines.decisions | 19:07:21 | Normal Engine | BLOCKED | Phase IDLE
  - Broker not connected
  Confidence 0.0% | Opportunity 0.0 | Entry Quality 0.0 | Momentum 0.0 | Liquidity 0.0 | Health 0.0
2026-07-01 19:07:21,934 | INFO     | app.engines.decisions | 19:07:21 | Wick Engine | WAIT | Phase IDLE
  - Broker not connected
  Confidence 0.0% | Opportunity 0.0 | Entry Quality 0.0 | Momentum 0.0 | Liquidity 50.0 | Health 50.0
2026-07-01 19:07:21,934 | INFO     | app.engines.decisions | 19:07:21 | Ultra Engine | WAIT | Phase IDLE
  - Broker not connected
  Confidence 0.0% | Opportunity 0.0 | Entry Quality 0.0 | Momentum 0.0 | Liquidity 0.0 | Health 0.0
2026-07-01 19:07:23,936 | INFO     | app.engines.decisions | 19:07:23 | Normal Engine | BLOCKED | Phase IDLE
  - Broker not connected
  Confidence 0.0% | Opportunity 0.0 | Entry Quality 0.0 | Momentum 0.0 | Liquidity 0.0 | Health 0.0
2026-07-01 19:07:23,936 | INFO     | app.engines.decisions | 19:07:23 | Wick Engine | WAIT | Phase IDLE
  - Broker not connected
  Confidence 0.0% | Opportunity 0.0 | Entry Quality 0.0 | Momentum 0.0 | Liquidity 50.0 | Health 50.0
2026-07-01 19:07:23,937 | INFO     | app.engines.decisions | 19:07:23 | Ultra Engine | WAIT | Phase IDLE
  - Broker not connected
  Confidence 0.0% | Opportunity 0.0 | Entry Quality 0.0 | Momentum 0.0 | Liquidity 0.0 | Health 0.0
2026-07-01 19:07:25,938 | INFO     | app.engines.decisions | 19:07:25 | Normal Engine | BLOCKED | Phase IDLE
  - Broker not connected
  Confidence 0.0% | Opportunity 0.0 | Entry Quality 0.0 | Momentum 0.0 | Liquidity 0.0 | Health 0.0
2026-07-01 19:07:25,939 | INFO     | app.engines.decisions | 19:07:25 | Wick Engine | WAIT | Phase IDLE
  - Broker not connected
  Confidence 0.0% | Opportunity 0.0 | Entry Quality 0.0 | Momentum 0.0 | Liquidity 50.0 | Health 50.0
2026-07-01 19:07:25,939 | INFO     | app.engines.decisions | 19:07:25 | Ultra Engine | WAIT | Phase IDLE
  - Broker not connected
  Confidence 0.0% | Opportunity 0.0 | Entry Quality 0.0 | Momentum 0.0 | Liquidity 0.0 | Health 0.0
2026-07-01 19:07:27,941 | INFO     | app.engines.decisions | 19:07:27 | Normal Engine | BLOCKED | Phase IDLE
  - Broker not connected
  Confidence 0.0% | Opportunity 0.0 | Entry Quality 0.0 | Momentum 0.0 | Liquidity 0.0 | Health 0.0
2026-07-01 19:07:27,941 | INFO     | app.engines.decisions | 19:07:27 | Wick Engine | WAIT | Phase IDLE
  - Broker not connected
  Confidence 0.0% | Opportunity 0.0 | Entry Quality 0.0 | Momentum 0.0 | Liquidity 50.0 | Health 50.0
2026-07-01 19:07:27,942 | INFO     | app.engines.decisions | 19:07:27 | Ultra Engine | WAIT | Phase IDLE
  - Broker not connected
  Confidence 0.0% | Opportunity 0.0 | Entry Quality 0.0 | Momentum 0.0 | Liquidity 0.0 | Health 0.0
2026-07-01 19:07:29,944 | INFO     | app.engines.decisions | 19:07:29 | Normal Engine | BLOCKED | Phase IDLE
  - Broker not connected
  Confidence 0.0% | Opportunity 0.0 | Entry Quality 0.0 | Momentum 0.0 | Liquidity 0.0 | Health 0.0
2026-07-01 19:07:29,944 | INFO     | app.engines.decisions | 19:07:29 | Wick Engine | WAIT | Phase IDLE
  - Broker not connected
  Confidence 0.0% | Opportunity 0.0 | Entry Quality 0.0 | Momentum 0.0 | Liquidity 50.0 | Health 50.0
2026-07-01 19:07:29,945 | INFO     | app.engines.decisions | 19:07:29 | Ultra Engine | WAIT | Phase IDLE
  - Broker not connected
  Confidence 0.0% | Opportunity 0.0 | Entry Quality 0.0 | Momentum 0.0 | Liquidity 0.0 | Health 0.0
2026-07-01 19:07:31,947 | INFO     | app.engines.decisions | 19:07:31 | Normal Engine | BLOCKED | Phase IDLE
  - Broker not connected
  Confidence 0.0% | Opportunity 0.0 | Entry Quality 0.0 | Momentum 0.0 | Liquidity 0.0 | Health 0.0
2026-07-01 19:07:31,947 | INFO     | app.engines.decisions | 19:07:31 | Wick Engine | WAIT | Phase IDLE
  - Broker not connected
  Confidence 0.0% | Opportunity 0.0 | Entry Quality 0.0 | Momentum 0.0 | Liquidity 50.0 | Health 50.0
2026-07-01 19:07:31,948 | INFO     | app.engines.decisions | 19:07:31 | Ultra Engine | WAIT | Phase IDLE
  - Broker not connected
  Confidence 0.0% | Opportunity 0.0 | Entry Quality 0.0 | Momentum 0.0 | Liquidity 0.0 | Health 0.0
2026-07-01 19:07:33,950 | INFO     | app.engines.decisions | 19:07:33 | Normal Engine | BLOCKED | Phase IDLE
  - Broker not connected
  Confidence 0.0% | Opportunity 0.0 | Entry Quality 0.0 | Momentum 0.0 | Liquidity 0.0 | Health 0.0
2026-07-01 19:07:33,950 | INFO     | app.engines.decisions | 19:07:33 | Wick Engine | WAIT | Phase IDLE
  - Broker not connected
  Confidence 0.0% | Opportunity 0.0 | Entry Quality 0.0 | Momentum 0.0 | Liquidity 50.0 | Health 50.0
2026-07-01 19:07:33,950 | INFO     | app.engines.decisions | 19:07:33 | Ultra Engine | WAIT | Phase IDLE
  - Broker not connected
  Confidence 0.0% | Opportunity 0.0 | Entry Quality 0.0 | Momentum 0.0 | Liquidity 0.0 | Health 0.0
2026-07-01 19:07:35,952 | INFO     | app.engines.decisions | 19:07:35 | Normal Engine | BLOCKED | Phase IDLE
  - Broker not connected
  Confidence 0.0% | Opportunity 0.0 | Entry Quality 0.0 | Momentum 0.0 | Liquidity 0.0 | Health 0.0
2026-07-01 19:07:35,953 | INFO     | app.engines.decisions | 19:07:35 | Wick Engine | WAIT | Phase IDLE
  - Broker not connected
  Confidence 0.0% | Opportunity 0.0 | Entry Quality 0.0 | Momentum 0.0 | Liquidity 50.0 | Health 50.0
2026-07-01 19:07:35,953 | INFO     | app.engines.decisions | 19:07:35 | Ultra Engine | WAIT | Phase IDLE
  - Broker not connected
  Confidence 0.0% | Opportunity 0.0 | Entry Quality 0.0 | Momentum 0.0 | Liquidity 0.0 | Health 0.0
2026-07-01 19:07:37,955 | INFO     | app.engines.decisions | 19:07:37 | Normal Engine | BLOCKED | Phase IDLE
  - Broker not connected
  Confidence 0.0% | Opportunity 0.0 | Entry Quality 0.0 | Momentum 0.0 | Liquidity 0.0 | Health 0.0
2026-07-01 19:07:37,955 | INFO     | app.engines.decisions | 19:07:37 | Wick Engine | WAIT | Phase IDLE
  - Broker not connected
  Confidence 0.0% | Opportunity 0.0 | Entry Quality 0.0 | Momentum 0.0 | Liquidity 50.0 | Health 50.0
2026-07-01 19:07:37,956 | INFO     | app.engines.decisions | 19:07:37 | Ultra Engine | WAIT | Phase IDLE
  - Broker not connected
  Confidence 0.0% | Opportunity 0.0 | Entry Quality 0.0 | Momentum 0.0 | Liquidity 0.0 | Health 0.0
2026-07-01 19:07:39,957 | INFO     | app.engines.decisions | 19:07:39 | Normal Engine | BLOCKED | Phase IDLE
  - Broker not connected
  Confidence 0.0% | Opportunity 0.0 | Entry Quality 0.0 | Momentum 0.0 | Liquidity 0.0 | Health 0.0
2026-07-01 19:07:39,957 | INFO     | app.engines.decisions | 19:07:39 | Wick Engine | WAIT | Phase IDLE
  - Broker not connected
  Confidence 0.0% | Opportunity 0.0 | Entry Quality 0.0 | Momentum 0.0 | Liquidity 50.0 | Health 50.0
2026-07-01 19:07:39,957 | INFO     | app.engines.decisions | 19:07:39 | Ultra Engine | WAIT | Phase IDLE
  - Broker not connected
  Confidence 0.0% | Opportunity 0.0 | Entry Quality 0.0 | Momentum 0.0 | Liquidity 0.0 | Health 0.0
2026-07-01 19:07:41,960 | INFO     | app.engines.decisions | 19:07:41 | Normal Engine | BLOCKED | Phase IDLE
  - Broker not connected
  Confidence 0.0% | Opportunity 0.0 | Entry Quality 0.0 | Momentum 0.0 | Liquidity 0.0 | Health 0.0
2026-07-01 19:07:41,960 | INFO     | app.engines.decisions | 19:07:41 | Wick Engine | WAIT | Phase IDLE
  - Broker not connected
  Confidence 0.0% | Opportunity 0.0 | Entry Quality 0.0 | Momentum 0.0 | Liquidity 50.0 | Health 50.0
2026-07-01 19:07:41,961 | INFO     | app.engines.decisions | 19:07:41 | Ultra Engine | WAIT | Phase IDLE
  - Broker not connected
  Confidence 0.0% | Opportunity 0.0 | Entry Quality 0.0 | Momentum 0.0 | Liquidity 0.0 | Health 0.0
2026-07-01 19:07:43,962 | INFO     | app.engines.decisions | 19:07:43 | Normal Engine | BLOCKED | Phase IDLE
  - Broker not connected
  Confidence 0.0% | Opportunity 0.0 | Entry Quality 0.0 | Momentum 0.0 | Liquidity 0.0 | Health 0.0
2026-07-01 19:07:43,963 | INFO     | app.engines.decisions | 19:07:43 | Wick Engine | WAIT | Phase IDLE
  - Broker not connected
  Confidence 0.0% | Opportunity 0.0 | Entry Quality 0.0 | Momentum 0.0 | Liquidity 50.0 | Health 50.0
2026-07-01 19:07:43,963 | INFO     | app.engines.decisions | 19:07:43 | Ultra Engine | WAIT | Phase IDLE
  - Broker not connected
  Confidence 0.0% | Opportunity 0.0 | Entry Quality 0.0 | Momentum 0.0 | Liquidity 0.0 | Health 0.0
2026-07-01 19:07:45,964 | INFO     | app.engines.decisions | 19:07:45 | Normal Engine | BLOCKED | Phase IDLE
  - Broker not connected
  Confidence 0.0% | Opportunity 0.0 | Entry Quality 0.0 | Momentum 0.0 | Liquidity 0.0 | Health 0.0
2026-07-01 19:07:45,965 | INFO     | app.engines.decisions | 19:07:45 | Wick Engine | WAIT | Phase IDLE
  - Broker not connected
  Confidence 0.0% | Opportunity 0.0 | Entry Quality 0.0 | Momentum 0.0 | Liquidity 50.0 | Health 50.0
2026-07-01 19:07:45,965 | INFO     | app.engines.decisions | 19:07:45 | Ultra Engine | WAIT | Phase IDLE
  - Broker not connected
  Confidence 0.0% | Opportunity 0.0 | Entry Quality 0.0 | Momentum 0.0 | Liquidity 0.0 | Health 0.0
2026-07-01 19:07:47,967 | INFO     | app.engines.decisions | 19:07:47 | Normal Engine | BLOCKED | Phase IDLE
  - Broker not connected
  Confidence 0.0% | Opportunity 0.0 | Entry Quality 0.0 | Momentum 0.0 | Liquidity 0.0 | Health 0.0
2026-07-01 19:07:47,967 | INFO     | app.engines.decisions | 19:07:47 | Wick Engine | WAIT | Phase IDLE
  - Broker not connected
  Confidence 0.0% | Opportunity 0.0 | Entry Quality 0.0 | Momentum 0.0 | Liquidity 50.0 | Health 50.0
2026-07-01 19:07:47,968 | INFO     | app.engines.decisions | 19:07:47 | Ultra Engine | WAIT | Phase IDLE
  - Broker not connected
  Confidence 0.0% | Opportunity 0.0 | Entry Quality 0.0 | Momentum 0.0 | Liquidity 0.0 | Health 0.0
2026-07-01 19:07:49,970 | INFO     | app.engines.decisions | 19:07:49 | Normal Engine | BLOCKED | Phase IDLE
  - Broker not connected
  Confidence 0.0% | Opportunity 0.0 | Entry Quality 0.0 | Momentum 0.0 | Liquidity 0.0 | Health 0.0
2026-07-01 19:07:49,970 | INFO     | app.engines.decisions | 19:07:49 | Wick Engine | WAIT | Phase IDLE
  - Broker not connected
  Confidence 0.0% | Opportunity 0.0 | Entry Quality 0.0 | Momentum 0.0 | Liquidity 50.0 | Health 50.0
2026-07-01 19:07:49,971 | INFO     | app.engines.decisions | 19:07:49 | Ultra Engine | WAIT | Phase IDLE
  - Broker not connected
  Confidence 0.0% | Opportunity 0.0 | Entry Quality 0.0 | Momentum 0.0 | Liquidity 0.0 | Health 0.0
2026-07-01 19:07:51,972 | INFO     | app.engines.decisions | 19:07:51 | Normal Engine | BLOCKED | Phase IDLE
  - Broker not connected
  Confidence 0.0% | Opportunity 0.0 | Entry Quality 0.0 | Momentum 0.0 | Liquidity 0.0 | Health 0.0
2026-07-01 19:07:51,973 | INFO     | app.engines.decisions | 19:07:51 | Wick Engine | WAIT | Phase IDLE
  - Broker not connected
  Confidence 0.0% | Opportunity 0.0 | Entry Quality 0.0 | Momentum 0.0 | Liquidity 50.0 | Health 50.0
2026-07-01 19:07:51,973 | INFO     | app.engines.decisions | 19:07:51 | Ultra Engine | WAIT | Phase IDLE
  - Broker not connected
  Confidence 0.0% | Opportunity 0.0 | Entry Quality 0.0 | Momentum 0.0 | Liquidity 0.0 | Health 0.0
2026-07-01 19:07:53,975 | INFO     | app.engines.decisions | 19:07:53 | Normal Engine | BLOCKED | Phase IDLE
  - Broker not connected
  Confidence 0.0% | Opportunity 0.0 | Entry Quality 0.0 | Momentum 0.0 | Liquidity 0.0 | Health 0.0
2026-07-01 19:07:53,976 | INFO     | app.engines.decisions | 19:07:53 | Wick Engine | WAIT | Phase IDLE
  - Broker not connected
  Confidence 0.0% | Opportunity 0.0 | Entry Quality 0.0 | Momentum 0.0 | Liquidity 50.0 | Health 50.0
2026-07-01 19:07:53,977 | INFO     | app.engines.decisions | 19:07:53 | Ultra Engine | WAIT | Phase IDLE
  - Broker not connected
  Confidence 0.0% | Opportunity 0.0 | Entry Quality 0.0 | Momentum 0.0 | Liquidity 0.0 | Health 0.0
2026-07-01 19:07:55,979 | INFO     | app.engines.decisions | 19:07:55 | Normal Engine | BLOCKED | Phase IDLE
  - Broker not connected
  Confidence 0.0% | Opportunity 0.0 | Entry Quality 0.0 | Momentum 0.0 | Liquidity 0.0 | Health 0.0
2026-07-01 19:07:55,980 | INFO     | app.engines.decisions | 19:07:55 | Wick Engine | WAIT | Phase IDLE
  - Broker not connected
  Confidence 0.0% | Opportunity 0.0 | Entry Quality 0.0 | Momentum 0.0 | Liquidity 50.0 | Health 50.0
2026-07-01 19:07:55,980 | INFO     | app.engines.decisions | 19:07:55 | Ultra Engine | WAIT | Phase IDLE
  - Broker not connected
  Confidence 0.0% | Opportunity 0.0 | Entry Quality 0.0 | Momentum 0.0 | Liquidity 0.0 | Health 0.0
2026-07-01 19:07:57,982 | INFO     | app.engines.decisions | 19:07:57 | Normal Engine | BLOCKED | Phase IDLE
  - Broker not connected
  Confidence 0.0% | Opportunity 0.0 | Entry Quality 0.0 | Momentum 0.0 | Liquidity 0.0 | Health 0.0
2026-07-01 19:07:57,982 | INFO     | app.engines.decisions | 19:07:57 | Wick Engine | WAIT | Phase IDLE
  - Broker not connected
  Confidence 0.0% | Opportunity 0.0 | Entry Quality 0.0 | Momentum 0.0 | Liquidity 50.0 | Health 50.0
2026-07-01 19:07:57,982 | INFO     | app.engines.decisions | 19:07:57 | Ultra Engine | WAIT | Phase IDLE
  - Broker not connected
  Confidence 0.0% | Opportunity 0.0 | Entry Quality 0.0 | Momentum 0.0 | Liquidity 0.0 | Health 0.0
2026-07-01 19:07:59,984 | INFO     | app.engines.decisions | 19:07:59 | Normal Engine | BLOCKED | Phase IDLE
  - Broker not connected
  Confidence 0.0% | Opportunity 0.0 | Entry Quality 0.0 | Momentum 0.0 | Liquidity 0.0 | Health 0.0
2026-07-01 19:07:59,984 | INFO     | app.engines.decisions | 19:07:59 | Wick Engine | WAIT | Phase IDLE
  - Broker not connected
  Confidence 0.0% | Opportunity 0.0 | Entry Quality 0.0 | Momentum 0.0 | Liquidity 50.0 | Health 50.0
2026-07-01 19:07:59,984 | INFO     | app.engines.decisions | 19:07:59 | Ultra Engine | WAIT | Phase IDLE
  - Broker not connected
  Confidence 0.0% | Opportunity 0.0 | Entry Quality 0.0 | Momentum 0.0 | Liquidity 0.0 | Health 0.0
2026-07-01 19:08:01,986 | INFO     | app.engines.decisions | 19:08:01 | Normal Engine | BLOCKED | Phase IDLE
  - Broker not connected
  Confidence 0.0% | Opportunity 0.0 | Entry Quality 0.0 | Momentum 0.0 | Liquidity 0.0 | Health 0.0
2026-07-01 19:08:01,986 | INFO     | app.engines.decisions | 19:08:01 | Wick Engine | WAIT | Phase IDLE
  - Broker not connected
  Confidence 0.0% | Opportunity 0.0 | Entry Quality 0.0 | Momentum 0.0 | Liquidity 50.0 | Health 50.0
2026-07-01 19:08:01,986 | INFO     | app.engines.decisions | 19:08:01 | Ultra Engine | WAIT | Phase IDLE
  - Broker not connected
  Confidence 0.0% | Opportunity 0.0 | Entry Quality 0.0 | Momentum 0.0 | Liquidity 0.0 | Health 0.0
2026-07-01 19:08:03,988 | INFO     | app.engines.decisions | 19:08:03 | Normal Engine | BLOCKED | Phase IDLE
  - Broker not connected
  Confidence 0.0% | Opportunity 0.0 | Entry Quality 0.0 | Momentum 0.0 | Liquidity 0.0 | Health 0.0
2026-07-01 19:08:03,988 | INFO     | app.engines.decisions | 19:08:03 | Wick Engine | WAIT | Phase IDLE
  - Broker not connected
  Confidence 0.0% | Opportunity 0.0 | Entry Quality 0.0 | Momentum 0.0 | Liquidity 50.0 | Health 50.0
2026-07-01 19:08:03,988 | INFO     | app.engines.decisions | 19:08:03 | Ultra Engine | WAIT | Phase IDLE
  - Broker not connected
  Confidence 0.0% | Opportunity 0.0 | Entry Quality 0.0 | Momentum 0.0 | Liquidity 0.0 | Health 0.0
2026-07-01 19:08:05,990 | INFO     | app.engines.decisions | 19:08:05 | Normal Engine | BLOCKED | Phase IDLE
  - Broker not connected
  Confidence 0.0% | Opportunity 0.0 | Entry Quality 0.0 | Momentum 0.0 | Liquidity 0.0 | Health 0.0
2026-07-01 19:08:05,990 | INFO     | app.engines.decisions | 19:08:05 | Wick Engine | WAIT | Phase IDLE
  - Broker not connected
  Confidence 0.0% | Opportunity 0.0 | Entry Quality 0.0 | Momentum 0.0 | Liquidity 50.0 | Health 50.0
2026-07-01 19:08:05,990 | INFO     | app.engines.decisions | 19:08:05 | Ultra Engine | WAIT | Phase IDLE
  - Broker not connected
  Confidence 0.0% | Opportunity 0.0 | Entry Quality 0.0 | Momentum 0.0 | Liquidity 0.0 | Health 0.0
2026-07-01 19:08:07,992 | INFO     | app.engines.decisions | 19:08:07 | Normal Engine | BLOCKED | Phase IDLE
  - Broker not connected
  Confidence 0.0% | Opportunity 0.0 | Entry Quality 0.0 | Momentum 0.0 | Liquidity 0.0 | Health 0.0
2026-07-01 19:08:07,992 | INFO     | app.engines.decisions | 19:08:07 | Wick Engine | WAIT | Phase IDLE
  - Broker not connected
  Confidence 0.0% | Opportunity 0.0 | Entry Quality 0.0 | Momentum 0.0 | Liquidity 50.0 | Health 50.0
2026-07-01 19:08:07,992 | INFO     | app.engines.decisions | 19:08:07 | Ultra Engine | WAIT | Phase IDLE
  - Broker not connected
  Confidence 0.0% | Opportunity 0.0 | Entry Quality 0.0 | Momentum 0.0 | Liquidity 0.0 | Health 0.0
2026-07-01 19:08:09,993 | INFO     | app.engines.decisions | 19:08:09 | Normal Engine | BLOCKED | Phase IDLE
  - Broker not connected
  Confidence 0.0% | Opportunity 0.0 | Entry Quality 0.0 | Momentum 0.0 | Liquidity 0.0 | Health 0.0
2026-07-01 19:08:09,994 | INFO     | app.engines.decisions | 19:08:09 | Wick Engine | WAIT | Phase IDLE
  - Broker not connected
  Confidence 0.0% | Opportunity 0.0 | Entry Quality 0.0 | Momentum 0.0 | Liquidity 50.0 | Health 50.0
2026-07-01 19:08:09,994 | INFO     | app.engines.decisions | 19:08:09 | Ultra Engine | WAIT | Phase IDLE
  - Broker not connected
  Confidence 0.0% | Opportunity 0.0 | Entry Quality 0.0 | Momentum 0.0 | Liquidity 0.0 | Health 0.0
2026-07-01 19:08:11,996 | INFO     | app.engines.decisions | 19:08:11 | Normal Engine | BLOCKED | Phase IDLE
  - Broker not connected
  Confidence 0.0% | Opportunity 0.0 | Entry Quality 0.0 | Momentum 0.0 | Liquidity 0.0 | Health 0.0
2026-07-01 19:08:11,996 | INFO     | app.engines.decisions | 19:08:11 | Wick Engine | WAIT | Phase IDLE
  - Broker not connected
  Confidence 0.0% | Opportunity 0.0 | Entry Quality 0.0 | Momentum 0.0 | Liquidity 50.0 | Health 50.0
2026-07-01 19:08:11,997 | INFO     | app.engines.decisions | 19:08:11 | Ultra Engine | WAIT | Phase IDLE
  - Broker not connected
  Confidence 0.0% | Opportunity 0.0 | Entry Quality 0.0 | Momentum 0.0 | Liquidity 0.0 | Health 0.0
2026-07-01 19:08:13,999 | INFO     | app.engines.decisions | 19:08:13 | Normal Engine | BLOCKED | Phase IDLE
  - Broker not connected
  Confidence 0.0% | Opportunity 0.0 | Entry Quality 0.0 | Momentum 0.0 | Liquidity 0.0 | Health 0.0
2026-07-01 19:08:13,999 | INFO     | app.engines.decisions | 19:08:13 | Wick Engine | WAIT | Phase IDLE
  - Broker not connected
  Confidence 0.0% | Opportunity 0.0 | Entry Quality 0.0 | Momentum 0.0 | Liquidity 50.0 | Health 50.0
2026-07-01 19:08:13,999 | INFO     | app.engines.decisions | 19:08:13 | Ultra Engine | WAIT | Phase IDLE
  - Broker not connected
  Confidence 0.0% | Opportunity 0.0 | Entry Quality 0.0 | Momentum 0.0 | Liquidity 0.0 | Health 0.0
2026-07-01 19:08:16,001 | INFO     | app.engines.decisions | 19:08:16 | Normal Engine | BLOCKED | Phase IDLE
  - Broker not connected
  Confidence 0.0% | Opportunity 0.0 | Entry Quality 0.0 | Momentum 0.0 | Liquidity 0.0 | Health 0.0
2026-07-01 19:08:16,002 | INFO     | app.engines.decisions | 19:08:16 | Wick Engine | WAIT | Phase IDLE
  - Broker not connected
  Confidence 0.0% | Opportunity 0.0 | Entry Quality 0.0 | Momentum 0.0 | Liquidity 50.0 | Health 50.0
2026-07-01 19:08:16,002 | INFO     | app.engines.decisions | 19:08:16 | Ultra Engine | WAIT | Phase IDLE
  - Broker not connected
  Confidence 0.0% | Opportunity 0.0 | Entry Quality 0.0 | Momentum 0.0 | Liquidity 0.0 | Health 0.0
2026-07-01 19:08:18,003 | INFO     | app.engines.decisions | 19:08:18 | Normal Engine | BLOCKED | Phase IDLE
  - Broker not connected
  Confidence 0.0% | Opportunity 0.0 | Entry Quality 0.0 | Momentum 0.0 | Liquidity 0.0 | Health 0.0
2026-07-01 19:08:18,004 | INFO     | app.engines.decisions | 19:08:18 | Wick Engine | WAIT | Phase IDLE
  - Broker not connected
  Confidence 0.0% | Opportunity 0.0 | Entry Quality 0.0 | Momentum 0.0 | Liquidity 50.0 | Health 50.0
2026-07-01 19:08:18,004 | INFO     | app.engines.decisions | 19:08:18 | Ultra Engine | WAIT | Phase IDLE
  - Broker not connected
  Confidence 0.0% | Opportunity 0.0 | Entry Quality 0.0 | Momentum 0.0 | Liquidity 0.0 | Health 0.0
2026-07-01 19:08:20,006 | INFO     | app.engines.decisions | 19:08:20 | Normal Engine | BLOCKED | Phase IDLE
  - Broker not connected
  Confidence 0.0% | Opportunity 0.0 | Entry Quality 0.0 | Momentum 0.0 | Liquidity 0.0 | Health 0.0
2026-07-01 19:08:20,006 | INFO     | app.engines.decisions | 19:08:20 | Wick Engine | WAIT | Phase IDLE
  - Broker not connected
  Confidence 0.0% | Opportunity 0.0 | Entry Quality 0.0 | Momentum 0.0 | Liquidity 50.0 | Health 50.0
2026-07-01 19:08:20,007 | INFO     | app.engines.decisions | 19:08:20 | Ultra Engine | WAIT | Phase IDLE
  - Broker not connected
  Confidence 0.0% | Opportunity 0.0 | Entry Quality 0.0 | Momentum 0.0 | Liquidity 0.0 | Health 0.0
2026-07-01 19:08:22,009 | INFO     | app.engines.decisions | 19:08:22 | Normal Engine | BLOCKED | Phase IDLE
  - Broker not connected
  Confidence 0.0% | Opportunity 0.0 | Entry Quality 0.0 | Momentum 0.0 | Liquidity 0.0 | Health 0.0
2026-07-01 19:08:22,010 | INFO     | app.engines.decisions | 19:08:22 | Wick Engine | WAIT | Phase IDLE
  - Broker not connected
  Confidence 0.0% | Opportunity 0.0 | Entry Quality 0.0 | Momentum 0.0 | Liquidity 50.0 | Health 50.0
2026-07-01 19:08:22,010 | INFO     | app.engines.decisions | 19:08:22 | Ultra Engine | WAIT | Phase IDLE
  - Broker not connected
  Confidence 0.0% | Opportunity 0.0 | Entry Quality 0.0 | Momentum 0.0 | Liquidity 0.0 | Health 0.0
2026-07-01 19:08:24,010 | INFO     | app.engines.decisions | 19:08:24 | Normal Engine | BLOCKED | Phase IDLE
  - Broker not connected
  Confidence 0.0% | Opportunity 0.0 | Entry Quality 0.0 | Momentum 0.0 | Liquidity 0.0 | Health 0.0
2026-07-01 19:08:24,011 | INFO     | app.engines.decisions | 19:08:24 | Wick Engine | WAIT | Phase IDLE
  - Broker not connected
  Confidence 0.0% | Opportunity 0.0 | Entry Quality 0.0 | Momentum 0.0 | Liquidity 50.0 | Health 50.0
2026-07-01 19:08:24,012 | INFO     | app.engines.decisions | 19:08:24 | Ultra Engine | WAIT | Phase IDLE
  - Broker not connected
  Confidence 0.0% | Opportunity 0.0 | Entry Quality 0.0 | Momentum 0.0 | Liquidity 0.0 | Health 0.0
2026-07-01 19:08:26,014 | INFO     | app.engines.decisions | 19:08:26 | Normal Engine | BLOCKED | Phase IDLE
  - Broker not connected
  Confidence 0.0% | Opportunity 0.0 | Entry Quality 0.0 | Momentum 0.0 | Liquidity 0.0 | Health 0.0
2026-07-01 19:08:26,015 | INFO     | app.engines.decisions | 19:08:26 | Wick Engine | WAIT | Phase IDLE
  - Broker not connected
  Confidence 0.0% | Opportunity 0.0 | Entry Quality 0.0 | Momentum 0.0 | Liquidity 50.0 | Health 50.0
2026-07-01 19:08:26,015 | INFO     | app.engines.decisions | 19:08:26 | Ultra Engine | WAIT | Phase IDLE
  - Broker not connected
  Confidence 0.0% | Opportunity 0.0 | Entry Quality 0.0 | Momentum 0.0 | Liquidity 0.0 | Health 0.0
2026-07-01 19:08:28,017 | INFO     | app.engines.decisions | 19:08:28 | Normal Engine | BLOCKED | Phase IDLE
  - Broker not connected
  Confidence 0.0% | Opportunity 0.0 | Entry Quality 0.0 | Momentum 0.0 | Liquidity 0.0 | Health 0.0
2026-07-01 19:08:28,018 | INFO     | app.engines.decisions | 19:08:28 | Wick Engine | WAIT | Phase IDLE
  - Broker not connected
  Confidence 0.0% | Opportunity 0.0 | Entry Quality 0.0 | Momentum 0.0 | Liquidity 50.0 | Health 50.0
2026-07-01 19:08:28,018 | INFO     | app.engines.decisions | 19:08:28 | Ultra Engine | WAIT | Phase IDLE
  - Broker not connected
  Confidence 0.0% | Opportunity 0.0 | Entry Quality 0.0 | Momentum 0.0 | Liquidity 0.0 | Health 0.0
2026-07-01 19:08:30,019 | INFO     | app.engines.decisions | 19:08:30 | Normal Engine | BLOCKED | Phase IDLE
  - Broker not connected
  Confidence 0.0% | Opportunity 0.0 | Entry Quality 0.0 | Momentum 0.0 | Liquidity 0.0 | Health 0.0
2026-07-01 19:08:30,020 | INFO     | app.engines.decisions | 19:08:30 | Wick Engine | WAIT | Phase IDLE
  - Broker not connected
  Confidence 0.0% | Opportunity 0.0 | Entry Quality 0.0 | Momentum 0.0 | Liquidity 50.0 | Health 50.0
2026-07-01 19:08:30,020 | INFO     | app.engines.decisions | 19:08:30 | Ultra Engine | WAIT | Phase IDLE
  - Broker not connected
  Confidence 0.0% | Opportunity 0.0 | Entry Quality 0.0 | Momentum 0.0 | Liquidity 0.0 | Health 0.0
2026-07-01 19:08:32,022 | INFO     | app.engines.decisions | 19:08:32 | Normal Engine | BLOCKED | Phase IDLE
  - Broker not connected
  Confidence 0.0% | Opportunity 0.0 | Entry Quality 0.0 | Momentum 0.0 | Liquidity 0.0 | Health 0.0
2026-07-01 19:08:32,023 | INFO     | app.engines.decisions | 19:08:32 | Wick Engine | WAIT | Phase IDLE
  - Broker not connected
  Confidence 0.0% | Opportunity 0.0 | Entry Quality 0.0 | Momentum 0.0 | Liquidity 50.0 | Health 50.0
2026-07-01 19:08:32,023 | INFO     | app.engines.decisions | 19:08:32 | Ultra Engine | WAIT | Phase IDLE
  - Broker not connected
  Confidence 0.0% | Opportunity 0.0 | Entry Quality 0.0 | Momentum 0.0 | Liquidity 0.0 | Health 0.0
2026-07-01 19:08:34,025 | INFO     | app.engines.decisions | 19:08:34 | Normal Engine | BLOCKED | Phase IDLE
  - Broker not connected
  Confidence 0.0% | Opportunity 0.0 | Entry Quality 0.0 | Momentum 0.0 | Liquidity 0.0 | Health 0.0
2026-07-01 19:08:34,026 | INFO     | app.engines.decisions | 19:08:34 | Wick Engine | WAIT | Phase IDLE
  - Broker not connected
  Confidence 0.0% | Opportunity 0.0 | Entry Quality 0.0 | Momentum 0.0 | Liquidity 50.0 | Health 50.0
2026-07-01 19:08:34,027 | INFO     | app.engines.decisions | 19:08:34 | Ultra Engine | WAIT | Phase IDLE
  - Broker not connected
  Confidence 0.0% | Opportunity 0.0 | Entry Quality 0.0 | Momentum 0.0 | Liquidity 0.0 | Health 0.0
2026-07-01 19:08:36,029 | INFO     | app.engines.decisions | 19:08:36 | Normal Engine | BLOCKED | Phase IDLE
  - Broker not connected
  Confidence 0.0% | Opportunity 0.0 | Entry Quality 0.0 | Momentum 0.0 | Liquidity 0.0 | Health 0.0
2026-07-01 19:08:36,030 | INFO     | app.engines.decisions | 19:08:36 | Wick Engine | WAIT | Phase IDLE
  - Broker not connected
  Confidence 0.0% | Opportunity 0.0 | Entry Quality 0.0 | Momentum 0.0 | Liquidity 50.0 | Health 50.0
2026-07-01 19:08:36,030 | INFO     | app.engines.decisions | 19:08:36 | Ultra Engine | WAIT | Phase IDLE
  - Broker not connected
  Confidence 0.0% | Opportunity 0.0 | Entry Quality 0.0 | Momentum 0.0 | Liquidity 0.0 | Health 0.0
2026-07-01 19:08:38,032 | INFO     | app.engines.decisions | 19:08:38 | Normal Engine | BLOCKED | Phase IDLE
  - Broker not connected
  Confidence 0.0% | Opportunity 0.0 | Entry Quality 0.0 | Momentum 0.0 | Liquidity 0.0 | Health 0.0
2026-07-01 19:08:38,033 | INFO     | app.engines.decisions | 19:08:38 | Wick Engine | WAIT | Phase IDLE
  - Broker not connected
  Confidence 0.0% | Opportunity 0.0 | Entry Quality 0.0 | Momentum 0.0 | Liquidity 50.0 | Health 50.0
2026-07-01 19:08:38,033 | INFO     | app.engines.decisions | 19:08:38 | Ultra Engine | WAIT | Phase IDLE
  - Broker not connected
  Confidence 0.0% | Opportunity 0.0 | Entry Quality 0.0 | Momentum 0.0 | Liquidity 0.0 | Health 0.0
2026-07-01 19:08:40,034 | INFO     | app.engines.decisions | 19:08:40 | Normal Engine | BLOCKED | Phase IDLE
  - Broker not connected
  Confidence 0.0% | Opportunity 0.0 | Entry Quality 0.0 | Momentum 0.0 | Liquidity 0.0 | Health 0.0
2026-07-01 19:08:40,035 | INFO     | app.engines.decisions | 19:08:40 | Wick Engine | WAIT | Phase IDLE
  - Broker not connected
  Confidence 0.0% | Opportunity 0.0 | Entry Quality 0.0 | Momentum 0.0 | Liquidity 50.0 | Health 50.0
2026-07-01 19:08:40,035 | INFO     | app.engines.decisions | 19:08:40 | Ultra Engine | WAIT | Phase IDLE
  - Broker not connected
  Confidence 0.0% | Opportunity 0.0 | Entry Quality 0.0 | Momentum 0.0 | Liquidity 0.0 | Health 0.0
2026-07-01 19:08:42,037 | INFO     | app.engines.decisions | 19:08:42 | Normal Engine | BLOCKED | Phase IDLE
  - Broker not connected
  Confidence 0.0% | Opportunity 0.0 | Entry Quality 0.0 | Momentum 0.0 | Liquidity 0.0 | Health 0.0
2026-07-01 19:08:42,037 | INFO     | app.engines.decisions | 19:08:42 | Wick Engine | WAIT | Phase IDLE
  - Broker not connected
  Confidence 0.0% | Opportunity 0.0 | Entry Quality 0.0 | Momentum 0.0 | Liquidity 50.0 | Health 50.0
2026-07-01 19:08:42,037 | INFO     | app.engines.decisions | 19:08:42 | Ultra Engine | WAIT | Phase IDLE
  - Broker not connected
  Confidence 0.0% | Opportunity 0.0 | Entry Quality 0.0 | Momentum 0.0 | Liquidity 0.0 | Health 0.0
2026-07-01 19:08:44,039 | INFO     | app.engines.decisions | 19:08:44 | Normal Engine | BLOCKED | Phase IDLE
  - Broker not connected
  Confidence 0.0% | Opportunity 0.0 | Entry Quality 0.0 | Momentum 0.0 | Liquidity 0.0 | Health 0.0
2026-07-01 19:08:44,040 | INFO     | app.engines.decisions | 19:08:44 | Wick Engine | WAIT | Phase IDLE
  - Broker not connected
  Confidence 0.0% | Opportunity 0.0 | Entry Quality 0.0 | Momentum 0.0 | Liquidity 50.0 | Health 50.0
2026-07-01 19:08:44,040 | INFO     | app.engines.decisions | 19:08:44 | Ultra Engine | WAIT | Phase IDLE
  - Broker not connected
  Confidence 0.0% | Opportunity 0.0 | Entry Quality 0.0 | Momentum 0.0 | Liquidity 0.0 | Health 0.0
2026-07-01 19:08:46,042 | INFO     | app.engines.decisions | 19:08:46 | Normal Engine | BLOCKED | Phase IDLE
  - Broker not connected
  Confidence 0.0% | Opportunity 0.0 | Entry Quality 0.0 | Momentum 0.0 | Liquidity 0.0 | Health 0.0
2026-07-01 19:08:46,043 | INFO     | app.engines.decisions | 19:08:46 | Wick Engine | WAIT | Phase IDLE
  - Broker not connected
  Confidence 0.0% | Opportunity 0.0 | Entry Quality 0.0 | Momentum 0.0 | Liquidity 50.0 | Health 50.0
2026-07-01 19:08:46,043 | INFO     | app.engines.decisions | 19:08:46 | Ultra Engine | WAIT | Phase IDLE
  - Broker not connected
  Confidence 0.0% | Opportunity 0.0 | Entry Quality 0.0 | Momentum 0.0 | Liquidity 0.0 | Health 0.0
2026-07-01 19:08:48,044 | INFO     | app.engines.decisions | 19:08:48 | Normal Engine | BLOCKED | Phase IDLE
  - Broker not connected
  Confidence 0.0% | Opportunity 0.0 | Entry Quality 0.0 | Momentum 0.0 | Liquidity 0.0 | Health 0.0
2026-07-01 19:08:48,044 | INFO     | app.engines.decisions | 19:08:48 | Wick Engine | WAIT | Phase IDLE
  - Broker not connected
  Confidence 0.0% | Opportunity 0.0 | Entry Quality 0.0 | Momentum 0.0 | Liquidity 50.0 | Health 50.0
2026-07-01 19:08:48,045 | INFO     | app.engines.decisions | 19:08:48 | Ultra Engine | WAIT | Phase IDLE
  - Broker not connected
  Confidence 0.0% | Opportunity 0.0 | Entry Quality 0.0 | Momentum 0.0 | Liquidity 0.0 | Health 0.0
2026-07-01 19:08:50,046 | INFO     | app.engines.decisions | 19:08:50 | Normal Engine | BLOCKED | Phase IDLE
  - Broker not connected
  Confidence 0.0% | Opportunity 0.0 | Entry Quality 0.0 | Momentum 0.0 | Liquidity 0.0 | Health 0.0
2026-07-01 19:08:50,047 | INFO     | app.engines.decisions | 19:08:50 | Wick Engine | WAIT | Phase IDLE
  - Broker not connected
  Confidence 0.0% | Opportunity 0.0 | Entry Quality 0.0 | Momentum 0.0 | Liquidity 50.0 | Health 50.0
2026-07-01 19:08:50,047 | INFO     | app.engines.decisions | 19:08:50 | Ultra Engine | WAIT | Phase IDLE
  - Broker not connected
  Confidence 0.0% | Opportunity 0.0 | Entry Quality 0.0 | Momentum 0.0 | Liquidity 0.0 | Health 0.0
2026-07-01 19:08:52,049 | INFO     | app.engines.decisions | 19:08:52 | Normal Engine | BLOCKED | Phase IDLE
  - Broker not connected
  Confidence 0.0% | Opportunity 0.0 | Entry Quality 0.0 | Momentum 0.0 | Liquidity 0.0 | Health 0.0
2026-07-01 19:08:52,049 | INFO     | app.engines.decisions | 19:08:52 | Wick Engine | WAIT | Phase IDLE
  - Broker not connected
  Confidence 0.0% | Opportunity 0.0 | Entry Quality 0.0 | Momentum 0.0 | Liquidity 50.0 | Health 50.0
2026-07-01 19:08:52,049 | INFO     | app.engines.decisions | 19:08:52 | Ultra Engine | WAIT | Phase IDLE
  - Broker not connected
  Confidence 0.0% | Opportunity 0.0 | Entry Quality 0.0 | Momentum 0.0 | Liquidity 0.0 | Health 0.0
2026-07-01 19:08:54,051 | INFO     | app.engines.decisions | 19:08:54 | Normal Engine | BLOCKED | Phase IDLE
  - Broker not connected
  Confidence 0.0% | Opportunity 0.0 | Entry Quality 0.0 | Momentum 0.0 | Liquidity 0.0 | Health 0.0
2026-07-01 19:08:54,052 | INFO     | app.engines.decisions | 19:08:54 | Wick Engine | WAIT | Phase IDLE
  - Broker not connected
  Confidence 0.0% | Opportunity 0.0 | Entry Quality 0.0 | Momentum 0.0 | Liquidity 50.0 | Health 50.0
2026-07-01 19:08:54,052 | INFO     | app.engines.decisions | 19:08:54 | Ultra Engine | WAIT | Phase IDLE
  - Broker not connected
  Confidence 0.0% | Opportunity 0.0 | Entry Quality 0.0 | Momentum 0.0 | Liquidity 0.0 | Health 0.0
2026-07-01 19:08:56,053 | INFO     | app.engines.decisions | 19:08:56 | Normal Engine | BLOCKED | Phase IDLE
  - Broker not connected
  Confidence 0.0% | Opportunity 0.0 | Entry Quality 0.0 | Momentum 0.0 | Liquidity 0.0 | Health 0.0
2026-07-01 19:08:56,054 | INFO     | app.engines.decisions | 19:08:56 | Wick Engine | WAIT | Phase IDLE
  - Broker not connected
  Confidence 0.0% | Opportunity 0.0 | Entry Quality 0.0 | Momentum 0.0 | Liquidity 50.0 | Health 50.0
2026-07-01 19:08:56,054 | INFO     | app.engines.decisions | 19:08:56 | Ultra Engine | WAIT | Phase IDLE
  - Broker not connected
  Confidence 0.0% | Opportunity 0.0 | Entry Quality 0.0 | Momentum 0.0 | Liquidity 0.0 | Health 0.0
2026-07-01 19:08:58,056 | INFO     | app.engines.decisions | 19:08:58 | Normal Engine | BLOCKED | Phase IDLE
  - Broker not connected
  Confidence 0.0% | Opportunity 0.0 | Entry Quality 0.0 | Momentum 0.0 | Liquidity 0.0 | Health 0.0
2026-07-01 19:08:58,056 | INFO     | app.engines.decisions | 19:08:58 | Wick Engine | WAIT | Phase IDLE
  - Broker not connected
  Confidence 0.0% | Opportunity 0.0 | Entry Quality 0.0 | Momentum 0.0 | Liquidity 50.0 | Health 50.0
2026-07-01 19:08:58,056 | INFO     | app.engines.decisions | 19:08:58 | Ultra Engine | WAIT | Phase IDLE
  - Broker not connected
  Confidence 0.0% | Opportunity 0.0 | Entry Quality 0.0 | Momentum 0.0 | Liquidity 0.0 | Health 0.0
2026-07-01 19:09:00,057 | INFO     | app.engines.decisions | 19:09:00 | Normal Engine | BLOCKED | Phase IDLE
  - Broker not connected
  Confidence 0.0% | Opportunity 0.0 | Entry Quality 0.0 | Momentum 0.0 | Liquidity 0.0 | Health 0.0
2026-07-01 19:09:00,057 | INFO     | app.engines.decisions | 19:09:00 | Wick Engine | WAIT | Phase IDLE
  - Broker not connected
  Confidence 0.0% | Opportunity 0.0 | Entry Quality 0.0 | Momentum 0.0 | Liquidity 50.0 | Health 50.0
2026-07-01 19:09:00,057 | INFO     | app.engines.decisions | 19:09:00 | Ultra Engine | WAIT | Phase IDLE
  - Broker not connected
  Confidence 0.0% | Opportunity 0.0 | Entry Quality 0.0 | Momentum 0.0 | Liquidity 0.0 | Health 0.0
2026-07-01 19:09:02,059 | INFO     | app.engines.decisions | 19:09:02 | Normal Engine | BLOCKED | Phase IDLE
  - Broker not connected
  Confidence 0.0% | Opportunity 0.0 | Entry Quality 0.0 | Momentum 0.0 | Liquidity 0.0 | Health 0.0
2026-07-01 19:09:02,060 | INFO     | app.engines.decisions | 19:09:02 | Wick Engine | WAIT | Phase IDLE
  - Broker not connected
  Confidence 0.0% | Opportunity 0.0 | Entry Quality 0.0 | Momentum 0.0 | Liquidity 50.0 | Health 50.0
2026-07-01 19:09:02,060 | INFO     | app.engines.decisions | 19:09:02 | Ultra Engine | WAIT | Phase IDLE
  - Broker not connected
  Confidence 0.0% | Opportunity 0.0 | Entry Quality 0.0 | Momentum 0.0 | Liquidity 0.0 | Health 0.0
2026-07-01 19:09:04,062 | INFO     | app.engines.decisions | 19:09:04 | Normal Engine | BLOCKED | Phase IDLE
  - Broker not connected
  Confidence 0.0% | Opportunity 0.0 | Entry Quality 0.0 | Momentum 0.0 | Liquidity 0.0 | Health 0.0
2026-07-01 19:09:04,063 | INFO     | app.engines.decisions | 19:09:04 | Wick Engine | WAIT | Phase IDLE
  - Broker not connected
  Confidence 0.0% | Opportunity 0.0 | Entry Quality 0.0 | Momentum 0.0 | Liquidity 50.0 | Health 50.0
2026-07-01 19:09:04,063 | INFO     | app.engines.decisions | 19:09:04 | Ultra Engine | WAIT | Phase IDLE
  - Broker not connected
  Confidence 0.0% | Opportunity 0.0 | Entry Quality 0.0 | Momentum 0.0 | Liquidity 0.0 | Health 0.0
2026-07-01 19:09:06,065 | INFO     | app.engines.decisions | 19:09:06 | Normal Engine | BLOCKED | Phase IDLE
  - Broker not connected
  Confidence 0.0% | Opportunity 0.0 | Entry Quality 0.0 | Momentum 0.0 | Liquidity 0.0 | Health 0.0
2026-07-01 19:09:06,065 | INFO     | app.engines.decisions | 19:09:06 | Wick Engine | WAIT | Phase IDLE
  - Broker not connected
  Confidence 0.0% | Opportunity 0.0 | Entry Quality 0.0 | Momentum 0.0 | Liquidity 50.0 | Health 50.0
2026-07-01 19:09:06,066 | INFO     | app.engines.decisions | 19:09:06 | Ultra Engine | WAIT | Phase IDLE
  - Broker not connected
  Confidence 0.0% | Opportunity 0.0 | Entry Quality 0.0 | Momentum 0.0 | Liquidity 0.0 | Health 0.0
2026-07-01 19:09:08,068 | INFO     | app.engines.decisions | 19:09:08 | Normal Engine | BLOCKED | Phase IDLE
  - Broker not connected
  Confidence 0.0% | Opportunity 0.0 | Entry Quality 0.0 | Momentum 0.0 | Liquidity 0.0 | Health 0.0
2026-07-01 19:09:08,068 | INFO     | app.engines.decisions | 19:09:08 | Wick Engine | WAIT | Phase IDLE
  - Broker not connected
  Confidence 0.0% | Opportunity 0.0 | Entry Quality 0.0 | Momentum 0.0 | Liquidity 50.0 | Health 50.0
2026-07-01 19:09:08,068 | INFO     | app.engines.decisions | 19:09:08 | Ultra Engine | WAIT | Phase IDLE
  - Broker not connected
  Confidence 0.0% | Opportunity 0.0 | Entry Quality 0.0 | Momentum 0.0 | Liquidity 0.0 | Health 0.0
2026-07-01 19:09:10,070 | INFO     | app.engines.decisions | 19:09:10 | Normal Engine | BLOCKED | Phase IDLE
  - Broker not connected
  Confidence 0.0% | Opportunity 0.0 | Entry Quality 0.0 | Momentum 0.0 | Liquidity 0.0 | Health 0.0
2026-07-01 19:09:10,070 | INFO     | app.engines.decisions | 19:09:10 | Wick Engine | WAIT | Phase IDLE
  - Broker not connected
  Confidence 0.0% | Opportunity 0.0 | Entry Quality 0.0 | Momentum 0.0 | Liquidity 50.0 | Health 50.0
2026-07-01 19:09:10,071 | INFO     | app.engines.decisions | 19:09:10 | Ultra Engine | WAIT | Phase IDLE
  - Broker not connected
  Confidence 0.0% | Opportunity 0.0 | Entry Quality 0.0 | Momentum 0.0 | Liquidity 0.0 | Health 0.0
2026-07-01 19:09:12,072 | INFO     | app.engines.decisions | 19:09:12 | Normal Engine | BLOCKED | Phase IDLE
  - Broker not connected
  Confidence 0.0% | Opportunity 0.0 | Entry Quality 0.0 | Momentum 0.0 | Liquidity 0.0 | Health 0.0
2026-07-01 19:09:12,072 | INFO     | app.engines.decisions | 19:09:12 | Wick Engine | WAIT | Phase IDLE
  - Broker not connected
  Confidence 0.0% | Opportunity 0.0 | Entry Quality 0.0 | Momentum 0.0 | Liquidity 50.0 | Health 50.0
2026-07-01 19:09:12,072 | INFO     | app.engines.decisions | 19:09:12 | Ultra Engine | WAIT | Phase IDLE
  - Broker not connected
  Confidence 0.0% | Opportunity 0.0 | Entry Quality 0.0 | Momentum 0.0 | Liquidity 0.0 | Health 0.0
2026-07-01 19:09:14,073 | INFO     | app.engines.decisions | 19:09:14 | Normal Engine | BLOCKED | Phase IDLE
  - Broker not connected
  Confidence 0.0% | Opportunity 0.0 | Entry Quality 0.0 | Momentum 0.0 | Liquidity 0.0 | Health 0.0
2026-07-01 19:09:14,074 | INFO     | app.engines.decisions | 19:09:14 | Wick Engine | WAIT | Phase IDLE
  - Broker not connected
  Confidence 0.0% | Opportunity 0.0 | Entry Quality 0.0 | Momentum 0.0 | Liquidity 50.0 | Health 50.0
2026-07-01 19:09:14,074 | INFO     | app.engines.decisions | 19:09:14 | Ultra Engine | WAIT | Phase IDLE
  - Broker not connected
  Confidence 0.0% | Opportunity 0.0 | Entry Quality 0.0 | Momentum 0.0 | Liquidity 0.0 | Health 0.0
2026-07-01 19:09:16,074 | INFO     | app.engines.decisions | 19:09:16 | Normal Engine | BLOCKED | Phase IDLE
  - Broker not connected
  Confidence 0.0% | Opportunity 0.0 | Entry Quality 0.0 | Momentum 0.0 | Liquidity 0.0 | Health 0.0
2026-07-01 19:09:16,075 | INFO     | app.engines.decisions | 19:09:16 | Wick Engine | WAIT | Phase IDLE
  - Broker not connected
  Confidence 0.0% | Opportunity 0.0 | Entry Quality 0.0 | Momentum 0.0 | Liquidity 50.0 | Health 50.0
2026-07-01 19:09:16,075 | INFO     | app.engines.decisions | 19:09:16 | Ultra Engine | WAIT | Phase IDLE
  - Broker not connected
  Confidence 0.0% | Opportunity 0.0 | Entry Quality 0.0 | Momentum 0.0 | Liquidity 0.0 | Health 0.0
2026-07-01 19:09:18,077 | INFO     | app.engines.decisions | 19:09:18 | Normal Engine | BLOCKED | Phase IDLE
  - Broker not connected
  Confidence 0.0% | Opportunity 0.0 | Entry Quality 0.0 | Momentum 0.0 | Liquidity 0.0 | Health 0.0
2026-07-01 19:09:18,077 | INFO     | app.engines.decisions | 19:09:18 | Wick Engine | WAIT | Phase IDLE
  - Broker not connected
  Confidence 0.0% | Opportunity 0.0 | Entry Quality 0.0 | Momentum 0.0 | Liquidity 50.0 | Health 50.0
2026-07-01 19:09:18,077 | INFO     | app.engines.decisions | 19:09:18 | Ultra Engine | WAIT | Phase IDLE
  - Broker not connected
  Confidence 0.0% | Opportunity 0.0 | Entry Quality 0.0 | Momentum 0.0 | Liquidity 0.0 | Health 0.0
2026-07-01 19:09:20,079 | INFO     | app.engines.decisions | 19:09:20 | Normal Engine | BLOCKED | Phase IDLE
  - Broker not connected
  Confidence 0.0% | Opportunity 0.0 | Entry Quality 0.0 | Momentum 0.0 | Liquidity 0.0 | Health 0.0
2026-07-01 19:09:20,079 | INFO     | app.engines.decisions | 19:09:20 | Wick Engine | WAIT | Phase IDLE
  - Broker not connected
  Confidence 0.0% | Opportunity 0.0 | Entry Quality 0.0 | Momentum 0.0 | Liquidity 50.0 | Health 50.0
2026-07-01 19:09:20,079 | INFO     | app.engines.decisions | 19:09:20 | Ultra Engine | WAIT | Phase IDLE
  - Broker not connected
  Confidence 0.0% | Opportunity 0.0 | Entry Quality 0.0 | Momentum 0.0 | Liquidity 0.0 | Health 0.0
2026-07-01 19:09:22,081 | INFO     | app.engines.decisions | 19:09:22 | Normal Engine | BLOCKED | Phase IDLE
  - Broker not connected
  Confidence 0.0% | Opportunity 0.0 | Entry Quality 0.0 | Momentum 0.0 | Liquidity 0.0 | Health 0.0
2026-07-01 19:09:22,081 | INFO     | app.engines.decisions | 19:09:22 | Wick Engine | WAIT | Phase IDLE
  - Broker not connected
  Confidence 0.0% | Opportunity 0.0 | Entry Quality 0.0 | Momentum 0.0 | Liquidity 50.0 | Health 50.0
2026-07-01 19:09:22,081 | INFO     | app.engines.decisions | 19:09:22 | Ultra Engine | WAIT | Phase IDLE
  - Broker not connected
  Confidence 0.0% | Opportunity 0.0 | Entry Quality 0.0 | Momentum 0.0 | Liquidity 0.0 | Health 0.0
2026-07-01 19:09:24,083 | INFO     | app.engines.decisions | 19:09:24 | Normal Engine | BLOCKED | Phase IDLE
  - Broker not connected
  Confidence 0.0% | Opportunity 0.0 | Entry Quality 0.0 | Momentum 0.0 | Liquidity 0.0 | Health 0.0
2026-07-01 19:09:24,083 | INFO     | app.engines.decisions | 19:09:24 | Wick Engine | WAIT | Phase IDLE
  - Broker not connected
  Confidence 0.0% | Opportunity 0.0 | Entry Quality 0.0 | Momentum 0.0 | Liquidity 50.0 | Health 50.0
2026-07-01 19:09:24,083 | INFO     | app.engines.decisions | 19:09:24 | Ultra Engine | WAIT | Phase IDLE
  - Broker not connected
  Confidence 0.0% | Opportunity 0.0 | Entry Quality 0.0 | Momentum 0.0 | Liquidity 0.0 | Health 0.0
2026-07-01 19:09:26,085 | INFO     | app.engines.decisions | 19:09:26 | Normal Engine | BLOCKED | Phase IDLE
  - Broker not connected
  Confidence 0.0% | Opportunity 0.0 | Entry Quality 0.0 | Momentum 0.0 | Liquidity 0.0 | Health 0.0
2026-07-01 19:09:26,086 | INFO     | app.engines.decisions | 19:09:26 | Wick Engine | WAIT | Phase IDLE
  - Broker not connected
  Confidence 0.0% | Opportunity 0.0 | Entry Quality 0.0 | Momentum 0.0 | Liquidity 50.0 | Health 50.0
2026-07-01 19:09:26,086 | INFO     | app.engines.decisions | 19:09:26 | Ultra Engine | WAIT | Phase IDLE
  - Broker not connected
  Confidence 0.0% | Opportunity 0.0 | Entry Quality 0.0 | Momentum 0.0 | Liquidity 0.0 | Health 0.0
2026-07-01 19:09:28,088 | INFO     | app.engines.decisions | 19:09:28 | Normal Engine | BLOCKED | Phase IDLE
  - Broker not connected
  Confidence 0.0% | Opportunity 0.0 | Entry Quality 0.0 | Momentum 0.0 | Liquidity 0.0 | Health 0.0
2026-07-01 19:09:28,088 | INFO     | app.engines.decisions | 19:09:28 | Wick Engine | WAIT | Phase IDLE
  - Broker not connected
  Confidence 0.0% | Opportunity 0.0 | Entry Quality 0.0 | Momentum 0.0 | Liquidity 50.0 | Health 50.0
2026-07-01 19:09:28,089 | INFO     | app.engines.decisions | 19:09:28 | Ultra Engine | WAIT | Phase IDLE
  - Broker not connected
  Confidence 0.0% | Opportunity 0.0 | Entry Quality 0.0 | Momentum 0.0 | Liquidity 0.0 | Health 0.0
2026-07-01 19:09:30,090 | INFO     | app.engines.decisions | 19:09:30 | Normal Engine | BLOCKED | Phase IDLE
  - Broker not connected
  Confidence 0.0% | Opportunity 0.0 | Entry Quality 0.0 | Momentum 0.0 | Liquidity 0.0 | Health 0.0
2026-07-01 19:09:30,090 | INFO     | app.engines.decisions | 19:09:30 | Wick Engine | WAIT | Phase IDLE
  - Broker not connected
  Confidence 0.0% | Opportunity 0.0 | Entry Quality 0.0 | Momentum 0.0 | Liquidity 50.0 | Health 50.0
2026-07-01 19:09:30,090 | INFO     | app.engines.decisions | 19:09:30 | Ultra Engine | WAIT | Phase IDLE
  - Broker not connected
  Confidence 0.0% | Opportunity 0.0 | Entry Quality 0.0 | Momentum 0.0 | Liquidity 0.0 | Health 0.0
2026-07-01 19:09:32,092 | INFO     | app.engines.decisions | 19:09:32 | Normal Engine | BLOCKED | Phase IDLE
  - Broker not connected
  Confidence 0.0% | Opportunity 0.0 | Entry Quality 0.0 | Momentum 0.0 | Liquidity 0.0 | Health 0.0
2026-07-01 19:09:32,092 | INFO     | app.engines.decisions | 19:09:32 | Wick Engine | WAIT | Phase IDLE
  - Broker not connected
  Confidence 0.0% | Opportunity 0.0 | Entry Quality 0.0 | Momentum 0.0 | Liquidity 50.0 | Health 50.0
2026-07-01 19:09:32,092 | INFO     | app.engines.decisions | 19:09:32 | Ultra Engine | WAIT | Phase IDLE
  - Broker not connected
  Confidence 0.0% | Opportunity 0.0 | Entry Quality 0.0 | Momentum 0.0 | Liquidity 0.0 | Health 0.0
2026-07-01 19:09:34,094 | INFO     | app.engines.decisions | 19:09:34 | Normal Engine | BLOCKED | Phase IDLE
  - Broker not connected
  Confidence 0.0% | Opportunity 0.0 | Entry Quality 0.0 | Momentum 0.0 | Liquidity 0.0 | Health 0.0
2026-07-01 19:09:34,094 | INFO     | app.engines.decisions | 19:09:34 | Wick Engine | WAIT | Phase IDLE
  - Broker not connected
  Confidence 0.0% | Opportunity 0.0 | Entry Quality 0.0 | Momentum 0.0 | Liquidity 50.0 | Health 50.0
2026-07-01 19:09:34,095 | INFO     | app.engines.decisions | 19:09:34 | Ultra Engine | WAIT | Phase IDLE
  - Broker not connected
  Confidence 0.0% | Opportunity 0.0 | Entry Quality 0.0 | Momentum 0.0 | Liquidity 0.0 | Health 0.0
2026-07-01 19:09:36,096 | INFO     | app.engines.decisions | 19:09:36 | Normal Engine | BLOCKED | Phase IDLE
  - Broker not connected
  Confidence 0.0% | Opportunity 0.0 | Entry Quality 0.0 | Momentum 0.0 | Liquidity 0.0 | Health 0.0
2026-07-01 19:09:36,097 | INFO     | app.engines.decisions | 19:09:36 | Wick Engine | WAIT | Phase IDLE
  - Broker not connected
  Confidence 0.0% | Opportunity 0.0 | Entry Quality 0.0 | Momentum 0.0 | Liquidity 50.0 | Health 50.0
2026-07-01 19:09:36,097 | INFO     | app.engines.decisions | 19:09:36 | Ultra Engine | WAIT | Phase IDLE
  - Broker not connected
  Confidence 0.0% | Opportunity 0.0 | Entry Quality 0.0 | Momentum 0.0 | Liquidity 0.0 | Health 0.0
2026-07-01 19:09:38,098 | INFO     | app.engines.decisions | 19:09:38 | Normal Engine | BLOCKED | Phase IDLE
  - Broker not connected
  Confidence 0.0% | Opportunity 0.0 | Entry Quality 0.0 | Momentum 0.0 | Liquidity 0.0 | Health 0.0
2026-07-01 19:09:38,099 | INFO     | app.engines.decisions | 19:09:38 | Wick Engine | WAIT | Phase IDLE
  - Broker not connected
  Confidence 0.0% | Opportunity 0.0 | Entry Quality 0.0 | Momentum 0.0 | Liquidity 50.0 | Health 50.0
2026-07-01 19:09:38,099 | INFO     | app.engines.decisions | 19:09:38 | Ultra Engine | WAIT | Phase IDLE
  - Broker not connected
  Confidence 0.0% | Opportunity 0.0 | Entry Quality 0.0 | Momentum 0.0 | Liquidity 0.0 | Health 0.0
2026-07-01 19:09:40,099 | INFO     | app.engines.decisions | 19:09:40 | Normal Engine | BLOCKED | Phase IDLE
  - Broker not connected
  Confidence 0.0% | Opportunity 0.0 | Entry Quality 0.0 | Momentum 0.0 | Liquidity 0.0 | Health 0.0
2026-07-01 19:09:40,100 | INFO     | app.engines.decisions | 19:09:40 | Wick Engine | WAIT | Phase IDLE
  - Broker not connected
  Confidence 0.0% | Opportunity 0.0 | Entry Quality 0.0 | Momentum 0.0 | Liquidity 50.0 | Health 50.0
2026-07-01 19:09:40,100 | INFO     | app.engines.decisions | 19:09:40 | Ultra Engine | WAIT | Phase IDLE
  - Broker not connected
  Confidence 0.0% | Opportunity 0.0 | Entry Quality 0.0 | Momentum 0.0 | Liquidity 0.0 | Health 0.0
2026-07-01 19:09:42,102 | INFO     | app.engines.decisions | 19:09:42 | Normal Engine | BLOCKED | Phase IDLE
  - Broker not connected
  Confidence 0.0% | Opportunity 0.0 | Entry Quality 0.0 | Momentum 0.0 | Liquidity 0.0 | Health 0.0
2026-07-01 19:09:42,103 | INFO     | app.engines.decisions | 19:09:42 | Wick Engine | WAIT | Phase IDLE
  - Broker not connected
  Confidence 0.0% | Opportunity 0.0 | Entry Quality 0.0 | Momentum 0.0 | Liquidity 50.0 | Health 50.0
2026-07-01 19:09:42,103 | INFO     | app.engines.decisions | 19:09:42 | Ultra Engine | WAIT | Phase IDLE
  - Broker not connected
  Confidence 0.0% | Opportunity 0.0 | Entry Quality 0.0 | Momentum 0.0 | Liquidity 0.0 | Health 0.0
2026-07-01 19:09:44,104 | INFO     | app.engines.decisions | 19:09:44 | Normal Engine | BLOCKED | Phase IDLE
  - Broker not connected
  Confidence 0.0% | Opportunity 0.0 | Entry Quality 0.0 | Momentum 0.0 | Liquidity 0.0 | Health 0.0
2026-07-01 19:09:44,104 | INFO     | app.engines.decisions | 19:09:44 | Wick Engine | WAIT | Phase IDLE
  - Broker not connected
  Confidence 0.0% | Opportunity 0.0 | Entry Quality 0.0 | Momentum 0.0 | Liquidity 50.0 | Health 50.0
2026-07-01 19:09:44,105 | INFO     | app.engines.decisions | 19:09:44 | Ultra Engine | WAIT | Phase IDLE
  - Broker not connected
  Confidence 0.0% | Opportunity 0.0 | Entry Quality 0.0 | Momentum 0.0 | Liquidity 0.0 | Health 0.0
2026-07-01 19:09:46,106 | INFO     | app.engines.decisions | 19:09:46 | Normal Engine | BLOCKED | Phase IDLE
  - Broker not connected
  Confidence 0.0% | Opportunity 0.0 | Entry Quality 0.0 | Momentum 0.0 | Liquidity 0.0 | Health 0.0
2026-07-01 19:09:46,106 | INFO     | app.engines.decisions | 19:09:46 | Wick Engine | WAIT | Phase IDLE
  - Broker not connected
  Confidence 0.0% | Opportunity 0.0 | Entry Quality 0.0 | Momentum 0.0 | Liquidity 50.0 | Health 50.0
2026-07-01 19:09:46,107 | INFO     | app.engines.decisions | 19:09:46 | Ultra Engine | WAIT | Phase IDLE
  - Broker not connected
  Confidence 0.0% | Opportunity 0.0 | Entry Quality 0.0 | Momentum 0.0 | Liquidity 0.0 | Health 0.0
2026-07-01 19:09:48,108 | INFO     | app.engines.decisions | 19:09:48 | Normal Engine | BLOCKED | Phase IDLE
  - Broker not connected
  Confidence 0.0% | Opportunity 0.0 | Entry Quality 0.0 | Momentum 0.0 | Liquidity 0.0 | Health 0.0
2026-07-01 19:09:48,109 | INFO     | app.engines.decisions | 19:09:48 | Wick Engine | WAIT | Phase IDLE
  - Broker not connected
  Confidence 0.0% | Opportunity 0.0 | Entry Quality 0.0 | Momentum 0.0 | Liquidity 50.0 | Health 50.0
2026-07-01 19:09:48,109 | INFO     | app.engines.decisions | 19:09:48 | Ultra Engine | WAIT | Phase IDLE
  - Broker not connected
  Confidence 0.0% | Opportunity 0.0 | Entry Quality 0.0 | Momentum 0.0 | Liquidity 0.0 | Health 0.0
2026-07-01 19:09:50,112 | INFO     | app.engines.decisions | 19:09:50 | Normal Engine | BLOCKED | Phase IDLE
  - Broker not connected
  Confidence 0.0% | Opportunity 0.0 | Entry Quality 0.0 | Momentum 0.0 | Liquidity 0.0 | Health 0.0
2026-07-01 19:09:50,113 | INFO     | app.engines.decisions | 19:09:50 | Wick Engine | WAIT | Phase IDLE
  - Broker not connected
  Confidence 0.0% | Opportunity 0.0 | Entry Quality 0.0 | Momentum 0.0 | Liquidity 50.0 | Health 50.0
2026-07-01 19:09:50,113 | INFO     | app.engines.decisions | 19:09:50 | Ultra Engine | WAIT | Phase IDLE
  - Broker not connected
  Confidence 0.0% | Opportunity 0.0 | Entry Quality 0.0 | Momentum 0.0 | Liquidity 0.0 | Health 0.0
2026-07-01 19:09:52,115 | INFO     | app.engines.decisions | 19:09:52 | Normal Engine | BLOCKED | Phase IDLE
  - Broker not connected
  Confidence 0.0% | Opportunity 0.0 | Entry Quality 0.0 | Momentum 0.0 | Liquidity 0.0 | Health 0.0
2026-07-01 19:09:52,115 | INFO     | app.engines.decisions | 19:09:52 | Wick Engine | WAIT | Phase IDLE
  - Broker not connected
  Confidence 0.0% | Opportunity 0.0 | Entry Quality 0.0 | Momentum 0.0 | Liquidity 50.0 | Health 50.0
2026-07-01 19:09:52,115 | INFO     | app.engines.decisions | 19:09:52 | Ultra Engine | WAIT | Phase IDLE
  - Broker not connected
  Confidence 0.0% | Opportunity 0.0 | Entry Quality 0.0 | Momentum 0.0 | Liquidity 0.0 | Health 0.0
2026-07-01 19:09:54,117 | INFO     | app.engines.decisions | 19:09:54 | Normal Engine | BLOCKED | Phase IDLE
  - Broker not connected
  Confidence 0.0% | Opportunity 0.0 | Entry Quality 0.0 | Momentum 0.0 | Liquidity 0.0 | Health 0.0
2026-07-01 19:09:54,118 | INFO     | app.engines.decisions | 19:09:54 | Wick Engine | WAIT | Phase IDLE
  - Broker not connected
  Confidence 0.0% | Opportunity 0.0 | Entry Quality 0.0 | Momentum 0.0 | Liquidity 50.0 | Health 50.0
2026-07-01 19:09:54,118 | INFO     | app.engines.decisions | 19:09:54 | Ultra Engine | WAIT | Phase IDLE
  - Broker not connected
  Confidence 0.0% | Opportunity 0.0 | Entry Quality 0.0 | Momentum 0.0 | Liquidity 0.0 | Health 0.0
2026-07-01 19:09:56,120 | INFO     | app.engines.decisions | 19:09:56 | Normal Engine | BLOCKED | Phase IDLE
  - Broker not connected
  Confidence 0.0% | Opportunity 0.0 | Entry Quality 0.0 | Momentum 0.0 | Liquidity 0.0 | Health 0.0
2026-07-01 19:09:56,121 | INFO     | app.engines.decisions | 19:09:56 | Wick Engine | WAIT | Phase IDLE
  - Broker not connected
  Confidence 0.0% | Opportunity 0.0 | Entry Quality 0.0 | Momentum 0.0 | Liquidity 50.0 | Health 50.0
2026-07-01 19:09:56,121 | INFO     | app.engines.decisions | 19:09:56 | Ultra Engine | WAIT | Phase IDLE
  - Broker not connected
  Confidence 0.0% | Opportunity 0.0 | Entry Quality 0.0 | Momentum 0.0 | Liquidity 0.0 | Health 0.0
2026-07-01 19:09:58,123 | INFO     | app.engines.decisions | 19:09:58 | Normal Engine | BLOCKED | Phase IDLE
  - Broker not connected
  Confidence 0.0% | Opportunity 0.0 | Entry Quality 0.0 | Momentum 0.0 | Liquidity 0.0 | Health 0.0
2026-07-01 19:09:58,123 | INFO     | app.engines.decisions | 19:09:58 | Wick Engine | WAIT | Phase IDLE
  - Broker not connected
  Confidence 0.0% | Opportunity 0.0 | Entry Quality 0.0 | Momentum 0.0 | Liquidity 50.0 | Health 50.0
2026-07-01 19:09:58,124 | INFO     | app.engines.decisions | 19:09:58 | Ultra Engine | WAIT | Phase IDLE
  - Broker not connected
  Confidence 0.0% | Opportunity 0.0 | Entry Quality 0.0 | Momentum 0.0 | Liquidity 0.0 | Health 0.0
2026-07-01 19:10:00,124 | INFO     | app.engines.decisions | 19:10:00 | Normal Engine | BLOCKED | Phase IDLE
  - Broker not connected
  Confidence 0.0% | Opportunity 0.0 | Entry Quality 0.0 | Momentum 0.0 | Liquidity 0.0 | Health 0.0
2026-07-01 19:10:00,125 | INFO     | app.engines.decisions | 19:10:00 | Wick Engine | WAIT | Phase IDLE
  - Broker not connected
  Confidence 0.0% | Opportunity 0.0 | Entry Quality 0.0 | Momentum 0.0 | Liquidity 50.0 | Health 50.0
2026-07-01 19:10:00,125 | INFO     | app.engines.decisions | 19:10:00 | Ultra Engine | WAIT | Phase IDLE
  - Broker not connected
  Confidence 0.0% | Opportunity 0.0 | Entry Quality 0.0 | Momentum 0.0 | Liquidity 0.0 | Health 0.0
2026-07-01 19:10:02,128 | INFO     | app.engines.decisions | 19:10:02 | Normal Engine | BLOCKED | Phase IDLE
  - Broker not connected
  Confidence 0.0% | Opportunity 0.0 | Entry Quality 0.0 | Momentum 0.0 | Liquidity 0.0 | Health 0.0
2026-07-01 19:10:02,129 | INFO     | app.engines.decisions | 19:10:02 | Wick Engine | WAIT | Phase IDLE
  - Broker not connected
  Confidence 0.0% | Opportunity 0.0 | Entry Quality 0.0 | Momentum 0.0 | Liquidity 50.0 | Health 50.0
2026-07-01 19:10:02,129 | INFO     | app.engines.decisions | 19:10:02 | Ultra Engine | WAIT | Phase IDLE
  - Broker not connected
  Confidence 0.0% | Opportunity 0.0 | Entry Quality 0.0 | Momentum 0.0 | Liquidity 0.0 | Health 0.0
2026-07-01 19:10:04,130 | INFO     | app.engines.decisions | 19:10:04 | Normal Engine | BLOCKED | Phase IDLE
  - Broker not connected
  Confidence 0.0% | Opportunity 0.0 | Entry Quality 0.0 | Momentum 0.0 | Liquidity 0.0 | Health 0.0
2026-07-01 19:10:04,130 | INFO     | app.engines.decisions | 19:10:04 | Wick Engine | WAIT | Phase IDLE
  - Broker not connected
  Confidence 0.0% | Opportunity 0.0 | Entry Quality 0.0 | Momentum 0.0 | Liquidity 50.0 | Health 50.0
2026-07-01 19:10:04,131 | INFO     | app.engines.decisions | 19:10:04 | Ultra Engine | WAIT | Phase IDLE
  - Broker not connected
  Confidence 0.0% | Opportunity 0.0 | Entry Quality 0.0 | Momentum 0.0 | Liquidity 0.0 | Health 0.0
2026-07-01 19:10:06,132 | INFO     | app.engines.decisions | 19:10:06 | Normal Engine | BLOCKED | Phase IDLE
  - Broker not connected
  Confidence 0.0% | Opportunity 0.0 | Entry Quality 0.0 | Momentum 0.0 | Liquidity 0.0 | Health 0.0
2026-07-01 19:10:06,132 | INFO     | app.engines.decisions | 19:10:06 | Wick Engine | WAIT | Phase IDLE
  - Broker not connected
  Confidence 0.0% | Opportunity 0.0 | Entry Quality 0.0 | Momentum 0.0 | Liquidity 50.0 | Health 50.0
2026-07-01 19:10:06,133 | INFO     | app.engines.decisions | 19:10:06 | Ultra Engine | WAIT | Phase IDLE
  - Broker not connected
  Confidence 0.0% | Opportunity 0.0 | Entry Quality 0.0 | Momentum 0.0 | Liquidity 0.0 | Health 0.0
2026-07-01 19:10:08,134 | INFO     | app.engines.decisions | 19:10:08 | Normal Engine | BLOCKED | Phase IDLE
  - Broker not connected
  Confidence 0.0% | Opportunity 0.0 | Entry Quality 0.0 | Momentum 0.0 | Liquidity 0.0 | Health 0.0
2026-07-01 19:10:08,135 | INFO     | app.engines.decisions | 19:10:08 | Wick Engine | WAIT | Phase IDLE
  - Broker not connected
  Confidence 0.0% | Opportunity 0.0 | Entry Quality 0.0 | Momentum 0.0 | Liquidity 50.0 | Health 50.0
2026-07-01 19:10:08,135 | INFO     | app.engines.decisions | 19:10:08 | Ultra Engine | WAIT | Phase IDLE
  - Broker not connected
  Confidence 0.0% | Opportunity 0.0 | Entry Quality 0.0 | Momentum 0.0 | Liquidity 0.0 | Health 0.0
2026-07-01 19:10:10,136 | INFO     | app.engines.decisions | 19:10:10 | Normal Engine | BLOCKED | Phase IDLE
  - Broker not connected
  Confidence 0.0% | Opportunity 0.0 | Entry Quality 0.0 | Momentum 0.0 | Liquidity 0.0 | Health 0.0
2026-07-01 19:10:10,136 | INFO     | app.engines.decisions | 19:10:10 | Wick Engine | WAIT | Phase IDLE
  - Broker not connected
  Confidence 0.0% | Opportunity 0.0 | Entry Quality 0.0 | Momentum 0.0 | Liquidity 50.0 | Health 50.0
2026-07-01 19:10:10,136 | INFO     | app.engines.decisions | 19:10:10 | Ultra Engine | WAIT | Phase IDLE
  - Broker not connected
  Confidence 0.0% | Opportunity 0.0 | Entry Quality 0.0 | Momentum 0.0 | Liquidity 0.0 | Health 0.0
2026-07-01 19:10:12,138 | INFO     | app.engines.decisions | 19:10:12 | Normal Engine | BLOCKED | Phase IDLE
  - Broker not connected
  Confidence 0.0% | Opportunity 0.0 | Entry Quality 0.0 | Momentum 0.0 | Liquidity 0.0 | Health 0.0
2026-07-01 19:10:12,138 | INFO     | app.engines.decisions | 19:10:12 | Wick Engine | WAIT | Phase IDLE
  - Broker not connected
  Confidence 0.0% | Opportunity 0.0 | Entry Quality 0.0 | Momentum 0.0 | Liquidity 50.0 | Health 50.0
2026-07-01 19:10:12,139 | INFO     | app.engines.decisions | 19:10:12 | Ultra Engine | WAIT | Phase IDLE
  - Broker not connected
  Confidence 0.0% | Opportunity 0.0 | Entry Quality 0.0 | Momentum 0.0 | Liquidity 0.0 | Health 0.0
2026-07-01 19:10:14,140 | INFO     | app.engines.decisions | 19:10:14 | Normal Engine | BLOCKED | Phase IDLE
  - Broker not connected
  Confidence 0.0% | Opportunity 0.0 | Entry Quality 0.0 | Momentum 0.0 | Liquidity 0.0 | Health 0.0
2026-07-01 19:10:14,140 | INFO     | app.engines.decisions | 19:10:14 | Wick Engine | WAIT | Phase IDLE
  - Broker not connected
  Confidence 0.0% | Opportunity 0.0 | Entry Quality 0.0 | Momentum 0.0 | Liquidity 50.0 | Health 50.0
2026-07-01 19:10:14,140 | INFO     | app.engines.decisions | 19:10:14 | Ultra Engine | WAIT | Phase IDLE
  - Broker not connected
  Confidence 0.0% | Opportunity 0.0 | Entry Quality 0.0 | Momentum 0.0 | Liquidity 0.0 | Health 0.0
2026-07-01 19:10:16,142 | INFO     | app.engines.decisions | 19:10:16 | Normal Engine | BLOCKED | Phase IDLE
  - Broker not connected
  Confidence 0.0% | Opportunity 0.0 | Entry Quality 0.0 | Momentum 0.0 | Liquidity 0.0 | Health 0.0
2026-07-01 19:10:16,142 | INFO     | app.engines.decisions | 19:10:16 | Wick Engine | WAIT | Phase IDLE
  - Broker not connected
  Confidence 0.0% | Opportunity 0.0 | Entry Quality 0.0 | Momentum 0.0 | Liquidity 50.0 | Health 50.0
2026-07-01 19:10:16,142 | INFO     | app.engines.decisions | 19:10:16 | Ultra Engine | WAIT | Phase IDLE
  - Broker not connected
  Confidence 0.0% | Opportunity 0.0 | Entry Quality 0.0 | Momentum 0.0 | Liquidity 0.0 | Health 0.0
2026-07-01 19:10:18,144 | INFO     | app.engines.decisions | 19:10:18 | Normal Engine | BLOCKED | Phase IDLE
  - Broker not connected
  Confidence 0.0% | Opportunity 0.0 | Entry Quality 0.0 | Momentum 0.0 | Liquidity 0.0 | Health 0.0
2026-07-01 19:10:18,145 | INFO     | app.engines.decisions | 19:10:18 | Wick Engine | WAIT | Phase IDLE
  - Broker not connected
  Confidence 0.0% | Opportunity 0.0 | Entry Quality 0.0 | Momentum 0.0 | Liquidity 50.0 | Health 50.0
2026-07-01 19:10:18,145 | INFO     | app.engines.decisions | 19:10:18 | Ultra Engine | WAIT | Phase IDLE
  - Broker not connected
  Confidence 0.0% | Opportunity 0.0 | Entry Quality 0.0 | Momentum 0.0 | Liquidity 0.0 | Health 0.0
2026-07-01 19:10:20,147 | INFO     | app.engines.decisions | 19:10:20 | Normal Engine | BLOCKED | Phase IDLE
  - Broker not connected
  Confidence 0.0% | Opportunity 0.0 | Entry Quality 0.0 | Momentum 0.0 | Liquidity 0.0 | Health 0.0
2026-07-01 19:10:20,148 | INFO     | app.engines.decisions | 19:10:20 | Wick Engine | WAIT | Phase IDLE
  - Broker not connected
  Confidence 0.0% | Opportunity 0.0 | Entry Quality 0.0 | Momentum 0.0 | Liquidity 50.0 | Health 50.0
2026-07-01 19:10:20,148 | INFO     | app.engines.decisions | 19:10:20 | Ultra Engine | WAIT | Phase IDLE
  - Broker not connected
  Confidence 0.0% | Opportunity 0.0 | Entry Quality 0.0 | Momentum 0.0 | Liquidity 0.0 | Health 0.0
2026-07-01 19:10:22,149 | INFO     | app.engines.decisions | 19:10:22 | Normal Engine | BLOCKED | Phase IDLE
  - Broker not connected
  Confidence 0.0% | Opportunity 0.0 | Entry Quality 0.0 | Momentum 0.0 | Liquidity 0.0 | Health 0.0
2026-07-01 19:10:22,149 | INFO     | app.engines.decisions | 19:10:22 | Wick Engine | WAIT | Phase IDLE
  - Broker not connected
  Confidence 0.0% | Opportunity 0.0 | Entry Quality 0.0 | Momentum 0.0 | Liquidity 50.0 | Health 50.0
2026-07-01 19:10:22,149 | INFO     | app.engines.decisions | 19:10:22 | Ultra Engine | WAIT | Phase IDLE
  - Broker not connected
  Confidence 0.0% | Opportunity 0.0 | Entry Quality 0.0 | Momentum 0.0 | Liquidity 0.0 | Health 0.0
2026-07-01 19:10:24,150 | INFO     | app.engines.decisions | 19:10:24 | Normal Engine | BLOCKED | Phase IDLE
  - Broker not connected
  Confidence 0.0% | Opportunity 0.0 | Entry Quality 0.0 | Momentum 0.0 | Liquidity 0.0 | Health 0.0
2026-07-01 19:10:24,150 | INFO     | app.engines.decisions | 19:10:24 | Wick Engine | WAIT | Phase IDLE
  - Broker not connected
  Confidence 0.0% | Opportunity 0.0 | Entry Quality 0.0 | Momentum 0.0 | Liquidity 50.0 | Health 50.0
2026-07-01 19:10:24,150 | INFO     | app.engines.decisions | 19:10:24 | Ultra Engine | WAIT | Phase IDLE
  - Broker not connected
  Confidence 0.0% | Opportunity 0.0 | Entry Quality 0.0 | Momentum 0.0 | Liquidity 0.0 | Health 0.0
2026-07-01 19:10:26,152 | INFO     | app.engines.decisions | 19:10:26 | Normal Engine | BLOCKED | Phase IDLE
  - Broker not connected
  Confidence 0.0% | Opportunity 0.0 | Entry Quality 0.0 | Momentum 0.0 | Liquidity 0.0 | Health 0.0
2026-07-01 19:10:26,152 | INFO     | app.engines.decisions | 19:10:26 | Wick Engine | WAIT | Phase IDLE
  - Broker not connected
  Confidence 0.0% | Opportunity 0.0 | Entry Quality 0.0 | Momentum 0.0 | Liquidity 50.0 | Health 50.0
2026-07-01 19:10:26,153 | INFO     | app.engines.decisions | 19:10:26 | Ultra Engine | WAIT | Phase IDLE
  - Broker not connected
  Confidence 0.0% | Opportunity 0.0 | Entry Quality 0.0 | Momentum 0.0 | Liquidity 0.0 | Health 0.0
2026-07-01 19:10:28,154 | INFO     | app.engines.decisions | 19:10:28 | Normal Engine | BLOCKED | Phase IDLE
  - Broker not connected
  Confidence 0.0% | Opportunity 0.0 | Entry Quality 0.0 | Momentum 0.0 | Liquidity 0.0 | Health 0.0
2026-07-01 19:10:28,154 | INFO     | app.engines.decisions | 19:10:28 | Wick Engine | WAIT | Phase IDLE
  - Broker not connected
  Confidence 0.0% | Opportunity 0.0 | Entry Quality 0.0 | Momentum 0.0 | Liquidity 50.0 | Health 50.0
2026-07-01 19:10:28,154 | INFO     | app.engines.decisions | 19:10:28 | Ultra Engine | WAIT | Phase IDLE
  - Broker not connected
  Confidence 0.0% | Opportunity 0.0 | Entry Quality 0.0 | Momentum 0.0 | Liquidity 0.0 | Health 0.0
2026-07-01 19:10:30,156 | INFO     | app.engines.decisions | 19:10:30 | Normal Engine | BLOCKED | Phase IDLE
  - Broker not connected
  Confidence 0.0% | Opportunity 0.0 | Entry Quality 0.0 | Momentum 0.0 | Liquidity 0.0 | Health 0.0
2026-07-01 19:10:30,156 | INFO     | app.engines.decisions | 19:10:30 | Wick Engine | WAIT | Phase IDLE
  - Broker not connected
  Confidence 0.0% | Opportunity 0.0 | Entry Quality 0.0 | Momentum 0.0 | Liquidity 50.0 | Health 50.0
2026-07-01 19:10:30,156 | INFO     | app.engines.decisions | 19:10:30 | Ultra Engine | WAIT | Phase IDLE
  - Broker not connected
  Confidence 0.0% | Opportunity 0.0 | Entry Quality 0.0 | Momentum 0.0 | Liquidity 0.0 | Health 0.0
2026-07-01 19:10:32,158 | INFO     | app.engines.decisions | 19:10:32 | Normal Engine | BLOCKED | Phase IDLE
  - Broker not connected
  Confidence 0.0% | Opportunity 0.0 | Entry Quality 0.0 | Momentum 0.0 | Liquidity 0.0 | Health 0.0
2026-07-01 19:10:32,158 | INFO     | app.engines.decisions | 19:10:32 | Wick Engine | WAIT | Phase IDLE
  - Broker not connected
  Confidence 0.0% | Opportunity 0.0 | Entry Quality 0.0 | Momentum 0.0 | Liquidity 50.0 | Health 50.0
2026-07-01 19:10:32,158 | INFO     | app.engines.decisions | 19:10:32 | Ultra Engine | WAIT | Phase IDLE
  - Broker not connected
  Confidence 0.0% | Opportunity 0.0 | Entry Quality 0.0 | Momentum 0.0 | Liquidity 0.0 | Health 0.0
2026-07-01 19:10:34,160 | INFO     | app.engines.decisions | 19:10:34 | Normal Engine | BLOCKED | Phase IDLE
  - Broker not connected
  Confidence 0.0% | Opportunity 0.0 | Entry Quality 0.0 | Momentum 0.0 | Liquidity 0.0 | Health 0.0
2026-07-01 19:10:34,160 | INFO     | app.engines.decisions | 19:10:34 | Wick Engine | WAIT | Phase IDLE
  - Broker not connected
  Confidence 0.0% | Opportunity 0.0 | Entry Quality 0.0 | Momentum 0.0 | Liquidity 50.0 | Health 50.0
2026-07-01 19:10:34,161 | INFO     | app.engines.decisions | 19:10:34 | Ultra Engine | WAIT | Phase IDLE
  - Broker not connected
  Confidence 0.0% | Opportunity 0.0 | Entry Quality 0.0 | Momentum 0.0 | Liquidity 0.0 | Health 0.0
2026-07-01 19:10:36,165 | INFO     | app.engines.decisions | 19:10:36 | Normal Engine | BLOCKED | Phase IDLE
  - Broker not connected
  Confidence 0.0% | Opportunity 0.0 | Entry Quality 0.0 | Momentum 0.0 | Liquidity 0.0 | Health 0.0
2026-07-01 19:10:36,166 | INFO     | app.engines.decisions | 19:10:36 | Wick Engine | WAIT | Phase IDLE
  - Broker not connected
  Confidence 0.0% | Opportunity 0.0 | Entry Quality 0.0 | Momentum 0.0 | Liquidity 50.0 | Health 50.0
2026-07-01 19:10:36,166 | INFO     | app.engines.decisions | 19:10:36 | Ultra Engine | WAIT | Phase IDLE
  - Broker not connected
  Confidence 0.0% | Opportunity 0.0 | Entry Quality 0.0 | Momentum 0.0 | Liquidity 0.0 | Health 0.0
2026-07-01 19:10:38,168 | INFO     | app.engines.decisions | 19:10:38 | Normal Engine | BLOCKED | Phase IDLE
  - Broker not connected
  Confidence 0.0% | Opportunity 0.0 | Entry Quality 0.0 | Momentum 0.0 | Liquidity 0.0 | Health 0.0
2026-07-01 19:10:38,168 | INFO     | app.engines.decisions | 19:10:38 | Wick Engine | WAIT | Phase IDLE
  - Broker not connected
  Confidence 0.0% | Opportunity 0.0 | Entry Quality 0.0 | Momentum 0.0 | Liquidity 50.0 | Health 50.0
2026-07-01 19:10:38,169 | INFO     | app.engines.decisions | 19:10:38 | Ultra Engine | WAIT | Phase IDLE
  - Broker not connected
  Confidence 0.0% | Opportunity 0.0 | Entry Quality 0.0 | Momentum 0.0 | Liquidity 0.0 | Health 0.0
2026-07-01 19:10:40,171 | INFO     | app.engines.decisions | 19:10:40 | Normal Engine | BLOCKED | Phase IDLE
  - Broker not connected
  Confidence 0.0% | Opportunity 0.0 | Entry Quality 0.0 | Momentum 0.0 | Liquidity 0.0 | Health 0.0
2026-07-01 19:10:40,171 | INFO     | app.engines.decisions | 19:10:40 | Wick Engine | WAIT | Phase IDLE
  - Broker not connected
  Confidence 0.0% | Opportunity 0.0 | Entry Quality 0.0 | Momentum 0.0 | Liquidity 50.0 | Health 50.0
2026-07-01 19:10:40,171 | INFO     | app.engines.decisions | 19:10:40 | Ultra Engine | WAIT | Phase IDLE
  - Broker not connected
  Confidence 0.0% | Opportunity 0.0 | Entry Quality 0.0 | Momentum 0.0 | Liquidity 0.0 | Health 0.0
2026-07-01 19:10:42,172 | INFO     | app.engines.decisions | 19:10:42 | Normal Engine | BLOCKED | Phase IDLE
  - Broker not connected
  Confidence 0.0% | Opportunity 0.0 | Entry Quality 0.0 | Momentum 0.0 | Liquidity 0.0 | Health 0.0
2026-07-01 19:10:42,173 | INFO     | app.engines.decisions | 19:10:42 | Wick Engine | WAIT | Phase IDLE
  - Broker not connected
  Confidence 0.0% | Opportunity 0.0 | Entry Quality 0.0 | Momentum 0.0 | Liquidity 50.0 | Health 50.0
2026-07-01 19:10:42,173 | INFO     | app.engines.decisions | 19:10:42 | Ultra Engine | WAIT | Phase IDLE
  - Broker not connected
  Confidence 0.0% | Opportunity 0.0 | Entry Quality 0.0 | Momentum 0.0 | Liquidity 0.0 | Health 0.0
2026-07-01 19:10:44,175 | INFO     | app.engines.decisions | 19:10:44 | Normal Engine | BLOCKED | Phase IDLE
  - Broker not connected
  Confidence 0.0% | Opportunity 0.0 | Entry Quality 0.0 | Momentum 0.0 | Liquidity 0.0 | Health 0.0
2026-07-01 19:10:44,175 | INFO     | app.engines.decisions | 19:10:44 | Wick Engine | WAIT | Phase IDLE
  - Broker not connected
  Confidence 0.0% | Opportunity 0.0 | Entry Quality 0.0 | Momentum 0.0 | Liquidity 50.0 | Health 50.0
2026-07-01 19:10:44,176 | INFO     | app.engines.decisions | 19:10:44 | Ultra Engine | WAIT | Phase IDLE
  - Broker not connected
  Confidence 0.0% | Opportunity 0.0 | Entry Quality 0.0 | Momentum 0.0 | Liquidity 0.0 | Health 0.0
2026-07-01 19:10:46,177 | INFO     | app.engines.decisions | 19:10:46 | Normal Engine | BLOCKED | Phase IDLE
  - Broker not connected
  Confidence 0.0% | Opportunity 0.0 | Entry Quality 0.0 | Momentum 0.0 | Liquidity 0.0 | Health 0.0
2026-07-01 19:10:46,177 | INFO     | app.engines.decisions | 19:10:46 | Wick Engine | WAIT | Phase IDLE
  - Broker not connected
  Confidence 0.0% | Opportunity 0.0 | Entry Quality 0.0 | Momentum 0.0 | Liquidity 50.0 | Health 50.0
2026-07-01 19:10:46,177 | INFO     | app.engines.decisions | 19:10:46 | Ultra Engine | WAIT | Phase IDLE
  - Broker not connected
  Confidence 0.0% | Opportunity 0.0 | Entry Quality 0.0 | Momentum 0.0 | Liquidity 0.0 | Health 0.0
2026-07-01 19:10:48,180 | INFO     | app.engines.decisions | 19:10:48 | Normal Engine | BLOCKED | Phase IDLE
  - Broker not connected
  Confidence 0.0% | Opportunity 0.0 | Entry Quality 0.0 | Momentum 0.0 | Liquidity 0.0 | Health 0.0
2026-07-01 19:10:48,180 | INFO     | app.engines.decisions | 19:10:48 | Wick Engine | WAIT | Phase IDLE
  - Broker not connected
  Confidence 0.0% | Opportunity 0.0 | Entry Quality 0.0 | Momentum 0.0 | Liquidity 50.0 | Health 50.0
2026-07-01 19:10:48,180 | INFO     | app.engines.decisions | 19:10:48 | Ultra Engine | WAIT | Phase IDLE
  - Broker not connected
  Confidence 0.0% | Opportunity 0.0 | Entry Quality 0.0 | Momentum 0.0 | Liquidity 0.0 | Health 0.0
2026-07-01 19:10:50,183 | INFO     | app.engines.decisions | 19:10:50 | Normal Engine | BLOCKED | Phase IDLE
  - Broker not connected
  Confidence 0.0% | Opportunity 0.0 | Entry Quality 0.0 | Momentum 0.0 | Liquidity 0.0 | Health 0.0
2026-07-01 19:10:50,184 | INFO     | app.engines.decisions | 19:10:50 | Wick Engine | WAIT | Phase IDLE
  - Broker not connected
  Confidence 0.0% | Opportunity 0.0 | Entry Quality 0.0 | Momentum 0.0 | Liquidity 50.0 | Health 50.0
2026-07-01 19:10:50,184 | INFO     | app.engines.decisions | 19:10:50 | Ultra Engine | WAIT | Phase IDLE
  - Broker not connected
  Confidence 0.0% | Opportunity 0.0 | Entry Quality 0.0 | Momentum 0.0 | Liquidity 0.0 | Health 0.0
2026-07-01 19:10:52,186 | INFO     | app.engines.decisions | 19:10:52 | Normal Engine | BLOCKED | Phase IDLE
  - Broker not connected
  Confidence 0.0% | Opportunity 0.0 | Entry Quality 0.0 | Momentum 0.0 | Liquidity 0.0 | Health 0.0
2026-07-01 19:10:52,186 | INFO     | app.engines.decisions | 19:10:52 | Wick Engine | WAIT | Phase IDLE
  - Broker not connected
  Confidence 0.0% | Opportunity 0.0 | Entry Quality 0.0 | Momentum 0.0 | Liquidity 50.0 | Health 50.0
2026-07-01 19:10:52,186 | INFO     | app.engines.decisions | 19:10:52 | Ultra Engine | WAIT | Phase IDLE
  - Broker not connected
  Confidence 0.0% | Opportunity 0.0 | Entry Quality 0.0 | Momentum 0.0 | Liquidity 0.0 | Health 0.0
2026-07-01 19:10:54,187 | INFO     | app.engines.decisions | 19:10:54 | Normal Engine | BLOCKED | Phase IDLE
  - Broker not connected
  Confidence 0.0% | Opportunity 0.0 | Entry Quality 0.0 | Momentum 0.0 | Liquidity 0.0 | Health 0.0
2026-07-01 19:10:54,187 | INFO     | app.engines.decisions | 19:10:54 | Wick Engine | WAIT | Phase IDLE
  - Broker not connected
  Confidence 0.0% | Opportunity 0.0 | Entry Quality 0.0 | Momentum 0.0 | Liquidity 50.0 | Health 50.0
2026-07-01 19:10:54,188 | INFO     | app.engines.decisions | 19:10:54 | Ultra Engine | WAIT | Phase IDLE
  - Broker not connected
  Confidence 0.0% | Opportunity 0.0 | Entry Quality 0.0 | Momentum 0.0 | Liquidity 0.0 | Health 0.0
2026-07-01 19:10:56,190 | INFO     | app.engines.decisions | 19:10:56 | Normal Engine | BLOCKED | Phase IDLE
  - Broker not connected
  Confidence 0.0% | Opportunity 0.0 | Entry Quality 0.0 | Momentum 0.0 | Liquidity 0.0 | Health 0.0
2026-07-01 19:10:56,191 | INFO     | app.engines.decisions | 19:10:56 | Wick Engine | WAIT | Phase IDLE
  - Broker not connected
  Confidence 0.0% | Opportunity 0.0 | Entry Quality 0.0 | Momentum 0.0 | Liquidity 50.0 | Health 50.0
2026-07-01 19:10:56,191 | INFO     | app.engines.decisions | 19:10:56 | Ultra Engine | WAIT | Phase IDLE
  - Broker not connected
  Confidence 0.0% | Opportunity 0.0 | Entry Quality 0.0 | Momentum 0.0 | Liquidity 0.0 | Health 0.0
2026-07-01 19:10:58,192 | INFO     | app.engines.decisions | 19:10:58 | Normal Engine | BLOCKED | Phase IDLE
  - Broker not connected
  Confidence 0.0% | Opportunity 0.0 | Entry Quality 0.0 | Momentum 0.0 | Liquidity 0.0 | Health 0.0
2026-07-01 19:10:58,193 | INFO     | app.engines.decisions | 19:10:58 | Wick Engine | WAIT | Phase IDLE
  - Broker not connected
  Confidence 0.0% | Opportunity 0.0 | Entry Quality 0.0 | Momentum 0.0 | Liquidity 50.0 | Health 50.0
2026-07-01 19:10:58,193 | INFO     | app.engines.decisions | 19:10:58 | Ultra Engine | WAIT | Phase IDLE
  - Broker not connected
  Confidence 0.0% | Opportunity 0.0 | Entry Quality 0.0 | Momentum 0.0 | Liquidity 0.0 | Health 0.0
2026-07-01 19:11:00,194 | INFO     | app.engines.decisions | 19:11:00 | Normal Engine | BLOCKED | Phase IDLE
  - Broker not connected
  Confidence 0.0% | Opportunity 0.0 | Entry Quality 0.0 | Momentum 0.0 | Liquidity 0.0 | Health 0.0
2026-07-01 19:11:00,195 | INFO     | app.engines.decisions | 19:11:00 | Wick Engine | WAIT | Phase IDLE
  - Broker not connected
  Confidence 0.0% | Opportunity 0.0 | Entry Quality 0.0 | Momentum 0.0 | Liquidity 50.0 | Health 50.0
2026-07-01 19:11:00,195 | INFO     | app.engines.decisions | 19:11:00 | Ultra Engine | WAIT | Phase IDLE
  - Broker not connected
  Confidence 0.0% | Opportunity 0.0 | Entry Quality 0.0 | Momentum 0.0 | Liquidity 0.0 | Health 0.0
2026-07-01 19:11:02,197 | INFO     | app.engines.decisions | 19:11:02 | Normal Engine | BLOCKED | Phase IDLE
  - Broker not connected
  Confidence 0.0% | Opportunity 0.0 | Entry Quality 0.0 | Momentum 0.0 | Liquidity 0.0 | Health 0.0
2026-07-01 19:11:02,198 | INFO     | app.engines.decisions | 19:11:02 | Wick Engine | WAIT | Phase IDLE
  - Broker not connected
  Confidence 0.0% | Opportunity 0.0 | Entry Quality 0.0 | Momentum 0.0 | Liquidity 50.0 | Health 50.0
2026-07-01 19:11:02,198 | INFO     | app.engines.decisions | 19:11:02 | Ultra Engine | WAIT | Phase IDLE
  - Broker not connected
  Confidence 0.0% | Opportunity 0.0 | Entry Quality 0.0 | Momentum 0.0 | Liquidity 0.0 | Health 0.0
2026-07-01 19:11:04,200 | INFO     | app.engines.decisions | 19:11:04 | Normal Engine | BLOCKED | Phase IDLE
  - Broker not connected
  Confidence 0.0% | Opportunity 0.0 | Entry Quality 0.0 | Momentum 0.0 | Liquidity 0.0 | Health 0.0
2026-07-01 19:11:04,200 | INFO     | app.engines.decisions | 19:11:04 | Wick Engine | WAIT | Phase IDLE
  - Broker not connected
  Confidence 0.0% | Opportunity 0.0 | Entry Quality 0.0 | Momentum 0.0 | Liquidity 50.0 | Health 50.0
2026-07-01 19:11:04,200 | INFO     | app.engines.decisions | 19:11:04 | Ultra Engine | WAIT | Phase IDLE
  - Broker not connected
  Confidence 0.0% | Opportunity 0.0 | Entry Quality 0.0 | Momentum 0.0 | Liquidity 0.0 | Health 0.0
2026-07-01 19:11:06,203 | INFO     | app.engines.decisions | 19:11:06 | Normal Engine | BLOCKED | Phase IDLE
  - Broker not connected
  Confidence 0.0% | Opportunity 0.0 | Entry Quality 0.0 | Momentum 0.0 | Liquidity 0.0 | Health 0.0
2026-07-01 19:11:06,203 | INFO     | app.engines.decisions | 19:11:06 | Wick Engine | WAIT | Phase IDLE
  - Broker not connected
  Confidence 0.0% | Opportunity 0.0 | Entry Quality 0.0 | Momentum 0.0 | Liquidity 50.0 | Health 50.0
2026-07-01 19:11:06,203 | INFO     | app.engines.decisions | 19:11:06 | Ultra Engine | WAIT | Phase IDLE
  - Broker not connected
  Confidence 0.0% | Opportunity 0.0 | Entry Quality 0.0 | Momentum 0.0 | Liquidity 0.0 | Health 0.0
2026-07-01 19:11:08,205 | INFO     | app.engines.decisions | 19:11:08 | Normal Engine | BLOCKED | Phase IDLE
  - Broker not connected
  Confidence 0.0% | Opportunity 0.0 | Entry Quality 0.0 | Momentum 0.0 | Liquidity 0.0 | Health 0.0
2026-07-01 19:11:08,205 | INFO     | app.engines.decisions | 19:11:08 | Wick Engine | WAIT | Phase IDLE
  - Broker not connected
  Confidence 0.0% | Opportunity 0.0 | Entry Quality 0.0 | Momentum 0.0 | Liquidity 50.0 | Health 50.0
2026-07-01 19:11:08,205 | INFO     | app.engines.decisions | 19:11:08 | Ultra Engine | WAIT | Phase IDLE
  - Broker not connected
  Confidence 0.0% | Opportunity 0.0 | Entry Quality 0.0 | Momentum 0.0 | Liquidity 0.0 | Health 0.0
2026-07-01 19:11:10,206 | INFO     | app.engines.decisions | 19:11:10 | Normal Engine | BLOCKED | Phase IDLE
  - Broker not connected
  Confidence 0.0% | Opportunity 0.0 | Entry Quality 0.0 | Momentum 0.0 | Liquidity 0.0 | Health 0.0
2026-07-01 19:11:10,207 | INFO     | app.engines.decisions | 19:11:10 | Wick Engine | WAIT | Phase IDLE
  - Broker not connected
  Confidence 0.0% | Opportunity 0.0 | Entry Quality 0.0 | Momentum 0.0 | Liquidity 50.0 | Health 50.0
2026-07-01 19:11:10,207 | INFO     | app.engines.decisions | 19:11:10 | Ultra Engine | WAIT | Phase IDLE
  - Broker not connected
  Confidence 0.0% | Opportunity 0.0 | Entry Quality 0.0 | Momentum 0.0 | Liquidity 0.0 | Health 0.0
2026-07-01 19:11:12,209 | INFO     | app.engines.decisions | 19:11:12 | Normal Engine | BLOCKED | Phase IDLE
  - Broker not connected
  Confidence 0.0% | Opportunity 0.0 | Entry Quality 0.0 | Momentum 0.0 | Liquidity 0.0 | Health 0.0
2026-07-01 19:11:12,209 | INFO     | app.engines.decisions | 19:11:12 | Wick Engine | WAIT | Phase IDLE
  - Broker not connected
  Confidence 0.0% | Opportunity 0.0 | Entry Quality 0.0 | Momentum 0.0 | Liquidity 50.0 | Health 50.0
2026-07-01 19:11:12,209 | INFO     | app.engines.decisions | 19:11:12 | Ultra Engine | WAIT | Phase IDLE
  - Broker not connected
  Confidence 0.0% | Opportunity 0.0 | Entry Quality 0.0 | Momentum 0.0 | Liquidity 0.0 | Health 0.0
2026-07-01 19:11:14,209 | INFO     | app.engines.decisions | 19:11:14 | Normal Engine | BLOCKED | Phase IDLE
  - Broker not connected
  Confidence 0.0% | Opportunity 0.0 | Entry Quality 0.0 | Momentum 0.0 | Liquidity 0.0 | Health 0.0
2026-07-01 19:11:14,210 | INFO     | app.engines.decisions | 19:11:14 | Wick Engine | WAIT | Phase IDLE
  - Broker not connected
  Confidence 0.0% | Opportunity 0.0 | Entry Quality 0.0 | Momentum 0.0 | Liquidity 50.0 | Health 50.0
2026-07-01 19:11:14,210 | INFO     | app.engines.decisions | 19:11:14 | Ultra Engine | WAIT | Phase IDLE
  - Broker not connected
  Confidence 0.0% | Opportunity 0.0 | Entry Quality 0.0 | Momentum 0.0 | Liquidity 0.0 | Health 0.0
2026-07-01 19:11:16,212 | INFO     | app.engines.decisions | 19:11:16 | Normal Engine | BLOCKED | Phase IDLE
  - Broker not connected
  Confidence 0.0% | Opportunity 0.0 | Entry Quality 0.0 | Momentum 0.0 | Liquidity 0.0 | Health 0.0
2026-07-01 19:11:16,212 | INFO     | app.engines.decisions | 19:11:16 | Wick Engine | WAIT | Phase IDLE
  - Broker not connected
  Confidence 0.0% | Opportunity 0.0 | Entry Quality 0.0 | Momentum 0.0 | Liquidity 50.0 | Health 50.0
2026-07-01 19:11:16,213 | INFO     | app.engines.decisions | 19:11:16 | Ultra Engine | WAIT | Phase IDLE
  - Broker not connected
  Confidence 0.0% | Opportunity 0.0 | Entry Quality 0.0 | Momentum 0.0 | Liquidity 0.0 | Health 0.0
2026-07-01 19:11:18,214 | INFO     | app.engines.decisions | 19:11:18 | Normal Engine | BLOCKED | Phase IDLE
  - Broker not connected
  Confidence 0.0% | Opportunity 0.0 | Entry Quality 0.0 | Momentum 0.0 | Liquidity 0.0 | Health 0.0
2026-07-01 19:11:18,214 | INFO     | app.engines.decisions | 19:11:18 | Wick Engine | WAIT | Phase IDLE
  - Broker not connected
  Confidence 0.0% | Opportunity 0.0 | Entry Quality 0.0 | Momentum 0.0 | Liquidity 50.0 | Health 50.0
2026-07-01 19:11:18,214 | INFO     | app.engines.decisions | 19:11:18 | Ultra Engine | WAIT | Phase IDLE
  - Broker not connected
  Confidence 0.0% | Opportunity 0.0 | Entry Quality 0.0 | Momentum 0.0 | Liquidity 0.0 | Health 0.0
2026-07-01 19:11:20,217 | INFO     | app.engines.decisions | 19:11:20 | Normal Engine | BLOCKED | Phase IDLE
  - Broker not connected
  Confidence 0.0% | Opportunity 0.0 | Entry Quality 0.0 | Momentum 0.0 | Liquidity 0.0 | Health 0.0
2026-07-01 19:11:20,217 | INFO     | app.engines.decisions | 19:11:20 | Wick Engine | WAIT | Phase IDLE
  - Broker not connected
  Confidence 0.0% | Opportunity 0.0 | Entry Quality 0.0 | Momentum 0.0 | Liquidity 50.0 | Health 50.0
2026-07-01 19:11:20,218 | INFO     | app.engines.decisions | 19:11:20 | Ultra Engine | WAIT | Phase IDLE
  - Broker not connected
  Confidence 0.0% | Opportunity 0.0 | Entry Quality 0.0 | Momentum 0.0 | Liquidity 0.0 | Health 0.0
2026-07-01 19:11:22,219 | INFO     | app.engines.decisions | 19:11:22 | Normal Engine | BLOCKED | Phase IDLE
  - Broker not connected
  Confidence 0.0% | Opportunity 0.0 | Entry Quality 0.0 | Momentum 0.0 | Liquidity 0.0 | Health 0.0
2026-07-01 19:11:22,220 | INFO     | app.engines.decisions | 19:11:22 | Wick Engine | WAIT | Phase IDLE
  - Broker not connected
  Confidence 0.0% | Opportunity 0.0 | Entry Quality 0.0 | Momentum 0.0 | Liquidity 50.0 | Health 50.0
2026-07-01 19:11:22,220 | INFO     | app.engines.decisions | 19:11:22 | Ultra Engine | WAIT | Phase IDLE
  - Broker not connected
  Confidence 0.0% | Opportunity 0.0 | Entry Quality 0.0 | Momentum 0.0 | Liquidity 0.0 | Health 0.0
2026-07-01 19:11:24,222 | INFO     | app.engines.decisions | 19:11:24 | Normal Engine | BLOCKED | Phase IDLE
  - Broker not connected
  Confidence 0.0% | Opportunity 0.0 | Entry Quality 0.0 | Momentum 0.0 | Liquidity 0.0 | Health 0.0
2026-07-01 19:11:24,222 | INFO     | app.engines.decisions | 19:11:24 | Wick Engine | WAIT | Phase IDLE
  - Broker not connected
  Confidence 0.0% | Opportunity 0.0 | Entry Quality 0.0 | Momentum 0.0 | Liquidity 50.0 | Health 50.0
2026-07-01 19:11:24,222 | INFO     | app.engines.decisions | 19:11:24 | Ultra Engine | WAIT | Phase IDLE
  - Broker not connected
  Confidence 0.0% | Opportunity 0.0 | Entry Quality 0.0 | Momentum 0.0 | Liquidity 0.0 | Health 0.0
2026-07-01 19:11:26,223 | INFO     | app.engines.decisions | 19:11:26 | Normal Engine | BLOCKED | Phase IDLE
  - Broker not connected
  Confidence 0.0% | Opportunity 0.0 | Entry Quality 0.0 | Momentum 0.0 | Liquidity 0.0 | Health 0.0
2026-07-01 19:11:26,224 | INFO     | app.engines.decisions | 19:11:26 | Wick Engine | WAIT | Phase IDLE
  - Broker not connected
  Confidence 0.0% | Opportunity 0.0 | Entry Quality 0.0 | Momentum 0.0 | Liquidity 50.0 | Health 50.0
2026-07-01 19:11:26,224 | INFO     | app.engines.decisions | 19:11:26 | Ultra Engine | WAIT | Phase IDLE
  - Broker not connected
  Confidence 0.0% | Opportunity 0.0 | Entry Quality 0.0 | Momentum 0.0 | Liquidity 0.0 | Health 0.0
2026-07-01 19:11:28,225 | INFO     | app.engines.decisions | 19:11:28 | Normal Engine | BLOCKED | Phase IDLE
  - Broker not connected
  Confidence 0.0% | Opportunity 0.0 | Entry Quality 0.0 | Momentum 0.0 | Liquidity 0.0 | Health 0.0
2026-07-01 19:11:28,225 | INFO     | app.engines.decisions | 19:11:28 | Wick Engine | WAIT | Phase IDLE
  - Broker not connected
  Confidence 0.0% | Opportunity 0.0 | Entry Quality 0.0 | Momentum 0.0 | Liquidity 50.0 | Health 50.0
2026-07-01 19:11:28,226 | INFO     | app.engines.decisions | 19:11:28 | Ultra Engine | WAIT | Phase IDLE
  - Broker not connected
  Confidence 0.0% | Opportunity 0.0 | Entry Quality 0.0 | Momentum 0.0 | Liquidity 0.0 | Health 0.0
2026-07-01 19:11:30,227 | INFO     | app.engines.decisions | 19:11:30 | Normal Engine | BLOCKED | Phase IDLE
  - Broker not connected
  Confidence 0.0% | Opportunity 0.0 | Entry Quality 0.0 | Momentum 0.0 | Liquidity 0.0 | Health 0.0
2026-07-01 19:11:30,227 | INFO     | app.engines.decisions | 19:11:30 | Wick Engine | WAIT | Phase IDLE
  - Broker not connected
  Confidence 0.0% | Opportunity 0.0 | Entry Quality 0.0 | Momentum 0.0 | Liquidity 50.0 | Health 50.0
2026-07-01 19:11:30,227 | INFO     | app.engines.decisions | 19:11:30 | Ultra Engine | WAIT | Phase IDLE
  - Broker not connected
  Confidence 0.0% | Opportunity 0.0 | Entry Quality 0.0 | Momentum 0.0 | Liquidity 0.0 | Health 0.0
2026-07-01 19:11:32,230 | INFO     | app.engines.decisions | 19:11:32 | Normal Engine | BLOCKED | Phase IDLE
  - Broker not connected
  Confidence 0.0% | Opportunity 0.0 | Entry Quality 0.0 | Momentum 0.0 | Liquidity 0.0 | Health 0.0
2026-07-01 19:11:32,230 | INFO     | app.engines.decisions | 19:11:32 | Wick Engine | WAIT | Phase IDLE
  - Broker not connected
  Confidence 0.0% | Opportunity 0.0 | Entry Quality 0.0 | Momentum 0.0 | Liquidity 50.0 | Health 50.0
2026-07-01 19:11:32,231 | INFO     | app.engines.decisions | 19:11:32 | Ultra Engine | WAIT | Phase IDLE
  - Broker not connected
  Confidence 0.0% | Opportunity 0.0 | Entry Quality 0.0 | Momentum 0.0 | Liquidity 0.0 | Health 0.0
2026-07-01 19:11:34,233 | INFO     | app.engines.decisions | 19:11:34 | Normal Engine | BLOCKED | Phase IDLE
  - Broker not connected
  Confidence 0.0% | Opportunity 0.0 | Entry Quality 0.0 | Momentum 0.0 | Liquidity 0.0 | Health 0.0
2026-07-01 19:11:34,233 | INFO     | app.engines.decisions | 19:11:34 | Wick Engine | WAIT | Phase IDLE
  - Broker not connected
  Confidence 0.0% | Opportunity 0.0 | Entry Quality 0.0 | Momentum 0.0 | Liquidity 50.0 | Health 50.0
2026-07-01 19:11:34,233 | INFO     | app.engines.decisions | 19:11:34 | Ultra Engine | WAIT | Phase IDLE
  - Broker not connected
  Confidence 0.0% | Opportunity 0.0 | Entry Quality 0.0 | Momentum 0.0 | Liquidity 0.0 | Health 0.0
2026-07-01 19:11:36,235 | INFO     | app.engines.decisions | 19:11:36 | Normal Engine | BLOCKED | Phase IDLE
  - Broker not connected
  Confidence 0.0% | Opportunity 0.0 | Entry Quality 0.0 | Momentum 0.0 | Liquidity 0.0 | Health 0.0
2026-07-01 19:11:36,235 | INFO     | app.engines.decisions | 19:11:36 | Wick Engine | WAIT | Phase IDLE
  - Broker not connected
  Confidence 0.0% | Opportunity 0.0 | Entry Quality 0.0 | Momentum 0.0 | Liquidity 50.0 | Health 50.0
2026-07-01 19:11:36,236 | INFO     | app.engines.decisions | 19:11:36 | Ultra Engine | WAIT | Phase IDLE
  - Broker not connected
  Confidence 0.0% | Opportunity 0.0 | Entry Quality 0.0 | Momentum 0.0 | Liquidity 0.0 | Health 0.0
2026-07-01 19:11:38,237 | INFO     | app.engines.decisions | 19:11:38 | Normal Engine | BLOCKED | Phase IDLE
  - Broker not connected
  Confidence 0.0% | Opportunity 0.0 | Entry Quality 0.0 | Momentum 0.0 | Liquidity 0.0 | Health 0.0
2026-07-01 19:11:38,238 | INFO     | app.engines.decisions | 19:11:38 | Wick Engine | WAIT | Phase IDLE
  - Broker not connected
  Confidence 0.0% | Opportunity 0.0 | Entry Quality 0.0 | Momentum 0.0 | Liquidity 50.0 | Health 50.0
2026-07-01 19:11:38,238 | INFO     | app.engines.decisions | 19:11:38 | Ultra Engine | WAIT | Phase IDLE
  - Broker not connected
  Confidence 0.0% | Opportunity 0.0 | Entry Quality 0.0 | Momentum 0.0 | Liquidity 0.0 | Health 0.0
2026-07-01 19:11:40,242 | INFO     | app.engines.decisions | 19:11:40 | Normal Engine | BLOCKED | Phase IDLE
  - Broker not connected
  Confidence 0.0% | Opportunity 0.0 | Entry Quality 0.0 | Momentum 0.0 | Liquidity 0.0 | Health 0.0
2026-07-01 19:11:40,242 | INFO     | app.engines.decisions | 19:11:40 | Wick Engine | WAIT | Phase IDLE
  - Broker not connected
  Confidence 0.0% | Opportunity 0.0 | Entry Quality 0.0 | Momentum 0.0 | Liquidity 50.0 | Health 50.0
2026-07-01 19:11:40,243 | INFO     | app.engines.decisions | 19:11:40 | Ultra Engine | WAIT | Phase IDLE
  - Broker not connected
  Confidence 0.0% | Opportunity 0.0 | Entry Quality 0.0 | Momentum 0.0 | Liquidity 0.0 | Health 0.0
2026-07-01 19:11:42,244 | INFO     | app.engines.decisions | 19:11:42 | Normal Engine | BLOCKED | Phase IDLE
  - Broker not connected
  Confidence 0.0% | Opportunity 0.0 | Entry Quality 0.0 | Momentum 0.0 | Liquidity 0.0 | Health 0.0
2026-07-01 19:11:42,245 | INFO     | app.engines.decisions | 19:11:42 | Wick Engine | WAIT | Phase IDLE
  - Broker not connected
  Confidence 0.0% | Opportunity 0.0 | Entry Quality 0.0 | Momentum 0.0 | Liquidity 50.0 | Health 50.0
2026-07-01 19:11:42,245 | INFO     | app.engines.decisions | 19:11:42 | Ultra Engine | WAIT | Phase IDLE
  - Broker not connected
  Confidence 0.0% | Opportunity 0.0 | Entry Quality 0.0 | Momentum 0.0 | Liquidity 0.0 | Health 0.0
2026-07-01 19:11:44,246 | INFO     | app.engines.decisions | 19:11:44 | Normal Engine | BLOCKED | Phase IDLE
  - Broker not connected
  Confidence 0.0% | Opportunity 0.0 | Entry Quality 0.0 | Momentum 0.0 | Liquidity 0.0 | Health 0.0
2026-07-01 19:11:44,247 | INFO     | app.engines.decisions | 19:11:44 | Wick Engine | WAIT | Phase IDLE
  - Broker not connected
  Confidence 0.0% | Opportunity 0.0 | Entry Quality 0.0 | Momentum 0.0 | Liquidity 50.0 | Health 50.0
2026-07-01 19:11:44,247 | INFO     | app.engines.decisions | 19:11:44 | Ultra Engine | WAIT | Phase IDLE
  - Broker not connected
  Confidence 0.0% | Opportunity 0.0 | Entry Quality 0.0 | Momentum 0.0 | Liquidity 0.0 | Health 0.0
2026-07-01 19:11:46,249 | INFO     | app.engines.decisions | 19:11:46 | Normal Engine | BLOCKED | Phase IDLE
  - Broker not connected
  Confidence 0.0% | Opportunity 0.0 | Entry Quality 0.0 | Momentum 0.0 | Liquidity 0.0 | Health 0.0
2026-07-01 19:11:46,249 | INFO     | app.engines.decisions | 19:11:46 | Wick Engine | WAIT | Phase IDLE
  - Broker not connected
  Confidence 0.0% | Opportunity 0.0 | Entry Quality 0.0 | Momentum 0.0 | Liquidity 50.0 | Health 50.0
2026-07-01 19:11:46,249 | INFO     | app.engines.decisions | 19:11:46 | Ultra Engine | WAIT | Phase IDLE
  - Broker not connected
  Confidence 0.0% | Opportunity 0.0 | Entry Quality 0.0 | Momentum 0.0 | Liquidity 0.0 | Health 0.0
2026-07-01 19:11:48,252 | INFO     | app.engines.decisions | 19:11:48 | Normal Engine | BLOCKED | Phase IDLE
  - Broker not connected
  Confidence 0.0% | Opportunity 0.0 | Entry Quality 0.0 | Momentum 0.0 | Liquidity 0.0 | Health 0.0
2026-07-01 19:11:48,252 | INFO     | app.engines.decisions | 19:11:48 | Wick Engine | WAIT | Phase IDLE
  - Broker not connected
  Confidence 0.0% | Opportunity 0.0 | Entry Quality 0.0 | Momentum 0.0 | Liquidity 50.0 | Health 50.0
2026-07-01 19:11:48,252 | INFO     | app.engines.decisions | 19:11:48 | Ultra Engine | WAIT | Phase IDLE
  - Broker not connected
  Confidence 0.0% | Opportunity 0.0 | Entry Quality 0.0 | Momentum 0.0 | Liquidity 0.0 | Health 0.0
2026-07-01 19:11:50,254 | INFO     | app.engines.decisions | 19:11:50 | Normal Engine | BLOCKED | Phase IDLE
  - Broker not connected
  Confidence 0.0% | Opportunity 0.0 | Entry Quality 0.0 | Momentum 0.0 | Liquidity 0.0 | Health 0.0
2026-07-01 19:11:50,255 | INFO     | app.engines.decisions | 19:11:50 | Wick Engine | WAIT | Phase IDLE
  - Broker not connected
  Confidence 0.0% | Opportunity 0.0 | Entry Quality 0.0 | Momentum 0.0 | Liquidity 50.0 | Health 50.0
2026-07-01 19:11:50,255 | INFO     | app.engines.decisions | 19:11:50 | Ultra Engine | WAIT | Phase IDLE
  - Broker not connected
  Confidence 0.0% | Opportunity 0.0 | Entry Quality 0.0 | Momentum 0.0 | Liquidity 0.0 | Health 0.0
2026-07-01 19:11:52,256 | INFO     | app.engines.decisions | 19:11:52 | Normal Engine | BLOCKED | Phase IDLE
  - Broker not connected
  Confidence 0.0% | Opportunity 0.0 | Entry Quality 0.0 | Momentum 0.0 | Liquidity 0.0 | Health 0.0
2026-07-01 19:11:52,257 | INFO     | app.engines.decisions | 19:11:52 | Wick Engine | WAIT | Phase IDLE
  - Broker not connected
  Confidence 0.0% | Opportunity 0.0 | Entry Quality 0.0 | Momentum 0.0 | Liquidity 50.0 | Health 50.0
2026-07-01 19:11:52,257 | INFO     | app.engines.decisions | 19:11:52 | Ultra Engine | WAIT | Phase IDLE
  - Broker not connected
  Confidence 0.0% | Opportunity 0.0 | Entry Quality 0.0 | Momentum 0.0 | Liquidity 0.0 | Health 0.0
2026-07-01 19:11:54,258 | INFO     | app.engines.decisions | 19:11:54 | Normal Engine | BLOCKED | Phase IDLE
  - Broker not connected
  Confidence 0.0% | Opportunity 0.0 | Entry Quality 0.0 | Momentum 0.0 | Liquidity 0.0 | Health 0.0
2026-07-01 19:11:54,259 | INFO     | app.engines.decisions | 19:11:54 | Wick Engine | WAIT | Phase IDLE
  - Broker not connected
  Confidence 0.0% | Opportunity 0.0 | Entry Quality 0.0 | Momentum 0.0 | Liquidity 50.0 | Health 50.0
2026-07-01 19:11:54,259 | INFO     | app.engines.decisions | 19:11:54 | Ultra Engine | WAIT | Phase IDLE
  - Broker not connected
  Confidence 0.0% | Opportunity 0.0 | Entry Quality 0.0 | Momentum 0.0 | Liquidity 0.0 | Health 0.0
2026-07-01 19:11:56,260 | INFO     | app.engines.decisions | 19:11:56 | Normal Engine | BLOCKED | Phase IDLE
  - Broker not connected
  Confidence 0.0% | Opportunity 0.0 | Entry Quality 0.0 | Momentum 0.0 | Liquidity 0.0 | Health 0.0
2026-07-01 19:11:56,260 | INFO     | app.engines.decisions | 19:11:56 | Wick Engine | WAIT | Phase IDLE
  - Broker not connected
  Confidence 0.0% | Opportunity 0.0 | Entry Quality 0.0 | Momentum 0.0 | Liquidity 50.0 | Health 50.0
2026-07-01 19:11:56,260 | INFO     | app.engines.decisions | 19:11:56 | Ultra Engine | WAIT | Phase IDLE
  - Broker not connected
  Confidence 0.0% | Opportunity 0.0 | Entry Quality 0.0 | Momentum 0.0 | Liquidity 0.0 | Health 0.0
2026-07-01 19:11:58,262 | INFO     | app.engines.decisions | 19:11:58 | Normal Engine | BLOCKED | Phase IDLE
  - Broker not connected
  Confidence 0.0% | Opportunity 0.0 | Entry Quality 0.0 | Momentum 0.0 | Liquidity 0.0 | Health 0.0
2026-07-01 19:11:58,263 | INFO     | app.engines.decisions | 19:11:58 | Wick Engine | WAIT | Phase IDLE
  - Broker not connected
  Confidence 0.0% | Opportunity 0.0 | Entry Quality 0.0 | Momentum 0.0 | Liquidity 50.0 | Health 50.0
2026-07-01 19:11:58,263 | INFO     | app.engines.decisions | 19:11:58 | Ultra Engine | WAIT | Phase IDLE
  - Broker not connected
  Confidence 0.0% | Opportunity 0.0 | Entry Quality 0.0 | Momentum 0.0 | Liquidity 0.0 | Health 0.0
2026-07-01 19:12:00,265 | INFO     | app.engines.decisions | 19:12:00 | Normal Engine | BLOCKED | Phase IDLE
  - Broker not connected
  Confidence 0.0% | Opportunity 0.0 | Entry Quality 0.0 | Momentum 0.0 | Liquidity 0.0 | Health 0.0
2026-07-01 19:12:00,265 | INFO     | app.engines.decisions | 19:12:00 | Wick Engine | WAIT | Phase IDLE
  - Broker not connected
  Confidence 0.0% | Opportunity 0.0 | Entry Quality 0.0 | Momentum 0.0 | Liquidity 50.0 | Health 50.0
2026-07-01 19:12:00,265 | INFO     | app.engines.decisions | 19:12:00 | Ultra Engine | WAIT | Phase IDLE
  - Broker not connected
  Confidence 0.0% | Opportunity 0.0 | Entry Quality 0.0 | Momentum 0.0 | Liquidity 0.0 | Health 0.0
2026-07-01 19:12:02,267 | INFO     | app.engines.decisions | 19:12:02 | Normal Engine | BLOCKED | Phase IDLE
  - Broker not connected
  Confidence 0.0% | Opportunity 0.0 | Entry Quality 0.0 | Momentum 0.0 | Liquidity 0.0 | Health 0.0
2026-07-01 19:12:02,267 | INFO     | app.engines.decisions | 19:12:02 | Wick Engine | WAIT | Phase IDLE
  - Broker not connected
  Confidence 0.0% | Opportunity 0.0 | Entry Quality 0.0 | Momentum 0.0 | Liquidity 50.0 | Health 50.0
2026-07-01 19:12:02,267 | INFO     | app.engines.decisions | 19:12:02 | Ultra Engine | WAIT | Phase IDLE
  - Broker not connected
  Confidence 0.0% | Opportunity 0.0 | Entry Quality 0.0 | Momentum 0.0 | Liquidity 0.0 | Health 0.0
2026-07-01 19:12:04,269 | INFO     | app.engines.decisions | 19:12:04 | Normal Engine | BLOCKED | Phase IDLE
  - Broker not connected
  Confidence 0.0% | Opportunity 0.0 | Entry Quality 0.0 | Momentum 0.0 | Liquidity 0.0 | Health 0.0
2026-07-01 19:12:04,270 | INFO     | app.engines.decisions | 19:12:04 | Wick Engine | WAIT | Phase IDLE
  - Broker not connected
  Confidence 0.0% | Opportunity 0.0 | Entry Quality 0.0 | Momentum 0.0 | Liquidity 50.0 | Health 50.0
2026-07-01 19:12:04,270 | INFO     | app.engines.decisions | 19:12:04 | Ultra Engine | WAIT | Phase IDLE
  - Broker not connected
  Confidence 0.0% | Opportunity 0.0 | Entry Quality 0.0 | Momentum 0.0 | Liquidity 0.0 | Health 0.0
2026-07-01 19:12:06,271 | INFO     | app.engines.decisions | 19:12:06 | Normal Engine | BLOCKED | Phase IDLE
  - Broker not connected
  Confidence 0.0% | Opportunity 0.0 | Entry Quality 0.0 | Momentum 0.0 | Liquidity 0.0 | Health 0.0
2026-07-01 19:12:06,271 | INFO     | app.engines.decisions | 19:12:06 | Wick Engine | WAIT | Phase IDLE
  - Broker not connected
  Confidence 0.0% | Opportunity 0.0 | Entry Quality 0.0 | Momentum 0.0 | Liquidity 50.0 | Health 50.0
2026-07-01 19:12:06,271 | INFO     | app.engines.decisions | 19:12:06 | Ultra Engine | WAIT | Phase IDLE
  - Broker not connected
  Confidence 0.0% | Opportunity 0.0 | Entry Quality 0.0 | Momentum 0.0 | Liquidity 0.0 | Health 0.0
2026-07-01 19:12:08,273 | INFO     | app.engines.decisions | 19:12:08 | Normal Engine | BLOCKED | Phase IDLE
  - Broker not connected
  Confidence 0.0% | Opportunity 0.0 | Entry Quality 0.0 | Momentum 0.0 | Liquidity 0.0 | Health 0.0
2026-07-01 19:12:08,273 | INFO     | app.engines.decisions | 19:12:08 | Wick Engine | WAIT | Phase IDLE
  - Broker not connected
  Confidence 0.0% | Opportunity 0.0 | Entry Quality 0.0 | Momentum 0.0 | Liquidity 50.0 | Health 50.0
2026-07-01 19:12:08,274 | INFO     | app.engines.decisions | 19:12:08 | Ultra Engine | WAIT | Phase IDLE
  - Broker not connected
  Confidence 0.0% | Opportunity 0.0 | Entry Quality 0.0 | Momentum 0.0 | Liquidity 0.0 | Health 0.0
2026-07-01 19:12:10,275 | INFO     | app.engines.decisions | 19:12:10 | Normal Engine | BLOCKED | Phase IDLE
  - Broker not connected
  Confidence 0.0% | Opportunity 0.0 | Entry Quality 0.0 | Momentum 0.0 | Liquidity 0.0 | Health 0.0
2026-07-01 19:12:10,276 | INFO     | app.engines.decisions | 19:12:10 | Wick Engine | WAIT | Phase IDLE
  - Broker not connected
  Confidence 0.0% | Opportunity 0.0 | Entry Quality 0.0 | Momentum 0.0 | Liquidity 50.0 | Health 50.0
2026-07-01 19:12:10,276 | INFO     | app.engines.decisions | 19:12:10 | Ultra Engine | WAIT | Phase IDLE
  - Broker not connected
  Confidence 0.0% | Opportunity 0.0 | Entry Quality 0.0 | Momentum 0.0 | Liquidity 0.0 | Health 0.0
2026-07-01 19:12:12,278 | INFO     | app.engines.decisions | 19:12:12 | Normal Engine | BLOCKED | Phase IDLE
  - Broker not connected
  Confidence 0.0% | Opportunity 0.0 | Entry Quality 0.0 | Momentum 0.0 | Liquidity 0.0 | Health 0.0
2026-07-01 19:12:12,278 | INFO     | app.engines.decisions | 19:12:12 | Wick Engine | WAIT | Phase IDLE
  - Broker not connected
  Confidence 0.0% | Opportunity 0.0 | Entry Quality 0.0 | Momentum 0.0 | Liquidity 50.0 | Health 50.0
2026-07-01 19:12:12,278 | INFO     | app.engines.decisions | 19:12:12 | Ultra Engine | WAIT | Phase IDLE
  - Broker not connected
  Confidence 0.0% | Opportunity 0.0 | Entry Quality 0.0 | Momentum 0.0 | Liquidity 0.0 | Health 0.0
2026-07-01 19:12:14,280 | INFO     | app.engines.decisions | 19:12:14 | Normal Engine | BLOCKED | Phase IDLE
  - Broker not connected
  Confidence 0.0% | Opportunity 0.0 | Entry Quality 0.0 | Momentum 0.0 | Liquidity 0.0 | Health 0.0
2026-07-01 19:12:14,280 | INFO     | app.engines.decisions | 19:12:14 | Wick Engine | WAIT | Phase IDLE
  - Broker not connected
  Confidence 0.0% | Opportunity 0.0 | Entry Quality 0.0 | Momentum 0.0 | Liquidity 50.0 | Health 50.0
2026-07-01 19:12:14,280 | INFO     | app.engines.decisions | 19:12:14 | Ultra Engine | WAIT | Phase IDLE
  - Broker not connected
  Confidence 0.0% | Opportunity 0.0 | Entry Quality 0.0 | Momentum 0.0 | Liquidity 0.0 | Health 0.0
2026-07-01 19:12:16,282 | INFO     | app.engines.decisions | 19:12:16 | Normal Engine | BLOCKED | Phase IDLE
  - Broker not connected
  Confidence 0.0% | Opportunity 0.0 | Entry Quality 0.0 | Momentum 0.0 | Liquidity 0.0 | Health 0.0
2026-07-01 19:12:16,283 | INFO     | app.engines.decisions | 19:12:16 | Wick Engine | WAIT | Phase IDLE
  - Broker not connected
  Confidence 0.0% | Opportunity 0.0 | Entry Quality 0.0 | Momentum 0.0 | Liquidity 50.0 | Health 50.0
2026-07-01 19:12:16,283 | INFO     | app.engines.decisions | 19:12:16 | Ultra Engine | WAIT | Phase IDLE
  - Broker not connected
  Confidence 0.0% | Opportunity 0.0 | Entry Quality 0.0 | Momentum 0.0 | Liquidity 0.0 | Health 0.0
2026-07-01 19:12:18,285 | INFO     | app.engines.decisions | 19:12:18 | Normal Engine | BLOCKED | Phase IDLE
  - Broker not connected
  Confidence 0.0% | Opportunity 0.0 | Entry Quality 0.0 | Momentum 0.0 | Liquidity 0.0 | Health 0.0
2026-07-01 19:12:18,285 | INFO     | app.engines.decisions | 19:12:18 | Wick Engine | WAIT | Phase IDLE
  - Broker not connected
  Confidence 0.0% | Opportunity 0.0 | Entry Quality 0.0 | Momentum 0.0 | Liquidity 50.0 | Health 50.0
2026-07-01 19:12:18,285 | INFO     | app.engines.decisions | 19:12:18 | Ultra Engine | WAIT | Phase IDLE
  - Broker not connected
  Confidence 0.0% | Opportunity 0.0 | Entry Quality 0.0 | Momentum 0.0 | Liquidity 0.0 | Health 0.0
2026-07-01 19:12:20,288 | INFO     | app.engines.decisions | 19:12:20 | Normal Engine | BLOCKED | Phase IDLE
  - Broker not connected
  Confidence 0.0% | Opportunity 0.0 | Entry Quality 0.0 | Momentum 0.0 | Liquidity 0.0 | Health 0.0
2026-07-01 19:12:20,289 | INFO     | app.engines.decisions | 19:12:20 | Wick Engine | WAIT | Phase IDLE
  - Broker not connected
  Confidence 0.0% | Opportunity 0.0 | Entry Quality 0.0 | Momentum 0.0 | Liquidity 50.0 | Health 50.0
2026-07-01 19:12:20,289 | INFO     | app.engines.decisions | 19:12:20 | Ultra Engine | WAIT | Phase IDLE
  - Broker not connected
  Confidence 0.0% | Opportunity 0.0 | Entry Quality 0.0 | Momentum 0.0 | Liquidity 0.0 | Health 0.0
2026-07-01 19:12:22,290 | INFO     | app.engines.decisions | 19:12:22 | Normal Engine | BLOCKED | Phase IDLE
  - Broker not connected
  Confidence 0.0% | Opportunity 0.0 | Entry Quality 0.0 | Momentum 0.0 | Liquidity 0.0 | Health 0.0
2026-07-01 19:12:22,290 | INFO     | app.engines.decisions | 19:12:22 | Wick Engine | WAIT | Phase IDLE
  - Broker not connected
  Confidence 0.0% | Opportunity 0.0 | Entry Quality 0.0 | Momentum 0.0 | Liquidity 50.0 | Health 50.0
2026-07-01 19:12:22,290 | INFO     | app.engines.decisions | 19:12:22 | Ultra Engine | WAIT | Phase IDLE
  - Broker not connected
  Confidence 0.0% | Opportunity 0.0 | Entry Quality 0.0 | Momentum 0.0 | Liquidity 0.0 | Health 0.0
2026-07-01 19:12:24,292 | INFO     | app.engines.decisions | 19:12:24 | Normal Engine | BLOCKED | Phase IDLE
  - Broker not connected
  Confidence 0.0% | Opportunity 0.0 | Entry Quality 0.0 | Momentum 0.0 | Liquidity 0.0 | Health 0.0
2026-07-01 19:12:24,292 | INFO     | app.engines.decisions | 19:12:24 | Wick Engine | WAIT | Phase IDLE
  - Broker not connected
  Confidence 0.0% | Opportunity 0.0 | Entry Quality 0.0 | Momentum 0.0 | Liquidity 50.0 | Health 50.0
2026-07-01 19:12:24,292 | INFO     | app.engines.decisions | 19:12:24 | Ultra Engine | WAIT | Phase IDLE
  - Broker not connected
  Confidence 0.0% | Opportunity 0.0 | Entry Quality 0.0 | Momentum 0.0 | Liquidity 0.0 | Health 0.0
2026-07-01 19:12:26,293 | INFO     | app.engines.decisions | 19:12:26 | Normal Engine | BLOCKED | Phase IDLE
  - Broker not connected
  Confidence 0.0% | Opportunity 0.0 | Entry Quality 0.0 | Momentum 0.0 | Liquidity 0.0 | Health 0.0
2026-07-01 19:12:26,294 | INFO     | app.engines.decisions | 19:12:26 | Wick Engine | WAIT | Phase IDLE
  - Broker not connected
  Confidence 0.0% | Opportunity 0.0 | Entry Quality 0.0 | Momentum 0.0 | Liquidity 50.0 | Health 50.0
2026-07-01 19:12:26,294 | INFO     | app.engines.decisions | 19:12:26 | Ultra Engine | WAIT | Phase IDLE
  - Broker not connected
  Confidence 0.0% | Opportunity 0.0 | Entry Quality 0.0 | Momentum 0.0 | Liquidity 0.0 | Health 0.0
2026-07-01 19:12:28,296 | INFO     | app.engines.decisions | 19:12:28 | Normal Engine | BLOCKED | Phase IDLE
  - Broker not connected
  Confidence 0.0% | Opportunity 0.0 | Entry Quality 0.0 | Momentum 0.0 | Liquidity 0.0 | Health 0.0
2026-07-01 19:12:28,296 | INFO     | app.engines.decisions | 19:12:28 | Wick Engine | WAIT | Phase IDLE
  - Broker not connected
  Confidence 0.0% | Opportunity 0.0 | Entry Quality 0.0 | Momentum 0.0 | Liquidity 50.0 | Health 50.0
2026-07-01 19:12:28,296 | INFO     | app.engines.decisions | 19:12:28 | Ultra Engine | WAIT | Phase IDLE
  - Broker not connected
  Confidence 0.0% | Opportunity 0.0 | Entry Quality 0.0 | Momentum 0.0 | Liquidity 0.0 | Health 0.0
2026-07-01 19:12:30,298 | INFO     | app.engines.decisions | 19:12:30 | Normal Engine | BLOCKED | Phase IDLE
  - Broker not connected
  Confidence 0.0% | Opportunity 0.0 | Entry Quality 0.0 | Momentum 0.0 | Liquidity 0.0 | Health 0.0
2026-07-01 19:12:30,298 | INFO     | app.engines.decisions | 19:12:30 | Wick Engine | WAIT | Phase IDLE
  - Broker not connected
  Confidence 0.0% | Opportunity 0.0 | Entry Quality 0.0 | Momentum 0.0 | Liquidity 50.0 | Health 50.0
2026-07-01 19:12:30,298 | INFO     | app.engines.decisions | 19:12:30 | Ultra Engine | WAIT | Phase IDLE
  - Broker not connected
  Confidence 0.0% | Opportunity 0.0 | Entry Quality 0.0 | Momentum 0.0 | Liquidity 0.0 | Health 0.0
2026-07-01 19:12:32,300 | INFO     | app.engines.decisions | 19:12:32 | Normal Engine | BLOCKED | Phase IDLE
  - Broker not connected
  Confidence 0.0% | Opportunity 0.0 | Entry Quality 0.0 | Momentum 0.0 | Liquidity 0.0 | Health 0.0
2026-07-01 19:12:32,300 | INFO     | app.engines.decisions | 19:12:32 | Wick Engine | WAIT | Phase IDLE
  - Broker not connected
  Confidence 0.0% | Opportunity 0.0 | Entry Quality 0.0 | Momentum 0.0 | Liquidity 50.0 | Health 50.0
2026-07-01 19:12:32,300 | INFO     | app.engines.decisions | 19:12:32 | Ultra Engine | WAIT | Phase IDLE
  - Broker not connected
  Confidence 0.0% | Opportunity 0.0 | Entry Quality 0.0 | Momentum 0.0 | Liquidity 0.0 | Health 0.0
2026-07-01 19:12:34,302 | INFO     | app.engines.decisions | 19:12:34 | Normal Engine | BLOCKED | Phase IDLE
  - Broker not connected
  Confidence 0.0% | Opportunity 0.0 | Entry Quality 0.0 | Momentum 0.0 | Liquidity 0.0 | Health 0.0
2026-07-01 19:12:34,305 | INFO     | app.engines.decisions | 19:12:34 | Wick Engine | WAIT | Phase IDLE
  - Broker not connected
  Confidence 0.0% | Opportunity 0.0 | Entry Quality 0.0 | Momentum 0.0 | Liquidity 50.0 | Health 50.0
2026-07-01 19:12:34,306 | INFO     | app.engines.decisions | 19:12:34 | Ultra Engine | WAIT | Phase IDLE
  - Broker not connected
  Confidence 0.0% | Opportunity 0.0 | Entry Quality 0.0 | Momentum 0.0 | Liquidity 0.0 | Health 0.0
2026-07-01 19:12:36,308 | INFO     | app.engines.decisions | 19:12:36 | Normal Engine | BLOCKED | Phase IDLE
  - Broker not connected
  Confidence 0.0% | Opportunity 0.0 | Entry Quality 0.0 | Momentum 0.0 | Liquidity 0.0 | Health 0.0
2026-07-01 19:12:36,308 | INFO     | app.engines.decisions | 19:12:36 | Wick Engine | WAIT | Phase IDLE
  - Broker not connected
  Confidence 0.0% | Opportunity 0.0 | Entry Quality 0.0 | Momentum 0.0 | Liquidity 50.0 | Health 50.0
2026-07-01 19:12:36,309 | INFO     | app.engines.decisions | 19:12:36 | Ultra Engine | WAIT | Phase IDLE
  - Broker not connected
  Confidence 0.0% | Opportunity 0.0 | Entry Quality 0.0 | Momentum 0.0 | Liquidity 0.0 | Health 0.0
2026-07-01 19:12:38,310 | INFO     | app.engines.decisions | 19:12:38 | Normal Engine | BLOCKED | Phase IDLE
  - Broker not connected
  Confidence 0.0% | Opportunity 0.0 | Entry Quality 0.0 | Momentum 0.0 | Liquidity 0.0 | Health 0.0
2026-07-01 19:12:38,310 | INFO     | app.engines.decisions | 19:12:38 | Wick Engine | WAIT | Phase IDLE
  - Broker not connected
  Confidence 0.0% | Opportunity 0.0 | Entry Quality 0.0 | Momentum 0.0 | Liquidity 50.0 | Health 50.0
2026-07-01 19:12:38,311 | INFO     | app.engines.decisions | 19:12:38 | Ultra Engine | WAIT | Phase IDLE
  - Broker not connected
  Confidence 0.0% | Opportunity 0.0 | Entry Quality 0.0 | Momentum 0.0 | Liquidity 0.0 | Health 0.0
2026-07-01 19:12:40,313 | INFO     | app.engines.decisions | 19:12:40 | Normal Engine | BLOCKED | Phase IDLE
  - Broker not connected
  Confidence 0.0% | Opportunity 0.0 | Entry Quality 0.0 | Momentum 0.0 | Liquidity 0.0 | Health 0.0
2026-07-01 19:12:40,313 | INFO     | app.engines.decisions | 19:12:40 | Wick Engine | WAIT | Phase IDLE
  - Broker not connected
  Confidence 0.0% | Opportunity 0.0 | Entry Quality 0.0 | Momentum 0.0 | Liquidity 50.0 | Health 50.0
2026-07-01 19:12:40,313 | INFO     | app.engines.decisions | 19:12:40 | Ultra Engine | WAIT | Phase IDLE
  - Broker not connected
  Confidence 0.0% | Opportunity 0.0 | Entry Quality 0.0 | Momentum 0.0 | Liquidity 0.0 | Health 0.0
2026-07-01 19:12:42,315 | INFO     | app.engines.decisions | 19:12:42 | Normal Engine | BLOCKED | Phase IDLE
  - Broker not connected
  Confidence 0.0% | Opportunity 0.0 | Entry Quality 0.0 | Momentum 0.0 | Liquidity 0.0 | Health 0.0
2026-07-01 19:12:42,315 | INFO     | app.engines.decisions | 19:12:42 | Wick Engine | WAIT | Phase IDLE
  - Broker not connected
  Confidence 0.0% | Opportunity 0.0 | Entry Quality 0.0 | Momentum 0.0 | Liquidity 50.0 | Health 50.0
2026-07-01 19:12:42,315 | INFO     | app.engines.decisions | 19:12:42 | Ultra Engine | WAIT | Phase IDLE
  - Broker not connected
  Confidence 0.0% | Opportunity 0.0 | Entry Quality 0.0 | Momentum 0.0 | Liquidity 0.0 | Health 0.0
2026-07-01 19:12:44,316 | INFO     | app.engines.decisions | 19:12:44 | Normal Engine | BLOCKED | Phase IDLE
  - Broker not connected
  Confidence 0.0% | Opportunity 0.0 | Entry Quality 0.0 | Momentum 0.0 | Liquidity 0.0 | Health 0.0
2026-07-01 19:12:44,317 | INFO     | app.engines.decisions | 19:12:44 | Wick Engine | WAIT | Phase IDLE
  - Broker not connected
  Confidence 0.0% | Opportunity 0.0 | Entry Quality 0.0 | Momentum 0.0 | Liquidity 50.0 | Health 50.0
2026-07-01 19:12:44,317 | INFO     | app.engines.decisions | 19:12:44 | Ultra Engine | WAIT | Phase IDLE
  - Broker not connected
  Confidence 0.0% | Opportunity 0.0 | Entry Quality 0.0 | Momentum 0.0 | Liquidity 0.0 | Health 0.0
2026-07-01 19:12:46,319 | INFO     | app.engines.decisions | 19:12:46 | Normal Engine | BLOCKED | Phase IDLE
  - Broker not connected
  Confidence 0.0% | Opportunity 0.0 | Entry Quality 0.0 | Momentum 0.0 | Liquidity 0.0 | Health 0.0
2026-07-01 19:12:46,319 | INFO     | app.engines.decisions | 19:12:46 | Wick Engine | WAIT | Phase IDLE
  - Broker not connected
  Confidence 0.0% | Opportunity 0.0 | Entry Quality 0.0 | Momentum 0.0 | Liquidity 50.0 | Health 50.0
2026-07-01 19:12:46,319 | INFO     | app.engines.decisions | 19:12:46 | Ultra Engine | WAIT | Phase IDLE
  - Broker not connected
  Confidence 0.0% | Opportunity 0.0 | Entry Quality 0.0 | Momentum 0.0 | Liquidity 0.0 | Health 0.0
2026-07-01 19:12:48,320 | INFO     | app.engines.decisions | 19:12:48 | Normal Engine | BLOCKED | Phase IDLE
  - Broker not connected
  Confidence 0.0% | Opportunity 0.0 | Entry Quality 0.0 | Momentum 0.0 | Liquidity 0.0 | Health 0.0
2026-07-01 19:12:48,321 | INFO     | app.engines.decisions | 19:12:48 | Wick Engine | WAIT | Phase IDLE
  - Broker not connected
  Confidence 0.0% | Opportunity 0.0 | Entry Quality 0.0 | Momentum 0.0 | Liquidity 50.0 | Health 50.0
2026-07-01 19:12:48,321 | INFO     | app.engines.decisions | 19:12:48 | Ultra Engine | WAIT | Phase IDLE
  - Broker not connected
  Confidence 0.0% | Opportunity 0.0 | Entry Quality 0.0 | Momentum 0.0 | Liquidity 0.0 | Health 0.0
2026-07-01 19:12:50,322 | INFO     | app.engines.decisions | 19:12:50 | Normal Engine | BLOCKED | Phase IDLE
  - Broker not connected
  Confidence 0.0% | Opportunity 0.0 | Entry Quality 0.0 | Momentum 0.0 | Liquidity 0.0 | Health 0.0
2026-07-01 19:12:50,322 | INFO     | app.engines.decisions | 19:12:50 | Wick Engine | WAIT | Phase IDLE
  - Broker not connected
  Confidence 0.0% | Opportunity 0.0 | Entry Quality 0.0 | Momentum 0.0 | Liquidity 50.0 | Health 50.0
2026-07-01 19:12:50,323 | INFO     | app.engines.decisions | 19:12:50 | Ultra Engine | WAIT | Phase IDLE
  - Broker not connected
  Confidence 0.0% | Opportunity 0.0 | Entry Quality 0.0 | Momentum 0.0 | Liquidity 0.0 | Health 0.0
2026-07-01 19:12:52,325 | INFO     | app.engines.decisions | 19:12:52 | Normal Engine | BLOCKED | Phase IDLE
  - Broker not connected
  Confidence 0.0% | Opportunity 0.0 | Entry Quality 0.0 | Momentum 0.0 | Liquidity 0.0 | Health 0.0
2026-07-01 19:12:52,325 | INFO     | app.engines.decisions | 19:12:52 | Wick Engine | WAIT | Phase IDLE
  - Broker not connected
  Confidence 0.0% | Opportunity 0.0 | Entry Quality 0.0 | Momentum 0.0 | Liquidity 50.0 | Health 50.0
2026-07-01 19:12:52,325 | INFO     | app.engines.decisions | 19:12:52 | Ultra Engine | WAIT | Phase IDLE
  - Broker not connected
  Confidence 0.0% | Opportunity 0.0 | Entry Quality 0.0 | Momentum 0.0 | Liquidity 0.0 | Health 0.0
2026-07-01 19:12:54,327 | INFO     | app.engines.decisions | 19:12:54 | Normal Engine | BLOCKED | Phase IDLE
  - Broker not connected
  Confidence 0.0% | Opportunity 0.0 | Entry Quality 0.0 | Momentum 0.0 | Liquidity 0.0 | Health 0.0
2026-07-01 19:12:54,327 | INFO     | app.engines.decisions | 19:12:54 | Wick Engine | WAIT | Phase IDLE
  - Broker not connected
  Confidence 0.0% | Opportunity 0.0 | Entry Quality 0.0 | Momentum 0.0 | Liquidity 50.0 | Health 50.0
2026-07-01 19:12:54,328 | INFO     | app.engines.decisions | 19:12:54 | Ultra Engine | WAIT | Phase IDLE
  - Broker not connected
  Confidence 0.0% | Opportunity 0.0 | Entry Quality 0.0 | Momentum 0.0 | Liquidity 0.0 | Health 0.0
2026-07-01 19:12:56,330 | INFO     | app.engines.decisions | 19:12:56 | Normal Engine | BLOCKED | Phase IDLE
  - Broker not connected
  Confidence 0.0% | Opportunity 0.0 | Entry Quality 0.0 | Momentum 0.0 | Liquidity 0.0 | Health 0.0
2026-07-01 19:12:56,331 | INFO     | app.engines.decisions | 19:12:56 | Wick Engine | WAIT | Phase IDLE
  - Broker not connected
  Confidence 0.0% | Opportunity 0.0 | Entry Quality 0.0 | Momentum 0.0 | Liquidity 50.0 | Health 50.0
2026-07-01 19:12:56,331 | INFO     | app.engines.decisions | 19:12:56 | Ultra Engine | WAIT | Phase IDLE
  - Broker not connected
  Confidence 0.0% | Opportunity 0.0 | Entry Quality 0.0 | Momentum 0.0 | Liquidity 0.0 | Health 0.0
2026-07-01 19:12:58,333 | INFO     | app.engines.decisions | 19:12:58 | Normal Engine | BLOCKED | Phase IDLE
  - Broker not connected
  Confidence 0.0% | Opportunity 0.0 | Entry Quality 0.0 | Momentum 0.0 | Liquidity 0.0 | Health 0.0
2026-07-01 19:12:58,334 | INFO     | app.engines.decisions | 19:12:58 | Wick Engine | WAIT | Phase IDLE
  - Broker not connected
  Confidence 0.0% | Opportunity 0.0 | Entry Quality 0.0 | Momentum 0.0 | Liquidity 50.0 | Health 50.0
2026-07-01 19:12:58,334 | INFO     | app.engines.decisions | 19:12:58 | Ultra Engine | WAIT | Phase IDLE
  - Broker not connected
  Confidence 0.0% | Opportunity 0.0 | Entry Quality 0.0 | Momentum 0.0 | Liquidity 0.0 | Health 0.0
2026-07-01 19:13:00,335 | INFO     | app.engines.decisions | 19:13:00 | Normal Engine | BLOCKED | Phase IDLE
  - Broker not connected
  Confidence 0.0% | Opportunity 0.0 | Entry Quality 0.0 | Momentum 0.0 | Liquidity 0.0 | Health 0.0
2026-07-01 19:13:00,336 | INFO     | app.engines.decisions | 19:13:00 | Wick Engine | WAIT | Phase IDLE
  - Broker not connected
  Confidence 0.0% | Opportunity 0.0 | Entry Quality 0.0 | Momentum 0.0 | Liquidity 50.0 | Health 50.0
2026-07-01 19:13:00,336 | INFO     | app.engines.decisions | 19:13:00 | Ultra Engine | WAIT | Phase IDLE
  - Broker not connected
  Confidence 0.0% | Opportunity 0.0 | Entry Quality 0.0 | Momentum 0.0 | Liquidity 0.0 | Health 0.0
2026-07-01 19:13:02,338 | INFO     | app.engines.decisions | 19:13:02 | Normal Engine | BLOCKED | Phase IDLE
  - Broker not connected
  Confidence 0.0% | Opportunity 0.0 | Entry Quality 0.0 | Momentum 0.0 | Liquidity 0.0 | Health 0.0
2026-07-01 19:13:02,339 | INFO     | app.engines.decisions | 19:13:02 | Wick Engine | WAIT | Phase IDLE
  - Broker not connected
  Confidence 0.0% | Opportunity 0.0 | Entry Quality 0.0 | Momentum 0.0 | Liquidity 50.0 | Health 50.0
2026-07-01 19:13:02,339 | INFO     | app.engines.decisions | 19:13:02 | Ultra Engine | WAIT | Phase IDLE
  - Broker not connected
  Confidence 0.0% | Opportunity 0.0 | Entry Quality 0.0 | Momentum 0.0 | Liquidity 0.0 | Health 0.0
2026-07-01 19:13:04,341 | INFO     | app.engines.decisions | 19:13:04 | Normal Engine | BLOCKED | Phase IDLE
  - Broker not connected
  Confidence 0.0% | Opportunity 0.0 | Entry Quality 0.0 | Momentum 0.0 | Liquidity 0.0 | Health 0.0
2026-07-01 19:13:04,341 | INFO     | app.engines.decisions | 19:13:04 | Wick Engine | WAIT | Phase IDLE
  - Broker not connected
  Confidence 0.0% | Opportunity 0.0 | Entry Quality 0.0 | Momentum 0.0 | Liquidity 50.0 | Health 50.0
2026-07-01 19:13:04,341 | INFO     | app.engines.decisions | 19:13:04 | Ultra Engine | WAIT | Phase IDLE
  - Broker not connected
  Confidence 0.0% | Opportunity 0.0 | Entry Quality 0.0 | Momentum 0.0 | Liquidity 0.0 | Health 0.0
2026-07-01 19:13:06,343 | INFO     | app.engines.decisions | 19:13:06 | Normal Engine | BLOCKED | Phase IDLE
  - Broker not connected
  Confidence 0.0% | Opportunity 0.0 | Entry Quality 0.0 | Momentum 0.0 | Liquidity 0.0 | Health 0.0
2026-07-01 19:13:06,344 | INFO     | app.engines.decisions | 19:13:06 | Wick Engine | WAIT | Phase IDLE
  - Broker not connected
  Confidence 0.0% | Opportunity 0.0 | Entry Quality 0.0 | Momentum 0.0 | Liquidity 50.0 | Health 50.0
2026-07-01 19:13:06,344 | INFO     | app.engines.decisions | 19:13:06 | Ultra Engine | WAIT | Phase IDLE
  - Broker not connected
  Confidence 0.0% | Opportunity 0.0 | Entry Quality 0.0 | Momentum 0.0 | Liquidity 0.0 | Health 0.0
2026-07-01 19:13:08,345 | INFO     | app.engines.decisions | 19:13:08 | Normal Engine | BLOCKED | Phase IDLE
  - Broker not connected
  Confidence 0.0% | Opportunity 0.0 | Entry Quality 0.0 | Momentum 0.0 | Liquidity 0.0 | Health 0.0
2026-07-01 19:13:08,346 | INFO     | app.engines.decisions | 19:13:08 | Wick Engine | WAIT | Phase IDLE
  - Broker not connected
  Confidence 0.0% | Opportunity 0.0 | Entry Quality 0.0 | Momentum 0.0 | Liquidity 50.0 | Health 50.0
2026-07-01 19:13:08,346 | INFO     | app.engines.decisions | 19:13:08 | Ultra Engine | WAIT | Phase IDLE
  - Broker not connected
  Confidence 0.0% | Opportunity 0.0 | Entry Quality 0.0 | Momentum 0.0 | Liquidity 0.0 | Health 0.0
2026-07-01 19:13:10,348 | INFO     | app.engines.decisions | 19:13:10 | Normal Engine | BLOCKED | Phase IDLE
  - Broker not connected
  Confidence 0.0% | Opportunity 0.0 | Entry Quality 0.0 | Momentum 0.0 | Liquidity 0.0 | Health 0.0
2026-07-01 19:13:10,348 | INFO     | app.engines.decisions | 19:13:10 | Wick Engine | WAIT | Phase IDLE
  - Broker not connected
  Confidence 0.0% | Opportunity 0.0 | Entry Quality 0.0 | Momentum 0.0 | Liquidity 50.0 | Health 50.0
2026-07-01 19:13:10,348 | INFO     | app.engines.decisions | 19:13:10 | Ultra Engine | WAIT | Phase IDLE
  - Broker not connected
  Confidence 0.0% | Opportunity 0.0 | Entry Quality 0.0 | Momentum 0.0 | Liquidity 0.0 | Health 0.0
2026-07-01 19:13:12,350 | INFO     | app.engines.decisions | 19:13:12 | Normal Engine | BLOCKED | Phase IDLE
  - Broker not connected
  Confidence 0.0% | Opportunity 0.0 | Entry Quality 0.0 | Momentum 0.0 | Liquidity 0.0 | Health 0.0
2026-07-01 19:13:12,352 | INFO     | app.engines.decisions | 19:13:12 | Wick Engine | WAIT | Phase IDLE
  - Broker not connected
  Confidence 0.0% | Opportunity 0.0 | Entry Quality 0.0 | Momentum 0.0 | Liquidity 50.0 | Health 50.0
2026-07-01 19:13:12,352 | INFO     | app.engines.decisions | 19:13:12 | Ultra Engine | WAIT | Phase IDLE
  - Broker not connected
  Confidence 0.0% | Opportunity 0.0 | Entry Quality 0.0 | Momentum 0.0 | Liquidity 0.0 | Health 0.0
2026-07-01 19:13:14,353 | INFO     | app.engines.decisions | 19:13:14 | Normal Engine | BLOCKED | Phase IDLE
  - Broker not connected
  Confidence 0.0% | Opportunity 0.0 | Entry Quality 0.0 | Momentum 0.0 | Liquidity 0.0 | Health 0.0
2026-07-01 19:13:14,353 | INFO     | app.engines.decisions | 19:13:14 | Wick Engine | WAIT | Phase IDLE
  - Broker not connected
  Confidence 0.0% | Opportunity 0.0 | Entry Quality 0.0 | Momentum 0.0 | Liquidity 50.0 | Health 50.0
2026-07-01 19:13:14,354 | INFO     | app.engines.decisions | 19:13:14 | Ultra Engine | WAIT | Phase IDLE
  - Broker not connected
  Confidence 0.0% | Opportunity 0.0 | Entry Quality 0.0 | Momentum 0.0 | Liquidity 0.0 | Health 0.0
2026-07-01 19:13:16,355 | INFO     | app.engines.decisions | 19:13:16 | Normal Engine | BLOCKED | Phase IDLE
  - Broker not connected
  Confidence 0.0% | Opportunity 0.0 | Entry Quality 0.0 | Momentum 0.0 | Liquidity 0.0 | Health 0.0
2026-07-01 19:13:16,355 | INFO     | app.engines.decisions | 19:13:16 | Wick Engine | WAIT | Phase IDLE
  - Broker not connected
  Confidence 0.0% | Opportunity 0.0 | Entry Quality 0.0 | Momentum 0.0 | Liquidity 50.0 | Health 50.0
2026-07-01 19:13:16,355 | INFO     | app.engines.decisions | 19:13:16 | Ultra Engine | WAIT | Phase IDLE
  - Broker not connected
  Confidence 0.0% | Opportunity 0.0 | Entry Quality 0.0 | Momentum 0.0 | Liquidity 0.0 | Health 0.0
2026-07-01 19:13:18,357 | INFO     | app.engines.decisions | 19:13:18 | Normal Engine | BLOCKED | Phase IDLE
  - Broker not connected
  Confidence 0.0% | Opportunity 0.0 | Entry Quality 0.0 | Momentum 0.0 | Liquidity 0.0 | Health 0.0
2026-07-01 19:13:18,358 | INFO     | app.engines.decisions | 19:13:18 | Wick Engine | WAIT | Phase IDLE
  - Broker not connected
  Confidence 0.0% | Opportunity 0.0 | Entry Quality 0.0 | Momentum 0.0 | Liquidity 50.0 | Health 50.0
2026-07-01 19:13:18,358 | INFO     | app.engines.decisions | 19:13:18 | Ultra Engine | WAIT | Phase IDLE
  - Broker not connected
  Confidence 0.0% | Opportunity 0.0 | Entry Quality 0.0 | Momentum 0.0 | Liquidity 0.0 | Health 0.0
2026-07-01 19:13:20,359 | INFO     | app.engines.decisions | 19:13:20 | Normal Engine | BLOCKED | Phase IDLE
  - Broker not connected
  Confidence 0.0% | Opportunity 0.0 | Entry Quality 0.0 | Momentum 0.0 | Liquidity 0.0 | Health 0.0
2026-07-01 19:13:20,359 | INFO     | app.engines.decisions | 19:13:20 | Wick Engine | WAIT | Phase IDLE
  - Broker not connected
  Confidence 0.0% | Opportunity 0.0 | Entry Quality 0.0 | Momentum 0.0 | Liquidity 50.0 | Health 50.0
2026-07-01 19:13:20,360 | INFO     | app.engines.decisions | 19:13:20 | Ultra Engine | WAIT | Phase IDLE
  - Broker not connected
  Confidence 0.0% | Opportunity 0.0 | Entry Quality 0.0 | Momentum 0.0 | Liquidity 0.0 | Health 0.0
2026-07-01 19:13:22,361 | INFO     | app.engines.decisions | 19:13:22 | Normal Engine | BLOCKED | Phase IDLE
  - Broker not connected
  Confidence 0.0% | Opportunity 0.0 | Entry Quality 0.0 | Momentum 0.0 | Liquidity 0.0 | Health 0.0
2026-07-01 19:13:22,361 | INFO     | app.engines.decisions | 19:13:22 | Wick Engine | WAIT | Phase IDLE
  - Broker not connected
  Confidence 0.0% | Opportunity 0.0 | Entry Quality 0.0 | Momentum 0.0 | Liquidity 50.0 | Health 50.0
2026-07-01 19:13:22,361 | INFO     | app.engines.decisions | 19:13:22 | Ultra Engine | WAIT | Phase IDLE
  - Broker not connected
  Confidence 0.0% | Opportunity 0.0 | Entry Quality 0.0 | Momentum 0.0 | Liquidity 0.0 | Health 0.0
2026-07-01 19:13:24,362 | INFO     | app.engines.decisions | 19:13:24 | Normal Engine | BLOCKED | Phase IDLE
  - Broker not connected
  Confidence 0.0% | Opportunity 0.0 | Entry Quality 0.0 | Momentum 0.0 | Liquidity 0.0 | Health 0.0
2026-07-01 19:13:24,363 | INFO     | app.engines.decisions | 19:13:24 | Wick Engine | WAIT | Phase IDLE
  - Broker not connected
  Confidence 0.0% | Opportunity 0.0 | Entry Quality 0.0 | Momentum 0.0 | Liquidity 50.0 | Health 50.0
2026-07-01 19:13:24,363 | INFO     | app.engines.decisions | 19:13:24 | Ultra Engine | WAIT | Phase IDLE
  - Broker not connected
  Confidence 0.0% | Opportunity 0.0 | Entry Quality 0.0 | Momentum 0.0 | Liquidity 0.0 | Health 0.0
2026-07-01 19:13:26,365 | INFO     | app.engines.decisions | 19:13:26 | Normal Engine | BLOCKED | Phase IDLE
  - Broker not connected
  Confidence 0.0% | Opportunity 0.0 | Entry Quality 0.0 | Momentum 0.0 | Liquidity 0.0 | Health 0.0
2026-07-01 19:13:26,365 | INFO     | app.engines.decisions | 19:13:26 | Wick Engine | WAIT | Phase IDLE
  - Broker not connected
  Confidence 0.0% | Opportunity 0.0 | Entry Quality 0.0 | Momentum 0.0 | Liquidity 50.0 | Health 50.0
2026-07-01 19:13:26,365 | INFO     | app.engines.decisions | 19:13:26 | Ultra Engine | WAIT | Phase IDLE
  - Broker not connected
  Confidence 0.0% | Opportunity 0.0 | Entry Quality 0.0 | Momentum 0.0 | Liquidity 0.0 | Health 0.0
2026-07-01 19:13:28,367 | INFO     | app.engines.decisions | 19:13:28 | Normal Engine | BLOCKED | Phase IDLE
  - Broker not connected
  Confidence 0.0% | Opportunity 0.0 | Entry Quality 0.0 | Momentum 0.0 | Liquidity 0.0 | Health 0.0
2026-07-01 19:13:28,368 | INFO     | app.engines.decisions | 19:13:28 | Wick Engine | WAIT | Phase IDLE
  - Broker not connected
  Confidence 0.0% | Opportunity 0.0 | Entry Quality 0.0 | Momentum 0.0 | Liquidity 50.0 | Health 50.0
2026-07-01 19:13:28,368 | INFO     | app.engines.decisions | 19:13:28 | Ultra Engine | WAIT | Phase IDLE
  - Broker not connected
  Confidence 0.0% | Opportunity 0.0 | Entry Quality 0.0 | Momentum 0.0 | Liquidity 0.0 | Health 0.0
2026-07-01 19:13:30,369 | INFO     | app.engines.decisions | 19:13:30 | Normal Engine | BLOCKED | Phase IDLE
  - Broker not connected
  Confidence 0.0% | Opportunity 0.0 | Entry Quality 0.0 | Momentum 0.0 | Liquidity 0.0 | Health 0.0
2026-07-01 19:13:30,369 | INFO     | app.engines.decisions | 19:13:30 | Wick Engine | WAIT | Phase IDLE
  - Broker not connected
  Confidence 0.0% | Opportunity 0.0 | Entry Quality 0.0 | Momentum 0.0 | Liquidity 50.0 | Health 50.0
2026-07-01 19:13:30,370 | INFO     | app.engines.decisions | 19:13:30 | Ultra Engine | WAIT | Phase IDLE
  - Broker not connected
  Confidence 0.0% | Opportunity 0.0 | Entry Quality 0.0 | Momentum 0.0 | Liquidity 0.0 | Health 0.0
2026-07-01 19:13:32,371 | INFO     | app.engines.decisions | 19:13:32 | Normal Engine | BLOCKED | Phase IDLE
  - Broker not connected
  Confidence 0.0% | Opportunity 0.0 | Entry Quality 0.0 | Momentum 0.0 | Liquidity 0.0 | Health 0.0
2026-07-01 19:13:32,371 | INFO     | app.engines.decisions | 19:13:32 | Wick Engine | WAIT | Phase IDLE
  - Broker not connected
  Confidence 0.0% | Opportunity 0.0 | Entry Quality 0.0 | Momentum 0.0 | Liquidity 50.0 | Health 50.0
2026-07-01 19:13:32,371 | INFO     | app.engines.decisions | 19:13:32 | Ultra Engine | WAIT | Phase IDLE
  - Broker not connected
  Confidence 0.0% | Opportunity 0.0 | Entry Quality 0.0 | Momentum 0.0 | Liquidity 0.0 | Health 0.0
2026-07-01 19:13:34,372 | INFO     | app.engines.decisions | 19:13:34 | Normal Engine | BLOCKED | Phase IDLE
  - Broker not connected
  Confidence 0.0% | Opportunity 0.0 | Entry Quality 0.0 | Momentum 0.0 | Liquidity 0.0 | Health 0.0
2026-07-01 19:13:34,372 | INFO     | app.engines.decisions | 19:13:34 | Wick Engine | WAIT | Phase IDLE
  - Broker not connected
  Confidence 0.0% | Opportunity 0.0 | Entry Quality 0.0 | Momentum 0.0 | Liquidity 50.0 | Health 50.0
2026-07-01 19:13:34,372 | INFO     | app.engines.decisions | 19:13:34 | Ultra Engine | WAIT | Phase IDLE
  - Broker not connected
  Confidence 0.0% | Opportunity 0.0 | Entry Quality 0.0 | Momentum 0.0 | Liquidity 0.0 | Health 0.0
2026-07-01 19:13:36,374 | INFO     | app.engines.decisions | 19:13:36 | Normal Engine | BLOCKED | Phase IDLE
  - Broker not connected
  Confidence 0.0% | Opportunity 0.0 | Entry Quality 0.0 | Momentum 0.0 | Liquidity 0.0 | Health 0.0
2026-07-01 19:13:36,374 | INFO     | app.engines.decisions | 19:13:36 | Wick Engine | WAIT | Phase IDLE
  - Broker not connected
  Confidence 0.0% | Opportunity 0.0 | Entry Quality 0.0 | Momentum 0.0 | Liquidity 50.0 | Health 50.0
2026-07-01 19:13:36,374 | INFO     | app.engines.decisions | 19:13:36 | Ultra Engine | WAIT | Phase IDLE
  - Broker not connected
  Confidence 0.0% | Opportunity 0.0 | Entry Quality 0.0 | Momentum 0.0 | Liquidity 0.0 | Health 0.0
2026-07-01 19:13:38,377 | INFO     | app.engines.decisions | 19:13:38 | Normal Engine | BLOCKED | Phase IDLE
  - Broker not connected
  Confidence 0.0% | Opportunity 0.0 | Entry Quality 0.0 | Momentum 0.0 | Liquidity 0.0 | Health 0.0
2026-07-01 19:13:38,377 | INFO     | app.engines.decisions | 19:13:38 | Wick Engine | WAIT | Phase IDLE
  - Broker not connected
  Confidence 0.0% | Opportunity 0.0 | Entry Quality 0.0 | Momentum 0.0 | Liquidity 50.0 | Health 50.0
2026-07-01 19:13:38,377 | INFO     | app.engines.decisions | 19:13:38 | Ultra Engine | WAIT | Phase IDLE
  - Broker not connected
  Confidence 0.0% | Opportunity 0.0 | Entry Quality 0.0 | Momentum 0.0 | Liquidity 0.0 | Health 0.0
2026-07-01 19:13:40,378 | INFO     | app.engines.decisions | 19:13:40 | Normal Engine | BLOCKED | Phase IDLE
  - Broker not connected
  Confidence 0.0% | Opportunity 0.0 | Entry Quality 0.0 | Momentum 0.0 | Liquidity 0.0 | Health 0.0
2026-07-01 19:13:40,378 | INFO     | app.engines.decisions | 19:13:40 | Wick Engine | WAIT | Phase IDLE
  - Broker not connected
  Confidence 0.0% | Opportunity 0.0 | Entry Quality 0.0 | Momentum 0.0 | Liquidity 50.0 | Health 50.0
2026-07-01 19:13:40,378 | INFO     | app.engines.decisions | 19:13:40 | Ultra Engine | WAIT | Phase IDLE
  - Broker not connected
  Confidence 0.0% | Opportunity 0.0 | Entry Quality 0.0 | Momentum 0.0 | Liquidity 0.0 | Health 0.0
2026-07-01 19:13:42,380 | INFO     | app.engines.decisions | 19:13:42 | Normal Engine | BLOCKED | Phase IDLE
  - Broker not connected
  Confidence 0.0% | Opportunity 0.0 | Entry Quality 0.0 | Momentum 0.0 | Liquidity 0.0 | Health 0.0
2026-07-01 19:13:42,381 | INFO     | app.engines.decisions | 19:13:42 | Wick Engine | WAIT | Phase IDLE
  - Broker not connected
  Confidence 0.0% | Opportunity 0.0 | Entry Quality 0.0 | Momentum 0.0 | Liquidity 50.0 | Health 50.0
2026-07-01 19:13:42,381 | INFO     | app.engines.decisions | 19:13:42 | Ultra Engine | WAIT | Phase IDLE
  - Broker not connected
  Confidence 0.0% | Opportunity 0.0 | Entry Quality 0.0 | Momentum 0.0 | Liquidity 0.0 | Health 0.0
2026-07-01 19:13:44,382 | INFO     | app.engines.decisions | 19:13:44 | Normal Engine | BLOCKED | Phase IDLE
  - Broker not connected
  Confidence 0.0% | Opportunity 0.0 | Entry Quality 0.0 | Momentum 0.0 | Liquidity 0.0 | Health 0.0
2026-07-01 19:13:44,382 | INFO     | app.engines.decisions | 19:13:44 | Wick Engine | WAIT | Phase IDLE
  - Broker not connected
  Confidence 0.0% | Opportunity 0.0 | Entry Quality 0.0 | Momentum 0.0 | Liquidity 50.0 | Health 50.0
2026-07-01 19:13:44,383 | INFO     | app.engines.decisions | 19:13:44 | Ultra Engine | WAIT | Phase IDLE
  - Broker not connected
  Confidence 0.0% | Opportunity 0.0 | Entry Quality 0.0 | Momentum 0.0 | Liquidity 0.0 | Health 0.0
2026-07-01 19:13:46,384 | INFO     | app.engines.decisions | 19:13:46 | Normal Engine | BLOCKED | Phase IDLE
  - Broker not connected
  Confidence 0.0% | Opportunity 0.0 | Entry Quality 0.0 | Momentum 0.0 | Liquidity 0.0 | Health 0.0
2026-07-01 19:13:46,385 | INFO     | app.engines.decisions | 19:13:46 | Wick Engine | WAIT | Phase IDLE
  - Broker not connected
  Confidence 0.0% | Opportunity 0.0 | Entry Quality 0.0 | Momentum 0.0 | Liquidity 50.0 | Health 50.0
2026-07-01 19:13:46,385 | INFO     | app.engines.decisions | 19:13:46 | Ultra Engine | WAIT | Phase IDLE
  - Broker not connected
  Confidence 0.0% | Opportunity 0.0 | Entry Quality 0.0 | Momentum 0.0 | Liquidity 0.0 | Health 0.0
2026-07-01 19:13:48,388 | INFO     | app.engines.decisions | 19:13:48 | Normal Engine | BLOCKED | Phase IDLE
  - Broker not connected
  Confidence 0.0% | Opportunity 0.0 | Entry Quality 0.0 | Momentum 0.0 | Liquidity 0.0 | Health 0.0
2026-07-01 19:13:48,388 | INFO     | app.engines.decisions | 19:13:48 | Wick Engine | WAIT | Phase IDLE
  - Broker not connected
  Confidence 0.0% | Opportunity 0.0 | Entry Quality 0.0 | Momentum 0.0 | Liquidity 50.0 | Health 50.0
2026-07-01 19:13:48,388 | INFO     | app.engines.decisions | 19:13:48 | Ultra Engine | WAIT | Phase IDLE
  - Broker not connected
  Confidence 0.0% | Opportunity 0.0 | Entry Quality 0.0 | Momentum 0.0 | Liquidity 0.0 | Health 0.0
2026-07-01 19:13:50,390 | INFO     | app.engines.decisions | 19:13:50 | Normal Engine | BLOCKED | Phase IDLE
  - Broker not connected
  Confidence 0.0% | Opportunity 0.0 | Entry Quality 0.0 | Momentum 0.0 | Liquidity 0.0 | Health 0.0
2026-07-01 19:13:50,390 | INFO     | app.engines.decisions | 19:13:50 | Wick Engine | WAIT | Phase IDLE
  - Broker not connected
  Confidence 0.0% | Opportunity 0.0 | Entry Quality 0.0 | Momentum 0.0 | Liquidity 50.0 | Health 50.0
2026-07-01 19:13:50,391 | INFO     | app.engines.decisions | 19:13:50 | Ultra Engine | WAIT | Phase IDLE
  - Broker not connected
  Confidence 0.0% | Opportunity 0.0 | Entry Quality 0.0 | Momentum 0.0 | Liquidity 0.0 | Health 0.0
2026-07-01 19:13:52,392 | INFO     | app.engines.decisions | 19:13:52 | Normal Engine | BLOCKED | Phase IDLE
  - Broker not connected
  Confidence 0.0% | Opportunity 0.0 | Entry Quality 0.0 | Momentum 0.0 | Liquidity 0.0 | Health 0.0
2026-07-01 19:13:52,392 | INFO     | app.engines.decisions | 19:13:52 | Wick Engine | WAIT | Phase IDLE
  - Broker not connected
  Confidence 0.0% | Opportunity 0.0 | Entry Quality 0.0 | Momentum 0.0 | Liquidity 50.0 | Health 50.0
2026-07-01 19:13:52,393 | INFO     | app.engines.decisions | 19:13:52 | Ultra Engine | WAIT | Phase IDLE
  - Broker not connected
  Confidence 0.0% | Opportunity 0.0 | Entry Quality 0.0 | Momentum 0.0 | Liquidity 0.0 | Health 0.0
2026-07-01 19:13:54,394 | INFO     | app.engines.decisions | 19:13:54 | Normal Engine | BLOCKED | Phase IDLE
  - Broker not connected
  Confidence 0.0% | Opportunity 0.0 | Entry Quality 0.0 | Momentum 0.0 | Liquidity 0.0 | Health 0.0
2026-07-01 19:13:54,395 | INFO     | app.engines.decisions | 19:13:54 | Wick Engine | WAIT | Phase IDLE
  - Broker not connected
  Confidence 0.0% | Opportunity 0.0 | Entry Quality 0.0 | Momentum 0.0 | Liquidity 50.0 | Health 50.0
2026-07-01 19:13:54,395 | INFO     | app.engines.decisions | 19:13:54 | Ultra Engine | WAIT | Phase IDLE
  - Broker not connected
  Confidence 0.0% | Opportunity 0.0 | Entry Quality 0.0 | Momentum 0.0 | Liquidity 0.0 | Health 0.0
2026-07-01 19:13:56,397 | INFO     | app.engines.decisions | 19:13:56 | Normal Engine | BLOCKED | Phase IDLE
  - Broker not connected
  Confidence 0.0% | Opportunity 0.0 | Entry Quality 0.0 | Momentum 0.0 | Liquidity 0.0 | Health 0.0
2026-07-01 19:13:56,397 | INFO     | app.engines.decisions | 19:13:56 | Wick Engine | WAIT | Phase IDLE
  - Broker not connected
  Confidence 0.0% | Opportunity 0.0 | Entry Quality 0.0 | Momentum 0.0 | Liquidity 50.0 | Health 50.0
2026-07-01 19:13:56,397 | INFO     | app.engines.decisions | 19:13:56 | Ultra Engine | WAIT | Phase IDLE
  - Broker not connected
  Confidence 0.0% | Opportunity 0.0 | Entry Quality 0.0 | Momentum 0.0 | Liquidity 0.0 | Health 0.0
2026-07-01 19:13:58,399 | INFO     | app.engines.decisions | 19:13:58 | Normal Engine | BLOCKED | Phase IDLE
  - Broker not connected
  Confidence 0.0% | Opportunity 0.0 | Entry Quality 0.0 | Momentum 0.0 | Liquidity 0.0 | Health 0.0
2026-07-01 19:13:58,399 | INFO     | app.engines.decisions | 19:13:58 | Wick Engine | WAIT | Phase IDLE
  - Broker not connected
  Confidence 0.0% | Opportunity 0.0 | Entry Quality 0.0 | Momentum 0.0 | Liquidity 50.0 | Health 50.0
2026-07-01 19:13:58,400 | INFO     | app.engines.decisions | 19:13:58 | Ultra Engine | WAIT | Phase IDLE
  - Broker not connected
  Confidence 0.0% | Opportunity 0.0 | Entry Quality 0.0 | Momentum 0.0 | Liquidity 0.0 | Health 0.0
2026-07-01 19:14:00,401 | INFO     | app.engines.decisions | 19:14:00 | Normal Engine | BLOCKED | Phase IDLE
  - Broker not connected
  Confidence 0.0% | Opportunity 0.0 | Entry Quality 0.0 | Momentum 0.0 | Liquidity 0.0 | Health 0.0
2026-07-01 19:14:00,401 | INFO     | app.engines.decisions | 19:14:00 | Wick Engine | WAIT | Phase IDLE
  - Broker not connected
  Confidence 0.0% | Opportunity 0.0 | Entry Quality 0.0 | Momentum 0.0 | Liquidity 50.0 | Health 50.0
2026-07-01 19:14:00,401 | INFO     | app.engines.decisions | 19:14:00 | Ultra Engine | WAIT | Phase IDLE
  - Broker not connected
  Confidence 0.0% | Opportunity 0.0 | Entry Quality 0.0 | Momentum 0.0 | Liquidity 0.0 | Health 0.0
2026-07-01 19:14:02,403 | INFO     | app.engines.decisions | 19:14:02 | Normal Engine | BLOCKED | Phase IDLE
  - Broker not connected
  Confidence 0.0% | Opportunity 0.0 | Entry Quality 0.0 | Momentum 0.0 | Liquidity 0.0 | Health 0.0
2026-07-01 19:14:02,403 | INFO     | app.engines.decisions | 19:14:02 | Wick Engine | WAIT | Phase IDLE
  - Broker not connected
  Confidence 0.0% | Opportunity 0.0 | Entry Quality 0.0 | Momentum 0.0 | Liquidity 50.0 | Health 50.0
2026-07-01 19:14:02,403 | INFO     | app.engines.decisions | 19:14:02 | Ultra Engine | WAIT | Phase IDLE
  - Broker not connected
  Confidence 0.0% | Opportunity 0.0 | Entry Quality 0.0 | Momentum 0.0 | Liquidity 0.0 | Health 0.0
2026-07-01 19:14:04,405 | INFO     | app.engines.decisions | 19:14:04 | Normal Engine | BLOCKED | Phase IDLE
  - Broker not connected
  Confidence 0.0% | Opportunity 0.0 | Entry Quality 0.0 | Momentum 0.0 | Liquidity 0.0 | Health 0.0
2026-07-01 19:14:04,406 | INFO     | app.engines.decisions | 19:14:04 | Wick Engine | WAIT | Phase IDLE
  - Broker not connected
  Confidence 0.0% | Opportunity 0.0 | Entry Quality 0.0 | Momentum 0.0 | Liquidity 50.0 | Health 50.0
2026-07-01 19:14:04,407 | INFO     | app.engines.decisions | 19:14:04 | Ultra Engine | WAIT | Phase IDLE
  - Broker not connected
  Confidence 0.0% | Opportunity 0.0 | Entry Quality 0.0 | Momentum 0.0 | Liquidity 0.0 | Health 0.0
